0,0,0,41.877,0,41.877,0,0,0,0,0,28.61,-80.598,90,0,0,0,116.36,36.381,0.17,74.405,NaN,NaN,90,0
0.01,0.0020938,0.41877,187.38,0.41877,187.38,0,0,0,0,0,28.61,-80.598,86.328,0,0,0,116.36,36.381,0.17,220.69,NaN,NaN,90,0
0.02,0.015652,2.2929,250.21,2.2929,250.21,0,0,0,0,0,28.61,-80.598,70.646,0,0,0,116.33,36.372,0.17,283.8,NaN,NaN,90,0
0.03,0.051096,4.7959,272.98,4.7959,272.98,0,0,0,0,0,28.61,-80.598,53.711,0,0,0,116.28,36.36,0.16999,306.57,NaN,NaN,90,0
0.04,0.11271,7.5269,295.8,7.5269,295.8,0,0,0,0,0,28.61,-80.598,40.969,0,0,0,116.22,36.343,0.16999,329.35,NaN,NaN,90,0
0.05,0.20277,10.486,318.64,10.486,318.64,0,0,0,0,0,28.61,-80.598,31.953,0,0,0,116.16,36.324,0.16998,352.12,NaN,NaN,90,0
0.06,0.32357,13.674,335.14,13.674,335.14,0,0,0,0,0,28.61,-80.598,25.432,0,0,0,116.1,36.307,0.16997,368.53,NaN,NaN,90,0
0.07,0.47707,17.027,338.58,17.027,338.58,0,0,0,0,0,28.61,-80.598,20.789,0,0,0,116.03,36.288,0.16996,371.82,NaN,NaN,90,0
0.08,0.66427,20.415,341.67,20.415,341.67,0,0,0,0,0,28.61,-80.598,17.472,0,0,0,115.96,36.269,0.16995,374.71,NaN,NaN,90,0
0.09,0.88553,23.833,344.75,23.833,344.75,0,0,0,0,0,28.61,-80.598,15.003,0,0,0,115.89,36.248,0.16994,377.6,NaN,NaN,90,0
0.1,1.1411,27.282,347.83,27.282,347.83,0,0,0,0,0,28.61,-80.598,13.101,0,0,0,115.81,36.227,0.16994,380.49,NaN,NaN,90,0
0.11,1.4313,30.763,350.92,30.763,350.92,0,0,0,0,0,28.61,-80.598,11.526,0,0,0,115.74,36.205,0.16993,383.38,NaN,NaN,90,0
0.12,1.7565,34.275,354,34.275,354,0,0,0,0,0,28.61,-80.598,10.249,0,0,0,115.66,36.184,0.16992,386.21,NaN,NaN,90,0
0.12957,2.1008,37.664,356.89,37.664,356.89,0,0,0,0,0,28.61,-80.598,9.2361,0,0,0,115.59,36.163,0.16991,388.85,NaN,NaN,90,0
0.13828,2.4425,40.774,359.48,40.774,359.48,0,0,0,0,0,28.61,-80.598,8.4517,0,0,0,115.52,36.144,0.1699,391.28,NaN,NaN,90,0
0.14633,2.7822,43.668,361.88,43.668,361.88,0,0,0,0,0,28.61,-80.598,7.8203,0,0,0,115.46,36.125,0.16989,393.52,NaN,NaN,90,0
0.15384,3.1205,46.385,364.11,46.385,364.11,0,0,0,0,0,28.61,-80.598,7.323,0,0,0,115.4,36.108,0.16989,395.63,NaN,NaN,90,0
0.16092,3.4577,48.963,366.24,48.963,366.24,0,0,0,0,1.626,28.61,-80.598,6.9242,0,0,0,115.35,36.092,0.16988,398.19,2.4715,3.99E-04,90,0
0.17153,3.9977,52.854,369.98,52.854,369.98,-9.30E-05,0,9.30E-05,0.017655,1.6998,28.61,-80.598,6.3753,0,3.28E-04,-1.80E-08,115.28,36.073,0.16987,402.02,2.3285,2.91E-04,89.999,-0.0064415
0.18744,4.8858,58.753,375.56,58.753,375.56,-5.93E-04,0,5.93E-04,0.045472,1.7905,28.61,-80.598,5.6769,0,8.77E-04,1.15E-08,115.18,36.044,0.16986,407.77,2.1346,-2.02E-04,89.996,-0.0035305
0.21131,6.3957,67.749,383.92,67.749,383.96,-0.0021989,0,0.0021989,0.089413,1.8811,28.61,-80.598,4.8522,0,0.0018263,0,115.03,36.001,0.16984,416.32,1.8874,1.84E-04,89.984,-0.0013294
0.24712,9.0686,81.565,391.7,81.565,391.7,-0.0066194,0,0.0066194,0.15753,1.8846,28.61,-80.598,3.9388,0,0.003538,2.14E-07,114.81,35.937,0.16981,422.56,1.5897,4.95E-04,89.947,-0.0018246
0.29712,13.638,101.21,396.92,101.21,396.92,-0.016848,-6.49E-08,0.016848,0.25054,1.7576,28.61,-80.598,3.2758,0,0.0065823,2.45E-07,114.47,35.838,0.16977,426.66,1.3621,-4.42E-04,89.849,-7.95E-04
0.34712,19.195,121.1,401.74,121.1,401.74,-0.031278,-2.66E-07,0.031278,0.3191,0.8372,28.61,-80.598,2.561,0,0.010346,8.19E-07,114.06,35.719,0.16972,430.76,1.0963,-1.39E-04,89.684,-2.43E-04
0.39712,25.753,141.22,406.36,141.22,406.36,-0.047684,-8.53E-07,0.047684,0.32352,0.83294,28.61,-80.598,1.9713,0,0.014531,6.61E-07,113.65,35.598,0.16967,434.86,0.86344,-3.94E-05,89.441,8.62E-04
0.44712,33.323,161.57,410.83,161.57,410.83,-0.061804,-2.11E-06,0.061804,0.21898,3.5643,28.61,-80.598,1.3592,0,0.018715,6.85E-07,113.24,35.475,0.16962,438.96,0.6057,3.70E-04,89.118,0.0017618
0.49712,41.916,182.14,414.76,182.14,414.8,-0.066857,-4.22E-06,0.066857,0.047159,7.2986,28.61,-80.598,0.7763,0,0.022208,-5.56E-07,112.83,35.353,0.16957,442.76,0.34694,8.85E-05,88.727,0.00156
0.54712,51.542,202.9,416.27,202.9,416.44,-0.053638,-6.95E-06,0.053638,0.51699,11.627,28.61,-80.598,0.30616,0,0.02439,-1.44E-06,112.41,35.228,0.16952,444.44,0.13069,2.00E-04,88.287,0.0022766
0.59712,62.208,223.74,417.19,223.74,417.49,-0.011288,-9.92E-06,0.011288,1.2163,16.415,28.61,-80.598,0.097116,0,-0.024739,-4.91E-06,111.99,35.102,0.16947,445.72,0.060487,2.22E-04,87.825,0.0035836
0.64712,73.917,244.61,417.81,244.62,418.37,0.07227,-1.18E-05,0.07227,2.1692,21.72,28.61,-80.598,0.50828,0,-0.022449,-1.09E-06,111.57,34.971,0.16942,446.99,0.25589,1.18E-04,87.385,0.0045486
0.69712,86.67,265.51,418.24,265.52,419.03,0.20985,-1.18E-05,0.20985,3.3698,26.138,28.61,-80.598,0.717,0,-0.017281,3.33E-07,111.14,34.841,0.16937,448.27,0.35508,1.70E-04,87.024,0.0047613
0.74712,100.47,286.42,418.5,286.46,419.52,0.41243,-8.57E-06,0.41243,4.7579,29.105,28.61,-80.598,0.7716,0,-0.010006,-2.50E-06,110.72,34.708,0.16932,449.54,0.38214,1.18E-04,86.797,0.0051761
0.79712,115.31,307.34,418.64,307.41,419.75,0.68753,-1.72E-06,0.68753,6.2562,30.475,28.61,-80.598,0.7433,0,-0.0013856,-1.62E-06,110.29,34.575,0.16926,450.81,0.3709,2.44E-04,86.733,0.0058253
0.84712,131.2,328.28,418.77,328.38,419.78,1.0383,7.28E-06,1.0383,7.7621,29.329,28.61,-80.598,0.56675,0,0.0072677,4.11E-06,109.87,34.442,0.16921,452.09,0.28627,3.44E-04,86.84,0.0070994
0.89712,148.14,349.21,417.95,349.34,418.77,1.4619,1.95E-05,1.4619,9.1588,26.155,28.61,-80.598,0.33277,0,0.014091,1.03E-05,109.44,34.307,0.16916,452.6,0.16962,-2.61E-04,87.084,0.0078813
0.94712,166.12,370.11,415.85,370.24,416.37,1.9506,3.86E-05,1.9506,10.343,20.929,28.61,-80.598,0.019624,0,0.017053,1.61E-04,109.02,34.172,0.16911,452.01,0.0075722,-2.28E-04,87.396,0.0065158
0.99712,185.15,390.88,413.45,391.04,413.75,2.4916,6.85E-05,2.4916,11.255,15.529,28.61,-80.598,0.24252,0,-0.014596,9.97E-06,108.59,34.034,0.16906,451.42,0.12947,4.49E-04,87.668,-1.92E-04
1.0471,205.21,411.52,410.76,411.71,410.93,3.0719,1.13E-04,3.0719,11.927,11.701,28.61,-80.598,0.38126,0,-0.0073242,-2.56E-06,108.16,33.894,0.16901,450.82,0.20311,1.66E-04,87.809,-0.0063865
1.0971,226.3,432.05,407.74,432.22,407.87,3.6821,1.78E-04,3.6821,12.472,10.676,28.61,-80.598,0.38368,0,0.0025481,-2.06E-06,107.74,33.754,0.16895,450.22,0.20646,-3.13E-04,87.767,-0.0083504
1.1471,248.41,452.4,404.4,452.59,404.59,4.3199,2.65E-04,4.3199,13.064,13.512,28.61,-80.598,0.22549,0,0.011272,-1.49E-05,107.31,33.614,0.1689,449.63,0.12237,-1.99E-04,87.568,-0.0042498
1.1971,271.54,472.57,400.26,472.77,400.69,4.9921,3.76E-04,4.9921,13.873,18.956,28.61,-80.598,0.013803,0,-0.014478,-1.78E-04,106.88,33.472,0.16885,448.63,0.0088766,3.38E-04,87.303,0.0013236
1.2471,295.66,492.52,392.55,492.75,393.24,5.7116,5.04E-04,5.7116,14.943,23.294,28.61,-80.598,0.16773,0,-0.011012,-2.41E-06,106.45,33.329,0.1688,444.57,0.094739,4.60E-04,87.102,0.0082997
1.2971,320.78,512.11,383.96,512.34,384.91,6.4902,6.43E-04,6.4902,16.22,26.84,28.61,-80.598,0.30269,7.04E-09,-0.0016275,-2.53E-06,106.03,33.187,0.16875,440.02,0.17098,4.20E-04,87.089,0.013634
1.3439,345.14,530.02,376.31,530.31,377.1,7.2779,7.83E-04,7.2779,17.441,24.226,28.61,-80.598,0.20165,1.01E-08,0.0085452,-2.27E-05,105.63,33.049,0.1687,435.53,0.11549,1.93E-04,87.255,0.012387
1.3939,372.15,548.79,376.38,549.08,376.8,8.1778,9.28E-04,8.1778,18.503,18.086,28.61,-80.598,0.010029,1.06E-08,-0.0128,-4.85E-04,105.22,32.909,0.16865,438.68,0.0066129,-3.24E-04,87.479,0.0021244
1.4439,400.03,567.52,382.22,567.85,382.45,9.1227,0.0010541,9.1227,19.25,12.638,28.61,-80.598,0.1779,1.17E-08,-0.0076499,-2.26E-05,104.8,32.765,0.1686,447.21,0.10488,3.57E-04,87.587,-0.007059
1.4939,428.9,586.58,352.69,586.91,352.85,10.1,0.0011625,10.1,19.846,11.097,28.61,-80.598,0.16518,0,0.0021798,-2.76E-05,104.38,32.617,0.16855,424.21,0.09844,-3.30E-04,87.51,-0.0061352
1.5439,458.66,604.13,121.47,604.46,121.6,11.108,0.0012818,11.108,20.496,5.6299,28.61,-80.598,0.028603,0,0.0079256,-1.83E-04,103.97,32.475,0.1685,220.03,0.01666,4.09E-04,87.315,0.0034483
1.5939,489.01,610.17,-86.49,610.53,86.49,12.141,0.0014537,12.141,20.877,0.037707,28.61,-80.598,0.083824,0,-0.0058367,-6.19E-05,103.68,32.371,0.16846,34.996,0.050384,-7.63E-05,87.196,0.0082045
1.6439,519.42,605.87,-124,606.23,124,13.186,0.0016867,13.186,20.908,0.99547,28.61,-80.598,0.112,0,6.35E-04,-2.96E-05,103.55,32.325,0.16845,0.16114,0.067401,-1.04E-05,87.254,5.50E-04
1.6939,549.57,599.74,-122.01,600.1,122.06,14.229,0.0019455,14.229,20.803,3.4685,28.61,-80.598,0.021922,8.89E-09,0.0049209,-8.64E-05,103.53,32.318,0.16844,0,0.012802,-4.48E-04,87.399,-0.01469
1.7439,579.4,593.67,-119.9,594.03,120.04,15.264,0.002197,15.264,20.566,5.7782,28.61,-80.598,0.068039,5.49E-09,-0.003294,-2.10E-05,103.53,32.318,0.16844,0,0.04123,-2.46E-04,87.482,-0.015399
1.7939,608.92,587.73,-117.94,588.09,118.09,16.285,0.0024325,16.285,20.265,5.8927,28.61,-80.598,0.077802,7.52E-09,0.0012768,-1.75E-05,103.53,32.318,0.16844,0,0.047087,-6.93E-05,87.435,-0.0022351
1.8439,638.16,581.89,-116.07,582.22,116.19,17.291,0.0026666,17.291,19.983,5.2507,28.61,-80.598,0.055344,7.56E-09,0.0051186,-6.86E-05,103.53,32.318,0.16844,0,0.033714,4.92E-04,87.301,0.010713
1.8939,667.13,576.12,-114.35,576.48,114.38,18.284,0.0029287,18.284,19.788,2.5116,28.61,-80.598,0.050665,7.16E-09,-0.0053229,-7.32E-05,103.53,32.318,0.16844,0,0.030582,-1.22E-04,87.19,0.018074
1.9439,695.77,570.44,-112.6,570.8,112.61,19.271,0.0032421,19.271,19.686,1.9382,28.61,-80.598,0.074324,0,-0.001607,-4.15E-05,103.53,32.318,0.16844,0,0.044592,1.08E-06,87.158,0.010531
1.9939,724.18,564.86,-110.82,565.22,110.86,20.253,0.0035866,20.253,19.572,2.8001,28.61,-80.598,0.038268,0,0.0014842,-2.73E-05,103.53,32.318,0.16844,0,0.022558,-1.41E-04,87.2,-0.0021055
2.0439,752.26,559.38,-109.04,559.71,109.15,21.227,0.0039357,21.227,19.376,4.9984,28.61,-80.598,0.055331,0,-0.0010661,8.24E-06,103.53,32.318,0.16844,0,0.033214,2.43E-04,87.279,-0.012883
2.0939,780.12,553.97,-107.38,554.3,107.52,22.189,0.0042677,22.189,19.105,5.5331,28.61,-80.598,0.081079,0,0.0026763,1.90E-05,103.53,32.318,0.16844,0,0.048348,-2.90E-04,87.332,-0.0056236
2.1439,807.68,548.62,-105.85,548.95,105.93,23.138,0.0045804,23.138,18.859,4.1598,28.61,-80.598,0.023594,0,0.0054183,9.77E-05,103.53,32.318,0.16844,0,0.01385,2.60E-04,87.331,0.010163
2.1939,834.97,543.37,-104.39,543.7,104.41,24.077,0.0048724,24.077,18.702,2.1807,28.61,-80.598,0.063587,0,-0.0043895,3.48E-05,103.53,32.318,0.16844,0,0.038371,3.76E-04,87.254,0.020595
2.2439,862.01,538.19,-102.92,538.52,102.93,25.01,0.0051565,25.01,18.622,1.2972,28.61,-80.598,0.10281,-6.10E-09,-2.22E-04,1.79E-05,103.53,32.318,0.16844,0,0.060906,3.66E-04,87.138,0.011488
2.2939,888.78,533.07,-101.4,533.4,101.43,25.939,0.0054462,25.939,18.538,2.2707,28.61,-80.598,0.055993,0,0.0036571,3.19E-05,103.53,32.318,0.16844,0,0.033478,1.76E-04,87.051,-0.0064573
2.3439,915.32,528.05,-99.892,528.38,99.964,26.862,0.0057549,26.862,18.385,3.831,28.61,-80.598,0.022324,0,-0.0043984,7.47E-05,103.53,32.318,0.16844,0,0.012952,1.04E-04,87.035,-0.017392
2.3939,941.6,523.1,-98.438,523.43,98.57,27.776,0.0060794,27.776,18.156,5.147,28.61,-80.598,0.090848,0,-0.0017455,1.13E-05,103.53,32.318,0.16844,0,0.05421,8.32E-05,87.085,-0.0184
2.4439,967.62,518.21,-97.119,518.5,97.208,28.677,0.0064163,28.677,17.918,4.1243,28.61,-80.598,0.046926,-5.61E-09,0.0015,2.19E-05,103.53,32.318,0.16844,0,0.028001,4.74E-04,87.16,-0.0052898
2.4939,993.41,513.39,-95.83,513.68,95.892,29.569,0.0067546,29.569,17.732,3.4006,28.61,-80.598,0.013387,0,0.0026972,5.77E-05,103.53,32.318,0.16844,0,0.0077986,-4.75E-04,87.183,0.014407
2.5439,1019,508.63,-94.557,508.92,94.61,30.451,0.0070797,30.451,17.569,3.1387,28.61,-80.598,8.82E-04,0,0.0028651,6.92E-04,103.53,32.318,0.16844,0,4.82E-04,-6.57E-05,87.129,0.024032
2.5939,1044.3,503.94,-93.32,504.23,93.363,31.326,0.007398,31.326,17.422,2.7697,28.61,-80.598,0.017571,0,-0.0025918,6.69E-06,103.53,32.318,0.16844,0,0.010776,2.05E-04,87.048,0.019679
2.6439,1069.4,499.28,-92.126,499.61,92.152,32.194,0.0077234,32.194,17.3,2.1349,28.61,-80.598,0.049628,-6.72E-09,-0.0012276,6.69E-06,103.53,32.318,0.16844,0,0.029268,-3.30E-04,86.999,0.003092
2.6939,1094.2,494.72,-90.958,495.01,90.971,33.058,0.0080696,33.058,17.21,1.5448,28.61,-80.598,0.078541,0,0.0013447,6.25E-06,103.53,32.318,0.16844,0,0.046683,4.40E-04,87.02,-0.011437
2.7439,1118.8,490.19,-89.747,490.49,89.777,33.914,0.0084432,33.914,17.117,2.3127,28.61,-80.598,0.032958,-5.00E-09,0.0036424,-2.35E-05,103.53,32.318,0.16844,0,0.019683,-3.82E-04,87.113,-0.014152
2.7939,1143.2,485.73,-88.556,486.02,88.622,34.767,0.0088228,34.767,16.975,3.356,28.61,-80.598,0.030814,-5.08E-09,-0.003655,-2.09E-05,103.53,32.318,0.16844,0,0.018359,-4.79E-04,87.224,-0.0033956
2.8439,1167.4,481.33,-87.415,481.63,87.51,35.61,0.0091831,35.61,16.786,4.0755,28.61,-80.598,0.077366,-6.05E-09,-0.0015698,-1.70E-05,103.53,32.318,0.16844,0,0.045985,-2.10E-04,87.277,0.012113
2.8939,1191.4,477,-86.322,477.3,86.43,36.447,0.0095135,36.447,16.574,4.2979,28.61,-80.598,0.094464,-7.37E-09,0.0016558,-5.61E-06,103.53,32.318,0.16844,0,0.055288,-4.07E-04,87.243,0.020484
2.9439,1215.1,472.7,-85.282,473,85.374,37.27,0.0098212,37.27,16.366,3.9206,28.61,-80.598,0.074169,0,0.0047365,-3.51E-06,103.53,32.318,0.16844,0,0.043989,3.37E-04,87.154,0.016672
2.9939,1238.6,468.47,-84.36,468.73,84.377,38.084,0.01012,38.084,16.226,1.5509,28.61,-80.598,0.06726,0,-0.0049844,1.40E-05,103.53,32.318,0.16844,0,0.039176,-4.48E-04,87.067,0.0061222
3.0439,1261.9,464.27,-83.389,464.57,83.392,38.894,0.010429,38.894,16.172,0.89859,28.61,-80.598,0.10811,0,-0.0017375,1.43E-05,103.53,32.318,0.16844,0,0.063847,-9.94E-05,87.019,-0.0036129
3.0939,1285.1,460.14,-82.392,460.4,82.398,39.701,0.010766,39.701,16.126,1.0697,28.61,-80.598,0.096492,0,0.0017924,2.25E-05,103.53,32.318,0.16844,0,0.056992,4.61E-04,87.025,-0.0097258
3.1439,1308,456.04,-81.388,456.3,81.407,40.505,0.011137,40.505,16.056,1.8048,28.61,-80.598,0.046102,0,0.0041753,2.86E-05,103.53,32.318,0.16844,0,0.027124,-2.73E-04,87.074,-0.008294
3.1939,1330.7,452,-80.361,452.26,80.44,41.306,0.011531,41.306,15.923,3.5364,28.61,-80.598,0.071287,0,-0.0037984,3.53E-05,103.53,32.318,0.16844,0,0.041513,-7.38E-06,87.136,-3.11E-04
3.2439,1353.2,448,-79.423,448.26,79.521,42.096,0.011925,42.096,15.731,3.9203,28.61,-80.598,0.10283,0,-8.54E-04,3.08E-05,103.53,32.318,0.16844,0,0.060474,5.06E-05,87.171,0.0062349
3.2939,1375.5,444.06,-78.507,444.32,78.629,42.877,0.012298,42.877,15.522,4.3825,28.61,-80.598,0.13718,0,0.0028804,2.90E-05,103.53,32.318,0.16844,0,0.079955,3.80E-04,87.149,0.0082474
3.3439,1397.6,440.16,-77.684,440.42,77.746,43.648,0.01264,43.648,15.33,3.1191,28.61,-80.598,0.053126,0,0.0059503,7.98E-05,103.53,32.318,0.16844,0,0.030434,2.48E-04,87.088,0.0073659
3.3939,1419.5,436.29,-76.86,436.55,76.9,44.413,0.012955,44.413,15.192,2.4813,28.61,-80.598,0.0067729,0,0.0067278,3.63E-04,103.53,32.318,0.16844,0,0.0033289,3.98E-04,87.023,0.0042365
3.4439,1441.2,432.45,-76.122,432.71,76.125,45.171,0.013258,45.171,15.116,0.48232,28.61,-80.598,0.13616,0,-0.0049102,3.08E-05,103.53,32.318,0.16844,0,0.079433,2.63E-04,86.969,-0.0011944
3.4939,1462.7,428.67,-75.325,428.94,75.325,45.925,0.013569,45.925,15.11,0.055636,28.61,-80.598,0.16835,0,-3.11E-04,2.32E-05,103.53,32.318,0.16844,0,0.098004,-1.43E-04,86.937,-0.0050338
3.5439,1484.1,424.93,-74.472,425.2,74.478,46.68,0.013903,46.68,15.091,0.85161,28.61,-80.598,0.10893,0,0.0037147,3.72E-05,103.53,32.318,0.16844,0,0.063022,-2.01E-04,86.927,-0.0048491
3.5939,1505.2,421.23,-73.615,421.49,73.645,47.434,0.014268,47.434,15.019,2.0375,28.61,-80.598,0.015178,0,0.0054458,2.17E-04,103.53,32.318,0.16844,0,0.0091422,1.18E-04,86.935,-0.0033088
3.6439,1526.2,417.55,-72.785,417.81,72.854,48.179,0.014655,48.179,14.887,3.1888,28.61,-80.598,0.07991,0,-0.0045165,3.82E-05,103.53,32.318,0.16844,0,0.0466,-2.16E-04,86.965,0.0010132
3.6939,1547,413.94,-71.985,414.21,72.106,48.921,0.015045,48.921,14.698,4.2379,28.61,-80.598,0.16736,0,-0.0011507,2.16E-05,103.53,32.318,0.16844,0,0.097195,1.29E-04,87.018,0.008979
3.7439,1567.6,410.37,-71.283,410.63,71.362,49.649,0.01542,49.649,14.504,3.3255,28.61,-80.598,0.10165,-6.59E-09,0.0025708,3.08E-05,103.53,32.318,0.16844,0,0.058661,-4.02E-04,87.089,0.015183
3.7939,1588,406.82,-70.623,407.05,70.65,50.371,0.015772,50.371,14.373,1.9093,28.61,-80.598,0.010002,-6.56E-09,-0.003739,2.91E-04,103.53,32.318,0.16844,0,0.0054694,4.79E-04,87.15,0.017631
3.8439,1608.3,403.31,-69.931,403.54,69.951,51.089,0.016104,51.089,14.288,1.6108,28.61,-80.598,0.034864,-5.96E-09,-0.003062,5.66E-05,103.53,32.318,0.16844,0,0.019967,-4.20E-04,87.174,0.011057
3.8939,1628.3,399.8,-69.232,400.07,69.255,51.801,0.016427,51.801,14.204,1.7759,28.61,-80.598,0.021321,-5.96E-09,-0.0023249,1.68E-05,103.53,32.318,0.16844,0,0.012635,-2.63E-05,87.141,-0.0021495
3.9439,1648.3,396.36,-68.576,396.62,68.589,52.51,0.016753,52.51,14.128,1.2586,28.61,-80.598,0.064143,-6.46E-09,-0.0013321,6.51E-06,103.53,32.318,0.16844,0,0.037055,2.96E-04,87.047,-0.014198
3.9939,1668,392.95,-67.91,393.21,67.923,53.215,0.01709,53.215,14.067,1.2513,28.61,-80.598,0.063329,-7.18E-09,2.63E-04,8.97E-06,103.53,32.318,0.16844,0,0.036821,2.24E-04,86.899,-0.017244
4.0439,1687.6,389.57,-67.234,389.83,67.257,53.914,0.017441,53.914,13.994,1.6882,28.61,-80.598,0.022271,-7.12E-09,0.0013011,2.52E-05,103.53,32.318,0.16844,0,0.012594,8.43E-05,86.742,-0.013312
4.0939,1707,386.25,-66.555,386.48,66.601,54.613,0.017805,54.613,13.889,2.5197,28.61,-80.598,0.055928,-7.20E-09,-9.35E-04,2.54E-05,103.53,32.318,0.16844,0,0.031943,-2.34E-04,86.63,-0.0063201
4.1439,1726.2,382.94,-65.928,383.17,65.974,55.305,0.018177,55.305,13.762,2.4802,28.61,-80.598,0.056678,-7.98E-09,4.33E-04,3.01E-05,103.53,32.318,0.16844,0,0.032396,3.59E-04,86.604,0.0019317
4.1939,1745.2,379.66,-65.351,379.89,65.374,55.991,0.018545,55.991,13.657,1.6611,28.61,-80.598,0.015842,-7.96E-09,-9.34E-04,2.24E-05,103.53,32.318,0.16844,0,0.0091009,1.90E-04,86.675,0.0091356
4.2439,1764.1,376.38,-64.757,376.64,64.774,56.67,0.018899,56.67,13.58,1.4882,28.61,-80.598,0.029992,-8.34E-09,-3.55E-04,1.13E-05,103.53,32.318,0.16844,0,0.01741,1.96E-04,86.808,0.011687
4.2939,1782.9,373.16,-64.127,373.43,64.167,57.346,0.019238,57.346,13.487,2.3213,28.61,-80.598,0.052237,-8.63E-09,5.27E-04,-1.21E-05,103.53,32.318,0.16844,0,0.030576,-2.07E-04,86.942,0.0099154
4.3439,1801.4,369.98,-63.586,370.21,63.602,58.018,0.019569,58.018,13.387,1.5043,28.61,-80.598,0.024427,-8.52E-09,-9.78E-04,2.16E-05,103.53,32.318,0.16844,0,0.014579,-3.20E-04,87.022,0.0053241
4.3939,1819.9,366.8,-63.064,367.06,63.064,58.688,0.019899,58.688,13.337,0.55394,28.61,-80.598,0.11624,-9.21E-09,5.02E-04,1.90E-05,103.53,32.318,0.16844,0,0.066712,2.49E-04,87.022,5.16E-04
4.4439,1838.1,363.68,-62.49,363.91,62.493,59.354,0.020233,59.354,13.306,0.82119,28.61,-80.598,0.086815,-8.71E-09,0.0026829,1.70E-05,103.53,32.318,0.16844,0,0.04984,-4.76E-04,86.946,-0.001555
4.4939,1856.2,360.56,-61.873,360.79,61.909,60.016,0.020578,60.016,13.232,2.1949,28.61,-80.598,0.059129,-8.35E-09,-0.003026,2.35E-05,103.53,32.318,0.16844,0,0.033882,-1.94E-04,86.82,-0.0032545
4.5439,1874.2,357.48,-61.306,357.71,61.371,60.676,0.020932,60.676,13.104,2.793,28.61,-80.598,0.12756,-8.15E-09,-0.0010931,1.96E-05,103.53,32.318,0.16844,0,0.073298,4.58E-04,86.676,-0.0027946
4.5939,1892,354.43,-60.787,354.66,60.843,61.325,0.02129,61.325,12.968,2.5817,28.61,-80.598,0.11033,-8.43E-09,0.0012609,1.93E-05,103.53,32.318,0.16844,0,0.063302,4.90E-04,86.553,2.71E-04
4.6439,1909.6,351.41,-60.299,351.64,60.331,61.972,0.021645,61.972,12.852,1.9996,28.61,-80.598,0.050303,-8.40E-09,0.0027997,3.59E-05,103.53,32.318,0.16844,0,0.029106,-1.14E-04,86.489,0.0029188
4.6939,1927.1,348.39,-59.813,348.62,59.833,62.612,0.021991,62.612,12.763,1.5934,28.61,-80.598,0.0062693,-8.58E-09,0.0032816,3.10E-04,103.53,32.318,0.16844,0,0.0032881,-1.62E-04,86.525,0.0064363
4.7439,1944.5,345.41,-59.344,345.67,59.354,63.248,0.022326,63.248,12.697,1.0573,28.61,-80.598,0.054106,-8.60E-09,-0.0028643,3.30E-05,103.53,32.318,0.16844,0,0.031586,3.17E-04,86.646,0.0092757
4.7939,1961.7,342.45,-58.862,342.72,58.871,63.881,0.02265,63.881,12.649,0.91827,28.61,-80.598,0.070078,-8.82E-09,-0.0017173,1.79E-05,103.53,32.318,0.16844,0,0.040773,-3.48E-04,86.798,0.0090596
4.8439,1978.7,339.53,-58.389,339.76,58.392,64.514,0.022967,64.514,12.606,0.80377,28.61,-80.598,0.082517,-8.87E-09,-3.67E-04,9.38E-06,103.53,32.318,0.16844,0,0.047536,5.62E-05,86.945,0.0065681
4.8939,1995.6,336.61,-57.89,336.88,57.907,65.144,0.023279,65.144,12.555,1.2945,28.61,-80.598,0.022436,-8.85E-09,5.89E-04,5.76E-06,103.53,32.318,0.16844,0,0.012432,2.59E-04,87.045,0.0014387
4.9439,2012.4,333.76,-57.405,333.99,57.431,65.768,0.023589,65.768,12.478,1.758,28.61,-80.598,0.037088,-8.89E-09,-4.48E-04,-6.06E-06,103.53,32.318,0.16844,0,0.021812,-3.21E-04,87.056,-0.0043565
4.9939,2029,330.91,-56.919,331.14,56.969,66.391,0.0239,66.391,12.375,2.362,28.61,-80.598,0.11483,-9.18E-09,8.07E-04,-1.20E-05,103.53,32.318,0.16844,0,0.066042,-1.89E-04,86.978,-0.0076784
5.0439,2045.5,328.05,-56.486,328.28,56.526,67.005,0.024215,67.005,12.261,2.0763,28.61,-80.598,0.082844,-8.15E-09,0.0024979,-1.76E-05,103.53,32.318,0.16844,0,0.048016,-2.40E-04,86.838,-0.0087837
5.0939,2061.8,325.24,-56.135,325.47,56.135,67.618,0.024535,67.618,12.197,0.42953,28.61,-80.598,0.12476,-7.95E-09,-0.0022603,-4.14E-06,103.53,32.318,0.16844,0,0.071419,8.43E-05,86.673,-0.0076098
5.1439,2078,322.44,-55.709,322.67,55.709,68.228,0.024863,68.228,12.183,0.31956,28.61,-80.598,0.13903,-7.91E-09,-2.62E-05,-1.44E-06,103.53,32.318,0.16844,0,0.079899,3.85E-04,86.524,-0.0047122
5.1939,2094.1,319.67,-55.259,319.9,55.266,68.835,0.025197,68.835,12.156,0.7749,28.61,-80.598,0.077659,-6.97E-09,0.0016762,-3.66E-07,103.53,32.318,0.16844,0,0.044229,3.14E-04,86.421,-6.02E-04
5.2439,2110,316.92,-54.787,317.15,54.82,69.442,0.025535,69.442,12.092,1.8157,28.61,-80.598,0.066165,-7.08E-09,-0.001798,1.27E-05,103.53,32.318,0.16844,0,0.037553,-7.69E-05,86.385,0.0032607
5.2939,2125.8,314.19,-54.386,314.42,54.413,70.043,0.025875,70.043,12.002,1.6567,28.61,-80.598,0.050064,-7.11E-09,-8.18E-04,1.18E-05,103.53,32.318,0.16844,0,0.028764,-4.63E-04,86.405,0.0053996
5.3439,2141.4,311.48,-53.973,311.71,54.006,70.643,0.02621,70.643,11.915,1.8577,28.61,-80.598,0.082472,-6.84E-09,1.06E-04,1.55E-05,103.53,32.318,0.16844,0,0.046893,-4.29E-04,86.452,0.0059856
5.3939,2156.9,308.79,-53.579,309.02,53.612,71.237,0.026538,71.237,11.821,1.8835,28.61,-80.598,0.090063,-7.14E-09,0.0013716,2.22E-05,103.53,32.318,0.16844,0,0.051385,-3.67E-05,86.499,0.0041706
5.4439,2172.3,306.12,-53.219,306.35,53.235,71.824,0.026853,71.824,11.74,1.3177,28.61,-80.598,0.011443,-7.13E-09,0.002129,1.59E-04,103.53,32.318,0.16844,0,0.0060362,1.68E-04,86.541,6.11E-04
5.4939,2187.5,303.47,-52.874,303.69,52.877,72.411,0.027156,72.411,11.691,0.62979,28.61,-80.598,0.088344,-7.32E-09,-0.001603,1.86E-05,103.53,32.318,0.16844,0,0.050994,-1.42E-04,86.564,-0.0025115
5.5439,2202.6,300.83,-52.507,301.06,52.51,72.995,0.027448,72.995,11.665,0.47146,28.61,-80.598,0.11115,-7.46E-09,-1.92E-04,1.37E-05,103.53,32.318,0.16844,0,0.06361,-2.18E-04,86.565,-0.0040504
5.5939,2217.6,298.22,-52.139,298.44,52.139,73.576,0.027732,73.576,11.643,0.46401,28.61,-80.598,0.11049,-7.16E-09,0.0012875,1.92E-05,103.53,32.318,0.16844,0,0.06346,4.51E-04,86.561,-0.0034715
5.6439,2232.4,295.62,-51.749,295.85,51.759,74.157,0.028013,74.157,11.609,0.92582,28.61,-80.598,0.035896,-7.18E-09,0.0022856,2.95E-05,103.53,32.318,0.16844,0,0.02068,-4.39E-04,86.568,-0.0022049
5.6939,2247.1,293.04,-51.345,293.27,51.378,74.738,0.028297,74.738,11.539,1.88,28.61,-80.598,0.11962,-7.09E-09,-0.0017805,-6.99E-06,103.53,32.318,0.16844,0,0.068065,3.61E-04,86.576,-9.94E-04
5.7439,2261.7,290.49,-50.971,290.71,51.027,75.312,0.028588,75.312,11.431,2.3829,28.61,-80.598,0.20563,-7.78E-09,3.22E-04,-1.18E-05,103.53,32.318,0.16844,0,0.11777,3.55E-04,86.572,-4.73E-04
5.7939,2276.2,287.95,-50.61,288.17,50.686,75.879,0.02889,75.879,11.301,2.7846,28.61,-80.598,0.27524,-7.37E-09,0.003309,-1.56E-05,103.53,32.318,0.16844,0,0.15677,4.24E-05,86.554,-1.57E-04
5.8439,2290.6,285.42,-50.308,285.64,50.348,76.44,0.029203,76.44,11.178,1.9896,28.61,-80.598,0.14865,-8.18E-09,0.0059787,-3.03E-05,103.53,32.318,0.16844,0,0.083887,-3.90E-04,86.527,-1.33E-04
5.8939,2304.8,282.91,-50.01,283.13,50.03,76.998,0.029527,76.998,11.095,1.3722,28.61,-80.598,0.043988,-8.16E-09,0.0070802,-7.99E-05,103.53,32.318,0.16844,0,0.024319,-2.52E-04,86.493,9.41E-04
5.9439,2318.8,280.42,-49.728,280.64,49.731,77.552,0.02986,77.552,11.045,0.64249,28.61,-80.598,0.085061,-8.18E-09,-0.0068335,-3.79E-05,103.53,32.318,0.16844,0,0.049339,2.95E-05,86.457,0.0015571
5.9939,2332.8,277.94,-49.423,278.16,49.423,78.104,0.030197,78.104,11.02,0.42976,28.61,-80.598,0.12629,-8.40E-09,-0.0055577,-1.38E-05,103.53,32.318,0.16844,0,0.07262,-4.86E-04,86.416,7.81E-04
6.0439,2346.6,275.48,-49.121,275.7,49.121,78.655,0.030534,78.655,11.003,0.23823,28.61,-80.598,0.1635,-8.82E-09,-0.0039176,-6.03E-06,103.53,32.318,0.16844,0,0.093861,-4.92E-04,86.37,2.85E-05
6.0939,2360.3,273.03,-48.796,273.25,48.799,79.203,0.030867,79.203,10.987,0.45646,28.61,-80.598,0.12614,-9.16E-09,-0.0022721,-4.67E-07,103.53,32.318,0.16844,0,0.071913,-3.36E-04,86.319,-8.53E-05
6.1439,2373.9,270.6,-48.51,270.82,48.51,79.754,0.031194,79.754,10.971,0.15374,28.61,-80.598,0.18184,-8.93E-09,-6.47E-04,-2.11E-06,103.53,32.318,0.16844,0,0.10361,-1.71E-04,86.283,-5.20E-04
6.1939,2387.4,268.18,-48.196,268.41,48.199,80.302,0.031514,80.302,10.961,0.29088,28.61,-80.598,0.15535,-8.77E-09,0.0011978,-8.02E-06,103.53,32.318,0.16844,0,0.08849,3.33E-04,86.263,-0.0016395
6.2439,2400.8,265.78,-47.871,266,47.877,80.85,0.031826,80.85,10.937,0.70528,28.61,-80.598,0.073018,-8.87E-09,0.0024126,-1.91E-05,103.53,32.318,0.16844,0,0.041586,-3.63E-04,86.245,-0.0025603
6.2939,2414,263.39,-47.549,263.62,47.566,81.394,0.032132,81.394,10.89,1.1747,28.61,-80.598,0.024649,-8.89E-09,-0.0026652,-6.75E-05,103.53,32.318,0.16844,0,0.014626,-4.90E-04,86.223,-0.0030959
6.3439,2427.1,261.02,-47.267,261.25,47.277,81.936,0.032433,81.936,10.832,1.0745,28.61,-80.598,0.011248,-8.81E-09,-0.0024231,-6.73E-05,103.53,32.318,0.16844,0,0.0069916,1.78E-04,86.182,-0.0027441
6.3939,2440.1,258.67,-46.906,258.89,46.972,82.477,0.032731,82.477,10.747,2.4764,28.61,-80.598,0.29994,-8.95E-09,-0.0010192,-1.74E-05,103.53,32.318,0.16844,0,0.17046,9.87E-05,86.114,-0.0018229
6.4439,2453,256.33,-46.637,256.55,46.693,83.012,0.033031,83.012,10.622,2.328,28.61,-80.598,0.27866,-9.10E-09,0.0019489,-1.60E-05,103.53,32.318,0.16844,0,0.15811,3.08E-04,86.021,-4.18E-04
6.4939,2465.7,254.01,-46.371,254.22,46.421,83.54,0.033337,83.54,10.509,2.1882,28.61,-80.598,0.25559,-9.87E-09,0.00447,-2.18E-05,103.53,32.318,0.16844,0,0.14496,-4.99E-04,85.918,0.0014427
6.5439,2478.3,251.69,-46.093,251.91,46.152,84.062,0.033652,84.062,10.396,2.3371,28.61,-80.598,0.29007,-1.03E-08,0.0069874,-2.16E-05,103.53,32.318,0.16844,0,0.164,2.75E-04,85.825,0.0036386
6.5939,2490.9,249.4,-45.86,249.61,45.896,84.58,0.03397,84.58,10.291,1.8129,28.61,-80.598,0.17874,-1.00E-08,0.0091818,-3.30E-05,103.53,32.318,0.16844,0,0.099714,2.19E-04,85.755,0.005366
6.6439,2503.3,247.11,-45.636,247.32,45.656,85.092,0.034298,85.092,10.215,1.243,28.61,-80.598,0.050057,-1.03E-08,0.010183,-1.09E-04,103.53,32.318,0.16844,0,0.026362,-2.36E-04,85.712,0.0047349
6.6939,2515.6,244.83,-45.407,245.04,45.417,85.6,0.034636,85.6,10.161,0.92054,28.61,-80.598,0.028469,-1.03E-08,-0.010225,-1.61E-04,103.53,32.318,0.16844,0,0.018083,-2.45E-05,85.706,0.0027777
6.7439,2527.8,242.57,-45.213,242.78,45.213,86.109,0.034974,86.109,10.133,0.18481,28.61,-80.598,0.2041,-1.01E-08,-0.009227,-1.99E-05,103.53,32.318,0.16844,0,0.11701,-2.84E-04,85.741,1.72E-04
6.7939,2539.9,240.31,-45.016,240.52,45.016,86.614,0.035318,86.614,10.139,0.38238,28.61,-80.598,0.34255,-9.28E-09,-0.0068599,-1.07E-05,103.53,32.318,0.16844,0,0.1945,-1.48E-04,85.804,-0.0026973
6.8439,2551.8,238.06,-44.783,238.28,44.787,87.123,0.035666,87.123,10.162,0.49698,28.61,-80.598,0.37613,-9.50E-09,-0.00382,-9.02E-06,103.53,32.318,0.16844,0,0.21334,4.20E-04,85.88,-0.0055794
6.8939,2563.6,235.83,-44.521,236.05,44.521,87.631,0.036014,87.631,10.181,0.22876,28.61,-80.598,0.31642,-9.70E-09,-9.60E-04,-1.24E-05,103.53,32.318,0.16844,0,0.17932,-4.64E-05,85.957,-0.0079632
6.9439,2575.4,233.61,-44.272,233.84,44.272,88.14,0.036362,88.14,10.19,0.11239,28.61,-80.598,0.28876,-9.72E-09,0.0014501,-8.33E-06,103.53,32.318,0.16844,0,0.16355,3.65E-04,86.024,-0.0095914
6.9939,2587,231.4,-44.029,231.63,44.029,88.648,0.036706,88.648,10.194,0.048799,28.61,-80.598,0.27101,-9.27E-09,0.0036478,-1.14E-05,103.53,32.318,0.16844,0,0.15336,8.53E-05,86.064,-0.0097978
7.0439,2598.5,229.21,-43.743,229.44,43.75,89.16,0.037047,89.16,10.182,0.59344,28.61,-80.598,0.10145,-9.26E-09,0.0051362,-3.40E-05,103.53,32.318,0.16844,0,0.056915,3.69E-04,86.062,-0.0085063
7.0939,2609.9,227.03,-43.494,227.26,43.504,89.669,0.037382,89.669,10.145,0.84662,28.61,-80.598,0.025829,-9.18E-09,0.0055669,-1.41E-04,103.53,32.318,0.16844,0,0.014508,-4.82E-05,86.017,-0.0067488
7.1439,2621.2,224.86,-43.284,225.09,43.291,90.174,0.037713,90.174,10.107,0.61549,28.61,-80.598,0.078747,-9.18E-09,0.0059105,-4.61E-05,103.53,32.318,0.16844,0,0.043804,4.76E-04,85.943,-0.0038108
7.1939,2632.4,222.7,-43.025,222.93,43.038,90.679,0.038041,90.679,10.065,1.1565,28.61,-80.598,0.080581,-9.18E-09,-0.0059704,-4.86E-05,103.53,32.318,0.16844,0,0.046539,3.75E-04,85.856,-6.53E-04
7.2439,2643.5,220.56,-42.772,220.78,42.805,91.181,0.038363,91.181,9.9938,1.6587,28.61,-80.598,0.23239,-9.11E-09,-0.004831,-1.95E-05,103.53,32.318,0.16844,0,0.13222,1.21E-04,85.762,0.0017519
7.2939,2654.5,218.43,-42.52,218.65,42.585,91.677,0.038684,91.677,9.8944,2.3196,28.61,-80.598,0.42962,-9.17E-09,-0.0025291,-1.54E-05,103.53,32.318,0.16844,0,0.24225,3.55E-05,85.665,0.0032298
7.3439,2665.4,216.31,-42.306,216.53,42.375,92.169,0.039003,92.169,9.7736,2.4282,28.61,-80.598,0.47388,-8.88E-09,6.08E-04,-1.51E-05,103.53,32.318,0.16844,0,0.26765,6.66E-05,85.563,0.0040939
7.3939,2676.1,214.19,-42.133,214.41,42.175,92.654,0.039324,92.654,9.6657,1.8401,28.61,-80.598,0.31603,-9.23E-09,0.003308,-1.41E-05,103.53,32.318,0.16844,0,0.17805,2.27E-04,85.448,0.0042911
7.4439,2686.8,212.09,-41.946,212.31,41.975,93.136,0.039646,93.136,9.5794,1.6377,28.61,-80.598,0.26257,-9.22E-09,0.005163,-1.50E-05,103.53,32.318,0.16844,0,0.14793,-3.94E-04,85.324,0.0041702
7.4939,2697.3,210,-41.788,210.21,41.801,93.612,0.039974,93.612,9.5131,0.97326,28.61,-80.598,0.062057,-9.26E-09,0.0062452,-4.85E-05,103.53,32.318,0.16844,0,0.034242,1.35E-04,85.193,0.0035104
7.5439,2707.8,207.91,-41.611,208.13,41.617,94.088,0.040305,94.088,9.4718,0.72566,28.61,-80.598,0.017056,-9.27E-09,-0.0063328,-1.67E-04,103.53,32.318,0.16844,0,0.010334,-4.61E-04,85.063,0.0023997
7.5939,2718.1,205.84,-41.43,206.05,41.437,94.56,0.04064,94.56,9.4396,0.55833,28.61,-80.598,0.072834,-9.26E-09,-0.0060436,-3.80E-05,103.53,32.318,0.16844,0,0.042055,1.33E-04,84.952,8.05E-04
7.6439,2728.3,203.77,-41.27,203.99,41.27,95.033,0.040981,95.033,9.4203,0.214,28.61,-80.598,0.18812,-9.13E-09,-0.0052593,-1.19E-05,103.53,32.318,0.16844,0,0.1071,4.15E-04,84.883,-8.14E-04
7.6939,2738.5,201.71,-41.073,201.93,41.073,95.502,0.041322,95.502,9.4072,0.35587,28.61,-80.598,0.14361,-9.15E-09,-0.0042179,-1.37E-05,103.53,32.318,0.16844,0,0.081876,-4.00E-04,84.868,-0.0024829
7.7439,2748.5,199.66,-40.886,199.88,40.889,95.971,0.04167,95.971,9.3885,0.38655,28.61,-80.598,0.13426,-9.23E-09,-0.0034179,-1.16E-05,103.53,32.318,0.16844,0,0.076018,-4.50E-04,84.904,-0.0042948
7.7939,2758.5,197.62,-40.689,197.84,40.692,96.44,0.042018,96.44,9.3642,0.60446,28.61,-80.598,0.057754,-9.25E-09,-0.0028449,-5.03E-06,103.53,32.318,0.16844,0,0.033153,-2.45E-04,84.971,-0.0055835
7.8439,2768.3,195.59,-40.535,195.82,40.535,96.909,0.042365,96.909,9.3402,0.30459,28.61,-80.598,0.16344,-9.40E-09,-0.0022719,-3.33E-06,103.53,32.318,0.16844,0,0.092507,3.05E-04,85.044,-0.0061262
7.8939,2778,193.57,-40.374,193.8,40.374,97.375,0.042717,97.375,9.3307,0.090771,28.61,-80.598,0.24052,-9.35E-09,-0.0011529,-1.87E-06,103.53,32.318,0.16844,0,0.13603,1.34E-05,85.105,-0.0060641
7.9439,2787.6,191.56,-40.19,191.78,40.19,97.841,0.043064,97.841,9.3245,0.1982,28.61,-80.598,0.20059,-9.31E-09,5.51E-05,-4.51E-06,103.53,32.318,0.16844,0,0.11299,1.40E-04,85.143,-0.0057639
7.9939,2797.2,189.55,-39.993,189.78,39.997,98.307,0.043412,98.307,9.3074,0.4958,28.61,-80.598,0.085107,-9.38E-09,8.17E-04,-7.71E-06,103.53,32.318,0.16844,0,0.047992,3.60E-04,85.159,-0.0048862
8.0439,2806.6,187.56,-39.813,187.79,39.816,98.773,0.043757,98.773,9.2782,0.66217,28.61,-80.598,0.014664,-9.37E-09,0.0010596,-3.99E-05,103.53,32.318,0.16844,0,0.0078724,-6.24E-05,85.152,-0.0037639
8.0939,2815.9,185.57,-39.636,185.8,39.642,99.236,0.044101,99.236,9.2421,0.76444,28.61,-80.598,0.033267,-9.39E-09,-0.0010079,-1.52E-05,103.53,32.318,0.16844,0,0.018616,2.47E-04,85.128,-0.0025839
8.1439,2825.2,183.59,-39.491,183.82,39.495,99.698,0.044442,99.698,9.2096,0.51663,28.61,-80.598,0.061135,-9.38E-09,0.0010415,-6.45E-06,103.53,32.318,0.16844,0,0.03444,9.49E-05,85.087,-0.0012059
8.1939,2834.3,181.62,-39.318,181.85,39.324,100.16,0.044783,100.16,9.1811,0.65394,28.61,-80.598,0.002451,-9.37E-09,-0.0011964,-2.41E-04,103.53,32.318,0.16844,0,0.0013851,-4.95E-04,85.024,6.96E-05
8.2439,2843.3,179.66,-39.134,179.89,39.147,100.61,0.045121,100.61,9.1401,1.0047,28.61,-80.598,0.15939,-9.34E-09,-8.55E-04,-7.74E-06,103.53,32.318,0.16844,0,0.089754,-1.17E-04,84.944,0.0010995
8.2939,2852.3,177.71,-38.983,177.94,38.996,101.07,0.045456,101.07,9.0909,0.9107,28.61,-80.598,0.12857,-9.34E-09,-1.53E-04,-7.00E-06,103.53,32.318,0.16844,0,0.07222,-2.27E-04,84.852,0.0015556
8.3439,2861.1,175.76,-38.812,175.99,38.829,101.52,0.045794,101.52,9.0407,1.138,28.61,-80.598,0.23757,-9.31E-09,6.35E-04,-5.70E-06,103.53,32.318,0.16844,0,0.13453,-4.22E-04,84.746,0.0017275
8.3939,2869.8,173.83,-38.658,174.06,38.678,101.98,0.046129,101.98,8.9816,1.1941,28.61,-80.598,0.2728,-9.20E-09,0.0017741,-5.53E-06,103.53,32.318,0.16844,0,0.15375,-3.52E-05,84.638,0.0018808
8.4439,2878.5,171.9,-38.507,172.13,38.527,102.42,0.046463,102.42,8.9213,1.2238,28.61,-80.598,0.29619,-9.33E-09,0.0029924,-5.16E-06,103.53,32.318,0.16844,0,0.16621,-1.37E-04,84.535,0.0018138
8.4939,2887,169.97,-38.363,170.21,38.383,102.87,0.046801,102.87,8.8599,1.2176,28.61,-80.598,0.30264,-9.39E-09,0.0042463,-7.94E-06,103.53,32.318,0.16844,0,0.17037,2.25E-04,84.438,0.0015908
8.5439,2895.5,168.06,-38.241,168.29,38.251,103.31,0.047139,103.31,8.8061,0.91385,28.61,-80.598,0.16532,-9.36E-09,0.0052274,-1.33E-05,103.53,32.318,0.16844,0,0.092762,-5.03E-06,84.342,0.001411
8.5939,2903.8,166.15,-38.107,166.38,38.117,103.75,0.047477,103.75,8.7631,0.82602,28.61,-80.598,0.12668,-9.39E-09,0.0057832,-1.84E-05,103.53,32.318,0.16844,0,0.070297,-6.76E-05,84.254,0.001302
8.6439,2912.1,164.25,-37.969,164.48,37.979,104.18,0.047818,104.18,8.7221,0.81988,28.61,-80.598,0.12737,-9.42E-09,0.0062661,-2.16E-05,103.53,32.318,0.16844,0,0.070231,2.48E-04,84.191,0.001164
8.6939,2920.2,162.35,-37.841,162.59,37.848,104.62,0.048163,104.62,8.6834,0.71745,28.61,-80.598,0.077412,-9.43E-09,0.0066555,-3.85E-05,103.53,32.318,0.16844,0,0.041925,2.06E-04,84.155,9.61E-04
8.7439,2928.3,160.47,-37.73,160.7,37.733,105.05,0.04851,105.05,8.6535,0.46434,28.61,-80.598,0.056801,-9.43E-09,-0.0066942,-4.63E-05,103.53,32.318,0.16844,0,0.033698,1.20E-04,84.145,5.06E-04
8.7939,2936.3,158.58,-37.615,158.82,37.615,105.49,0.048858,105.49,8.6352,0.27441,28.61,-80.598,0.1614,-9.41E-09,-0.0062782,-1.50E-05,103.53,32.318,0.16844,0,0.092956,4.37E-04,84.158,-3.79E-05
8.8439,2944.2,156.7,-37.513,156.94,37.513,105.92,0.049213,105.92,8.6283,0.0055361,28.61,-80.598,0.31872,-9.42E-09,-0.0054226,-5.37E-06,103.53,32.318,0.16844,0,0.18116,-1.91E-04,84.19,-6.61E-04
8.8939,2952,154.83,-37.388,155.07,37.388,106.35,0.049567,106.35,8.6306,0.051801,28.61,-80.598,0.34952,-9.43E-09,-0.0042338,-3.67E-06,103.53,32.318,0.16844,0,0.19754,3.44E-04,84.226,-0.0013395
8.9439,2959.6,152.96,-37.274,153.21,37.274,106.78,0.049925,106.78,8.6358,0.17047,28.61,-80.598,0.42183,-9.39E-09,-0.002934,-4.23E-06,103.53,32.318,0.16844,0,0.23715,4.66E-04,84.251,-0.0020183
8.9939,2967.3,151.1,-37.139,151.35,37.142,107.21,0.050282,107.21,8.6427,0.079629,28.61,-80.598,0.37308,-9.42E-09,-0.0016009,-4.39E-06,103.53,32.318,0.16844,0,0.21024,3.79E-05,84.253,-0.0026682
9.0439,2974.8,149.25,-37.008,149.5,37.008,107.64,0.050643,107.64,8.6447,0.0038671,28.61,-80.598,0.32945,-9.41E-09,-4.71E-04,-5.74E-06,103.53,32.318,0.16844,0,0.18543,-2.93E-04,84.226,-0.0032189
9.0939,2982.2,147.4,-36.867,147.65,36.867,108.07,0.051007,108.08,8.6398,0.21284,28.61,-80.598,0.19391,-9.39E-09,3.67E-04,-5.35E-06,103.53,32.318,0.16844,0,0.109,-3.88E-04,84.165,-0.0038325
9.1439,2989.5,145.56,-36.732,145.82,36.732,108.51,0.051371,108.51,8.6253,0.36063,28.61,-80.598,0.093908,-9.38E-09,8.01E-04,-7.37E-06,103.53,32.318,0.16844,0,0.05304,-9.38E-05,84.074,-0.004351
9.1939,2996.8,143.73,-36.611,143.99,36.614,108.94,0.051732,108.94,8.6066,0.37336,28.61,-80.598,0.078524,-9.37E-09,0.0010487,-8.62E-06,103.53,32.318,0.16844,0,0.043769,-2.45E-04,83.954,-0.0046882
9.2439,3003.9,141.9,-36.496,142.16,36.499,109.37,0.052096,109.37,8.5869,0.42215,28.61,-80.598,0.037734,-9.37E-09,0.0012225,-1.52E-05,103.53,32.318,0.16844,0,0.020732,-2.54E-04,83.806,-0.0049389
9.2939,3010.9,140.08,-36.348,140.34,36.358,109.8,0.052461,109.8,8.5558,0.85518,28.61,-80.598,0.27466,-9.38E-09,-9.22E-04,-2.61E-06,103.53,32.318,0.16844,0,0.15421,-1.23E-04,83.634,-0.0049607
9.3439,3017.9,138.26,-36.237,138.53,36.247,110.22,0.052822,110.22,8.5102,0.93825,28.61,-80.598,0.34885,-9.36E-09,-2.36E-05,-2.39E-06,103.53,32.318,0.16844,0,0.19597,-4.51E-04,83.448,-0.0048126
9.3939,3024.8,136.46,-36.138,136.72,36.148,110.65,0.053182,110.65,8.4652,0.83973,28.61,-80.598,0.29437,-9.35E-09,8.55E-04,-1.38E-06,103.53,32.318,0.16844,0,0.16538,2.57E-04,83.257,-0.0044503
9.4439,3031.5,134.65,-36.047,134.91,36.056,111.07,0.053543,111.07,8.4265,0.70971,28.61,-80.598,0.21191,-9.36E-09,0.00152,5.00E-08,103.53,32.318,0.16844,0,0.11953,-1.31E-04,83.064,-0.0038832
9.4939,3038.2,132.85,-35.935,133.12,35.945,111.49,0.053904,111.49,8.3878,0.85715,28.61,-80.598,0.33736,-9.37E-09,0.0021957,-2.12E-06,103.53,32.318,0.16844,0,0.18935,-2.87E-04,82.874,-0.0031162
9.5439,3044.8,131.06,-35.833,131.32,35.843,111.91,0.054265,111.91,8.3448,0.84469,28.61,-80.598,0.34262,-9.34E-09,0.0030559,-2.76E-06,103.53,32.318,0.16844,0,0.19238,-1.42E-04,82.695,-0.0023371
9.5939,3051.3,129.27,-35.738,129.53,35.748,112.33,0.054626,112.33,8.3031,0.83123,28.61,-80.598,0.34643,-9.31E-09,0.0038837,-3.13E-06,103.53,32.318,0.16844,0,0.194,2.90E-04,82.536,-0.0014546
9.6439,3057.7,127.48,-35.643,127.75,35.653,112.74,0.054987,112.74,8.2621,0.80659,28.61,-80.598,0.3403,-9.28E-09,0.0046874,-4.48E-06,103.53,32.318,0.16844,0,0.1893,-9.81E-05,82.394,-5.17E-04
9.6939,3064.1,125.71,-35.548,125.97,35.558,113.15,0.055348,113.15,8.2215,0.81696,28.61,-80.598,0.36274,-9.28E-09,0.0054811,-7.13E-06,103.53,32.318,0.16844,0,0.20182,4.65E-04,82.264,4.49E-04
9.7439,3070.3,123.93,-35.453,124.2,35.463,113.56,0.055709,113.56,8.1804,0.81726,28.61,-80.598,0.37678,-9.28E-09,0.0062941,-9.85E-06,103.53,32.318,0.16844,0,0.20901,2.29E-05,82.151,0.0013511
9.7939,3076.5,122.16,-35.367,122.43,35.374,113.97,0.056073,113.97,8.1407,0.76706,28.61,-80.598,0.34548,-9.26E-09,0.0070663,-1.12E-05,103.53,32.318,0.16844,0,0.18999,3.72E-04,82.052,0.002118
9.8439,3082.5,120.39,-35.282,120.67,35.289,114.38,0.056437,114.38,8.1043,0.6938,28.61,-80.598,0.29005,-9.21E-09,0.0077198,-1.43E-05,103.53,32.318,0.16844,0,0.15864,-4.46E-04,81.967,0.0026448
9.8939,3088.5,118.63,-35.18,118.9,35.19,114.78,0.056801,114.78,8.0663,0.85131,28.61,-80.598,0.45075,-9.21E-09,0.0084363,-1.37E-05,103.53,32.318,0.16844,0,0.24752,-4.49E-04,81.899,0.0030689
9.9439,3094.4,116.87,-35.102,117.15,35.108,115.18,0.057169,115.18,8.0253,0.7523,28.61,-80.598,0.36932,-9.19E-09,0.0092515,-1.54E-05,103.53,32.318,0.16844,0,0.20086,-4.16E-04,81.854,0.0033716
9.9939,3100.2,115.12,-35.043,115.4,35.046,115.58,0.057539,115.58,7.9938,0.50646,28.61,-80.598,0.13027,-9.17E-09,0.0097182,-3.57E-05,103.53,32.318,0.16844,0,0.065453,-2.85E-04,81.833,0.0034841
10.044,3105.9,113.37,-34.964,113.65,34.967,115.98,0.05791,115.98,7.9705,0.43816,28.61,-80.598,0.062659,-9.17E-09,0.0098539,-7.27E-05,103.53,32.318,0.16844,0,0.0267,-3.34E-04,81.835,0.0034281
10.094,3111.5,111.62,-34.895,111.91,34.898,116.38,0.058281,116.38,7.9514,0.31619,28.61,-80.598,0.069534,-9.16E-09,-0.0098305,-5.90E-05,103.53,32.318,0.16844,0,0.047195,2.89E-05,81.852,0.0033062
10.144,3117.1,109.88,-34.829,110.17,34.829,116.78,0.058655,116.78,7.9386,0.20293,28.61,-80.598,0.19833,-9.15E-09,-0.0095682,-1.84E-05,103.53,32.318,0.16844,0,0.11938,3.02E-04,81.877,0.0030198
10.194,3122.5,108.14,-34.738,108.43,34.741,117.17,0.059032,117.17,7.9268,0.29013,28.61,-80.598,0.098314,-9.15E-09,-0.0092727,-4.93E-05,103.53,32.318,0.16844,0,0.063518,4.20E-04,81.909,0.0026089
10.244,3127.9,106.41,-34.665,106.7,34.665,117.57,0.059409,117.57,7.9131,0.24578,28.61,-80.598,0.15125,-9.15E-09,-0.0090577,-3.07E-05,103.53,32.318,0.16844,0,0.092562,-3.00E-04,81.947,0.0020464
10.294,3133.2,104.68,-34.596,104.97,34.596,117.97,0.05979,117.97,7.9022,0.19141,28.61,-80.598,0.21924,-9.14E-09,-0.0087395,-1.91E-05,103.53,32.318,0.16844,0,0.13096,3.99E-04,81.985,0.0014028
10.344,3138.4,102.95,-34.518,103.25,34.518,118.36,0.060174,118.36,7.8921,0.22037,28.61,-80.598,0.18325,-9.15E-09,-0.0084008,-2.31E-05,103.53,32.318,0.16844,0,0.10991,2.84E-04,82.016,6.30E-04
10.394,3143.5,101.22,-34.459,101.53,34.459,118.75,0.060558,118.75,7.8839,0.093524,28.61,-80.598,0.35123,-9.16E-09,-0.007999,-1.02E-05,103.53,32.318,0.16844,0,0.20421,-9.40E-05,82.038,-2.16E-04
10.444,3148.5,99.501,-34.36,99.813,34.36,119.15,0.060945,119.15,7.8753,0.27404,28.61,-80.598,0.1067,-9.15E-09,-0.0076208,-3.19E-05,103.53,32.318,0.16844,0,0.066484,4.97E-04,82.051,-0.0010602
10.494,3153.4,97.785,-34.278,98.1,34.278,119.54,0.061332,119.54,7.8596,0.34961,28.61,-80.598,0.0078088,-9.15E-09,0.0075384,-3.75E-04,103.53,32.318,0.16844,0,-0.0019769,-3.14E-04,82.052,-0.001961
10.544,3158.3,96.073,-34.19,96.394,34.193,119.93,0.061722,119.93,7.8392,0.45778,28.61,-80.598,0.17864,-9.15E-09,0.0076515,-1.34E-05,103.53,32.318,0.16844,0,0.093413,3.51E-04,82.038,-0.0028511
10.594,3163,94.367,-34.127,94.688,34.127,120.32,0.062113,120.32,7.8173,0.41598,28.61,-80.598,0.12999,-9.15E-09,0.0078506,-1.32E-05,103.53,32.318,0.16844,0,0.066194,-4.03E-04,82.005,-0.0036792
10.644,3167.7,92.661,-34.078,92.989,34.081,120.72,0.062507,120.72,7.8002,0.25859,28.61,-80.598,0.10931,-9.15E-09,-0.0078573,-7.79E-06,103.53,32.318,0.16844,0,0.069033,2.65E-04,81.953,-0.0044106
10.694,3172.3,90.958,-34.003,91.293,34.006,121.11,0.0629,121.11,7.7864,0.31241,28.61,-80.598,0.012774,-9.15E-09,-0.0077453,-1.53E-05,103.53,32.318,0.16844,0,0.014598,-3.34E-04,81.883,-0.0050792
10.744,3176.8,89.262,-33.914,89.6,33.917,121.49,0.063294,121.49,7.7671,0.47126,28.61,-80.598,0.27108,-9.15E-09,0.0078705,7.45E-07,103.53,32.318,0.16844,0,0.14405,-3.39E-04,81.795,-0.0056896
10.794,3181.2,87.566,-33.855,87.91,33.858,121.88,0.063691,121.88,7.7441,0.41775,28.61,-80.598,0.19824,-9.14E-09,0.0081373,4.85E-06,103.53,32.318,0.16844,0,0.10192,-1.45E-04,81.689,-0.006211
10.844,3185.5,85.876,-33.789,86.224,33.793,122.27,0.064088,122.27,7.7228,0.44482,28.61,-80.598,0.26719,-9.15E-09,0.0083609,5.65E-06,103.53,32.318,0.16844,0,0.14008,-1.69E-04,81.56,-0.0066237
10.894,3189.8,84.186,-33.724,84.541,33.727,122.65,0.064485,122.65,7.7005,0.44449,28.61,-80.598,0.2891,-9.16E-09,0.0086345,7.49E-06,103.53,32.318,0.16844,0,0.15056,-4.17E-04,81.403,-0.0069115
10.944,3194,82.503,-33.675,82.861,33.678,123.04,0.064882,123.04,7.6801,0.36558,28.61,-80.598,0.15648,-9.15E-09,0.0088439,2.03E-05,103.53,32.318,0.16844,0,0.07621,-4.17E-04,81.219,-0.0070495
10.994,3198,80.82,-33.625,81.184,33.629,123.42,0.065279,123.42,7.6637,0.28984,28.61,-80.598,0.016906,-9.15E-09,0.008902,2.47E-04,103.53,32.318,0.16844,0,-0.0031999,1.56E-04,81.013,-0.0070599
11.044,3202,79.14,-33.556,79.508,33.56,123.81,0.065679,123.81,7.648,0.35515,28.61,-80.598,0.17505,-9.15E-09,0.0089588,2.52E-05,103.53,32.318,0.16844,0,0.084491,1.38E-04,80.784,-0.0069642
11.094,3206,77.464,-33.494,77.838,33.497,124.19,0.066076,124.19,7.6296,0.37615,28.61,-80.598,0.24453,-9.15E-09,0.0091279,1.94E-05,103.53,32.318,0.16844,0,0.12291,-1.97E-04,80.538,-0.0067526
11.144,3209.8,75.791,-33.425,76.171,33.428,124.57,0.066476,124.57,7.6093,0.44836,28.61,-80.598,0.43744,-9.15E-09,0.0093884,1.00E-05,103.53,32.318,0.16844,0,0.22908,-1.82E-04,80.278,-0.0064704
11.194,3213.5,74.121,-33.386,74.508,33.386,124.95,0.066877,124.95,7.5886,0.35518,28.61,-80.598,0.24716,-9.15E-09,0.0096583,2.41E-05,103.53,32.318,0.16844,0,0.12087,-4.28E-04,80.009,-0.0061468
11.244,3217.2,72.454,-33.323,72.848,33.327,125.33,0.067274,125.33,7.5702,0.3961,28.61,-80.598,0.37879,-9.15E-09,0.0098616,1.55E-05,103.53,32.318,0.16844,0,0.19264,-1.22E-05,79.737,-0.0058058
11.294,3220.8,70.787,-33.278,71.191,33.278,125.71,0.067674,125.71,7.5512,0.35531,28.61,-80.598,0.30556,-9.15E-09,0.010099,2.22E-05,103.53,32.318,0.16844,0,0.14979,-4.84E-05,79.463,-0.0054218
11.344,3224.3,69.124,-33.232,69.534,33.235,126.08,0.068074,126.08,7.5348,0.30704,28.61,-80.598,0.20305,-9.15E-09,0.010251,3.91E-05,103.53,32.318,0.16844,0,0.090769,-2.28E-04,79.189,-0.0050612
11.394,3227.7,67.464,-33.173,67.884,33.173,126.46,0.068474,126.46,7.518,0.36365,28.61,-80.598,0.39786,-9.15E-09,0.010416,1.82E-05,103.53,32.318,0.16844,0,0.19741,3.59E-04,78.915,-0.0047521
11.444,3231,65.807,-33.127,66.234,33.127,126.83,0.068878,126.83,7.5003,0.33642,28.61,-80.598,0.35486,-9.15E-09,0.010638,2.27E-05,103.53,32.318,0.16844,0,0.17086,4.30E-05,78.642,-0.0043754
11.494,3234.3,64.154,-33.077,64.587,33.081,127.21,0.069278,127.21,7.4839,0.32577,28.61,-80.598,0.35996,-9.16E-09,0.010824,2.35E-05,103.53,32.318,0.16844,0,0.17142,2.09E-04,78.367,-0.0039881
11.544,3237.4,62.5,-33.045,62.946,33.045,127.58,0.069678,127.58,7.4695,0.25337,28.61,-80.598,0.1541,-9.15E-09,0.010948,6.86E-05,103.53,32.318,0.16844,0,0.054631,1.74E-04,78.087,-0.0035914
11.594,3240.5,60.85,-32.989,61.302,32.989,127.96,0.070079,127.96,7.4557,0.30156,28.61,-80.598,0.36043,-9.16E-09,0.011046,2.54E-05,103.53,32.318,0.16844,0,0.16769,-9.52E-06,77.802,-0.0031794
11.644,3243.5,59.199,-32.933,59.665,32.936,128.33,0.070482,128.33,7.4396,0.34905,28.61,-80.598,0.58075,-9.16E-09,0.011261,1.32E-05,103.53,32.318,0.16844,0,0.28692,7.19E-05,77.51,-0.0027694
11.694,3246.5,57.556,-32.884,58.031,32.887,128.7,0.070883,128.7,7.4216,0.36509,28.61,-80.598,0.70004,-9.16E-09,0.011547,9.82E-06,103.53,32.318,0.16844,0,0.34861,-1.33E-04,77.211,-0.0023736
11.744,3249.3,55.912,-32.841,56.401,32.844,129.07,0.071286,129.07,7.4035,0.35748,28.61,-80.598,0.73585,-9.16E-09,0.01185,9.38E-06,103.53,32.318,0.16844,0,0.3628,-4.23E-05,76.903,-0.0019901
11.794,3252,54.272,-32.793,54.77,32.796,129.44,0.07169,129.44,7.3848,0.3938,28.61,-80.598,0.9581,-9.16E-09,0.012183,5.11E-06,103.53,32.318,0.16844,0,0.47936,2.90E-04,76.585,-0.0016201
11.844,3254.7,52.631,-32.755,53.146,32.757,129.81,0.072093,129.81,7.3655,0.37533,28.61,-80.598,0.96257,-9.16E-09,0.012549,5.90E-06,103.53,32.318,0.16844,0,0.47534,4.45E-04,76.253,-0.0012744
11.894,3257.3,50.997,-32.706,51.522,32.709,130.18,0.072497,130.18,7.3458,0.41624,28.61,-80.598,1.2381,-9.16E-09,0.012933,2.44E-06,103.53,32.318,0.16844,0,0.61827,1.40E-04,75.911,-9.39E-04
11.944,3259.8,49.364,-32.649,49.902,32.653,130.54,0.0729,130.54,7.3228,0.51053,28.61,-80.598,1.7818,-9.16E-09,0.01344,-1.75E-06,103.53,32.318,0.16844,0,0.90211,3.68E-04,75.557,-6.14E-04
11.994,3262.2,47.73,-32.608,48.284,32.612,130.91,0.073304,130.91,7.2966,0.5226,28.61,-80.598,1.9783,-9.16E-09,0.014046,-2.31E-06,103.53,32.318,0.16844,0,0.99394,-1.22E-04,75.192,-3.16E-04
12.044,3264.6,46.102,-32.546,46.67,32.552,131.27,0.073707,131.27,7.2677,0.6477,28.61,-80.598,2.7328,-9.17E-09,0.014742,-4.90E-06,103.53,32.318,0.16844,0,1.3746,-1.15E-04,74.814,-4.14E-05
12.094,3266.9,44.475,-32.495,45.059,32.503,131.63,0.074111,131.63,7.2333,0.7207,28.61,-80.598,3.281,-9.17E-09,0.01559,-5.95E-06,103.53,32.318,0.16844,0,1.637,2.25E-04,74.423,2.04E-04
12.144,3269,42.851,-32.449,43.451,32.458,131.99,0.074518,131.99,7.1962,0.76709,28.61,-80.598,3.7406,-9.18E-09,0.016506,-6.51E-06,103.53,32.318,0.16844,0,1.8462,3.50E-04,74.017,4.24E-04
12.194,3271.1,41.23,-32.39,41.847,32.402,132.36,0.074921,132.36,7.1549,0.89098,28.61,-80.598,4.612,-9.18E-09,0.01751,-7.76E-06,103.53,32.318,0.16844,0,2.2488,-1.45E-04,73.596,6.17E-04
12.244,3273.2,39.613,-32.351,40.246,32.364,132.71,0.075328,132.71,7.1096,0.9061,28.61,-80.598,5.005,-9.17E-09,0.018589,-7.78E-06,103.53,32.318,0.16844,0,2.4028,4.58E-04,73.163,7.92E-04
12.294,3275.1,37.995,-32.321,38.648,32.333,133.06,0.075735,133.06,7.065,0.88589,28.61,-80.598,5.2501,-9.17E-09,0.019635,-7.61E-06,103.53,32.318,0.16844,0,2.4774,-3.90E-04,72.716,9.48E-04
12.344,3277,36.381,-32.302,37.054,32.313,133.42,0.076138,133.42,7.022,0.81686,28.61,-80.598,5.2431,-9.18E-09,0.020609,-6.87E-06,103.53,32.318,0.16844,0,2.4242,1.57E-04,72.257,0.0010816
12.394,3278.7,34.767,-32.26,35.459,32.272,133.77,0.076545,133.77,6.9803,0.8623,28.61,-80.598,5.9043,-9.17E-09,0.021537,-7.13E-06,103.53,32.318,0.16844,0,2.6824,-2.63E-04,71.785,0.0011999
12.444,3280.4,33.156,-32.218,33.871,32.231,134.12,0.076952,134.12,6.936,0.90958,28.61,-80.598,6.6349,-9.17E-09,0.022493,-7.33E-06,103.53,32.318,0.16844,0,2.9561,-1.72E-04,71.302,0.001304
12.494,3282.2,31.544,-32.192,32.288,32.204,134.46,0.077359,134.46,6.8911,0.88501,28.61,-80.598,6.9872,-9.17E-09,0.023431,-6.78E-06,103.53,32.318,0.16844,0,3.0378,-3.64E-04,70.808,0.0013979
12.544,3283.5,29.935,-32.166,30.709,32.177,134.81,0.077766,134.81,6.8474,0.86801,28.61,-80.598,7.4255,-9.16E-09,0.024313,-6.24E-06,103.53,32.318,0.16844,0,3.1447,2.35E-04,70.3,0.0014827
12.594,3285.1,28.328,-32.129,29.134,32.141,135.15,0.078173,135.15,6.8031,0.89911,28.61,-80.598,8.2466,-9.16E-09,0.025164,-6.20E-06,103.53,32.318,0.16844,0,3.4044,-3.60E-04,69.779,0.0015526
12.644,3286.4,26.723,-32.086,27.564,32.1,135.49,0.078579,135.49,6.7572,0.94875,28.61,-80.598,9.2842,-9.16E-09,0.026012,-6.37E-06,103.53,32.318,0.16844,0,3.7287,-2.52E-04,69.245,0.0016099
12.694,3287.7,25.12,-32.021,26,32.039,135.82,0.07899,135.82,6.7067,1.0816,28.61,-80.598,11.006,-9.16E-09,0.026889,-7.16E-06,103.53,32.318,0.16844,0,4.2986,3.03E-04,68.698,0.0016567
12.744,3289,23.519,-32.018,24.442,32.033,136.15,0.079396,136.15,6.6545,0.98241,28.61,-80.598,11.194,-9.16E-09,0.027739,-5.71E-06,103.53,32.318,0.16844,0,4.1867,3.33E-04,68.138,0.0016971
12.794,3290,21.919,-31.96,22.892,31.978,136.49,0.079803,136.49,6.6033,1.0805,28.61,-80.598,12.943,-9.16E-09,0.028522,-6.23E-06,103.53,32.318,0.16844,0,4.6717,-2.85E-04,67.567,0.0017309
12.844,3291,20.322,-31.935,21.351,31.953,136.82,0.08021,136.82,6.5495,1.0611,28.61,-80.598,13.945,-9.16E-09,0.029289,-5.45E-06,103.53,32.318,0.16844,0,4.7928,-1.90E-04,66.984,0.0017577
12.894,3292,18.726,-31.902,19.821,31.92,137.14,0.080617,137.14,6.4964,1.0672,28.61,-80.598,15.295,-9.16E-09,0.02999,-4.91E-06,103.53,32.318,0.16844,0,4.9851,3.33E-04,66.391,0.0017784
12.944,3293,17.133,-31.833,18.303,31.855,137.47,0.081024,137.47,6.4406,1.169,28.61,-80.598,17.622,-9.16E-09,0.03066,-5.31E-06,103.53,32.318,0.16844,0,5.4558,-1.16E-04,65.789,0.0017937
12.994,3294,15.542,-31.791,16.801,31.813,137.79,0.08143,137.79,6.3816,1.1902,28.61,-80.598,19.521,-9.16E-09,0.031303,-4.82E-06,103.53,32.318,0.16844,0,5.6518,-1.69E-04,65.177,0.0018053
13.044,3294.6,13.954,-31.737,15.319,31.761,138.1,0.081834,138.1,6.3209,1.2439,28.61,-80.598,22.3,-9.16E-09,0.031817,-4.99E-06,103.53,32.318,0.16844,0,3.9265,4.42E-04,64.556,0.0018142
13.094,3295.3,12.368,-31.719,13.862,31.742,138.42,0.082241,138.42,6.2595,1.2025,28.61,-80.598,24.505,-9.16E-09,0.032089,-4.15E-06,103.53,32.318,0.16844,0,1.9654,4.75E-04,63.928,0.001821
13.144,3295.9,10.783,-31.647,12.437,31.674,138.73,0.082644,138.73,6.1975,1.2913,28.61,-80.598,28.21,-9.16E-09,0.032137,-4.50E-06,103.53,32.318,0.16844,0,-0.95198,-3.77E-04,63.294,0.001826
13.194,3296.3,9.2014,-31.632,11.058,31.657,139.04,0.083048,139.04,6.1335,1.2472,28.61,-80.598,31.065,-9.16E-09,0.031976,-3.48E-06,103.53,32.318,0.16844,0,-3.554,-4.89E-04,62.659,0.0018302
13.244,3296.6,7.6217,-31.556,9.7431,31.584,139.34,0.083451,139.34,6.0692,1.3413,28.61,-80.598,35.489,-9.16E-09,0.031645,-3.63E-06,103.53,32.318,0.16844,0,-7.1069,1.54E-04,62.028,0.0018345
13.294,3296.9,6.0456,-31.485,8.5177,31.517,139.65,0.083855,139.65,6.0003,1.4195,28.61,-80.598,40.141,-9.16E-09,0.031128,-3.48E-06,103.53,32.318,0.16844,0,-10.849,7.20E-05,61.402,0.0018396
13.344,3297.2,4.4688,-31.952,7.4301,31.955,139.94,0.084255,139.94,5.936,0.41732,28.61,-80.598,45.373,-9.16E-09,0.030561,-3.42E-06,103.53,32.318,0.16844,0,-2.1875,4.59E-04,60.785,0.0018456
13.394,3297.6,2.8714,-31.946,6.5758,31.948,140.24,0.084659,140.24,5.9157,0.39386,28.61,-80.598,50.925,-9.16E-09,0.03041,-2.96E-06,103.53,32.318,0.16844,0,-4.0099,1.15E-04,60.181,0.0018537
13.444,3297.6,1.2743,-31.936,6.0325,31.938,140.53,0.085059,140.53,5.8963,0.38373,28.61,-80.598,56.986,-9.16E-09,0.03019,-2.63E-06,103.53,32.318,0.16844,0,-5.6323,3.55E-05,59.584,0.0018624
13.494,3297.6,-0.32209,-31.919,5.8858,31.922,140.83,0.085463,140.83,5.877,0.39058,28.61,-80.598,63.329,-9.16E-09,0.029916,-2.47E-06,103.53,32.318,0.16844,0,-6.8833,-1.37E-04,58.991,0.001871
13.544,3297.6,-1.918,-31.921,6.164,31.923,141.12,0.085866,141.12,5.8579,0.36834,28.61,-80.598,70.044,-9.16E-09,0.0296,-1.47E-06,103.53,32.318,0.16844,0,-8.1682,-4.01E-04,58.405,0.0018802
13.598,3297.6,-3.6348,-31.796,12.74,31.86,141.44,0.086299,141.44,5.753,2.0242,28.61,-80.598,NaN,NaN,NaN,NaN,103.53,NaN,NaN,0,NaN,NaN,NaN,NaN
13.65,3297.2,-5.272,-31.519,13.037,31.586,141.73,0.086713,141.73,5.6457,2.0609,28.61,-80.598,NaN,NaN,NaN,NaN,103.53,NaN,NaN,0,NaN,NaN,NaN,NaN
13.702,3296.9,-6.9088,-31.229,13.336,31.297,142.02,0.087129,142.02,5.5377,2.0624,28.61,-80.598,NaN,NaN,NaN,NaN,103.53,NaN,NaN,0,NaN,NaN,NaN,NaN
13.755,3296.6,-8.5453,-30.893,14.031,30.969,142.32,0.087549,142.32,5.4232,2.163,28.61,-80.598,NaN,NaN,NaN,NaN,103.53,NaN,NaN,0,NaN,NaN,NaN,NaN
13.809,3295.9,-10.181,-30.506,14.927,30.593,142.6,0.087969,142.6,5.2995,2.3064,28.61,-80.598,NaN,NaN,NaN,NaN,103.53,NaN,NaN,0,NaN,NaN,NaN,NaN
13.863,3295.3,-11.815,-30.004,16.436,30.123,142.89,0.088392,142.89,5.1535,2.6772,28.61,-80.598,NaN,NaN,NaN,NaN,103.53,NaN,NaN,0,NaN,NaN,NaN,NaN
13.919,3294.6,-13.448,-29.494,17.578,29.635,143.17,0.088819,143.17,4.9938,2.8882,28.61,-80.598,NaN,NaN,NaN,NaN,103.53,NaN,NaN,0,NaN,NaN,NaN,NaN
13.975,3294,-15.08,-28.995,18.384,29.14,143.44,0.089249,143.44,4.8301,2.9088,28.61,-80.598,NaN,NaN,NaN,NaN,103.53,NaN,NaN,0,NaN,NaN,NaN,NaN
14.032,3293,-16.71,-28.37,19.671,28.543,143.72,0.089682,143.72,4.6499,3.1365,28.61,-80.598,NaN,NaN,NaN,NaN,103.53,NaN,NaN,0,NaN,NaN,NaN,NaN
14.091,3292,-18.339,-27.688,20.983,27.892,143.99,0.090118,143.99,4.4521,3.3612,28.61,-80.598,NaN,NaN,NaN,NaN,103.53,NaN,NaN,0,NaN,NaN,NaN,NaN
14.151,3290.7,-19.967,-27.039,21.921,27.243,144.25,0.090561,144.25,4.252,3.3228,28.61,-80.598,NaN,NaN,NaN,NaN,103.53,NaN,NaN,0,NaN,NaN,NaN,NaN
14.213,3289.4,-21.593,-26.268,23.19,26.494,144.5,0.091007,144.5,4.0384,3.4521,28.61,-80.598,NaN,NaN,NaN,NaN,103.53,NaN,NaN,0,NaN,NaN,NaN,NaN
14.277,3288.1,-23.219,-25.51,24.222,25.73,144.75,0.091463,144.75,3.8245,3.355,28.61,-80.598,NaN,NaN,NaN,NaN,103.53,NaN,NaN,0,NaN,NaN,NaN,NaN
14.343,3286.4,-24.844,-24.621,25.555,24.861,145,0.091923,145,3.5971,3.4429,28.61,-80.598,NaN,NaN,NaN,NaN,103.53,NaN,NaN,0,NaN,NaN,NaN,NaN
14.412,3284.8,-26.468,-23.701,26.813,23.946,145.24,0.092392,145.24,3.3635,3.4131,28.61,-80.598,NaN,NaN,NaN,NaN,103.53,NaN,NaN,0,NaN,NaN,NaN,NaN
14.483,3282.8,-28.089,-22.661,28.277,22.938,145.47,0.092871,145.47,3.1094,3.5512,28.61,-80.598,NaN,NaN,NaN,NaN,103.53,NaN,NaN,0,NaN,NaN,NaN,NaN
14.558,3280.6,-29.706,-21.566,29.732,21.874,145.69,0.093363,145.69,2.8351,3.6578,28.61,-80.598,NaN,NaN,NaN,NaN,103.53,NaN,NaN,0,NaN,NaN,NaN,NaN
14.637,3278.2,-31.319,-20.401,31.215,20.747,145.91,0.093865,145.91,2.5364,3.7782,28.61,-80.598,NaN,NaN,NaN,NaN,103.53,NaN,NaN,0,NaN,NaN,NaN,NaN
14.721,3275.5,-32.923,-19.13,32.815,19.556,146.1,0.094383,146.1,2.1959,4.0597,28.61,-80.598,NaN,NaN,NaN,NaN,103.53,NaN,NaN,0,NaN,NaN,NaN,NaN
14.811,3272.4,-34.524,-17.875,34.229,18.327,146.28,0.094915,146.28,1.8336,4.0479,28.61,-80.598,NaN,NaN,NaN,NaN,103.53,NaN,NaN,0,NaN,NaN,NaN,NaN
14.907,3269.1,-36.109,-16.485,35.827,17.044,146.44,0.095466,146.44,1.4169,4.3291,28.61,-80.598,NaN,NaN,NaN,NaN,103.53,NaN,NaN,0,NaN,NaN,NaN,NaN
15.011,3265.2,-37.69,-15.134,37.208,15.71,146.56,0.096037,146.56,0.97654,4.2175,28.61,-80.598,NaN,NaN,NaN,NaN,103.53,NaN,NaN,0,NaN,NaN,NaN,NaN
15.126,3260.8,-39.265,-13.741,38.566,14.307,146.65,0.096631,146.65,0.51988,3.9826,28.61,-80.598,NaN,NaN,NaN,NaN,103.53,NaN,NaN,0,NaN,NaN,NaN,NaN
15.253,3255.7,-40.823,-12.229,40.062,12.872,146.68,0.097254,146.68,0.008999,4.0194,28.61,-80.598,NaN,NaN,NaN,NaN,103.53,NaN,NaN,0,NaN,NaN,NaN,NaN
15.398,3249.7,-42.379,-10.738,41.414,11.339,146.65,0.09791,146.65,0.51959,3.6444,28.61,-80.598,NaN,NaN,NaN,NaN,103.53,NaN,NaN,0,NaN,NaN,NaN,NaN
15.565,3242.5,-43.907,-9.1332,42.884,9.7995,146.51,0.098609,146.51,1.1141,3.5518,28.61,-80.598,NaN,NaN,NaN,NaN,103.53,NaN,NaN,0,NaN,NaN,NaN,NaN
15.766,3233.5,-45.413,-7.5187,44.288,8.1864,146.22,0.099357,146.22,1.7629,3.2377,28.61,-80.598,NaN,NaN,NaN,NaN,103.53,NaN,NaN,0,NaN,NaN,NaN,NaN
16.012,3222.1,-46.847,-5.8228,45.758,6.6604,145.69,0.10015,145.69,2.5593,3.2335,28.61,-80.598,NaN,NaN,NaN,NaN,103.53,NaN,NaN,0,NaN,NaN,NaN,NaN
16.334,3206.8,-48.196,-4.186,47.1,5.0942,144.71,0.10101,144.71,3.4941,2.903,28.61,-80.598,NaN,NaN,NaN,NaN,103.53,NaN,NaN,0,NaN,NaN,NaN,NaN
16.834,3182.4,-49.511,-2.6353,48.304,3.2835,142.72,0.10197,142.72,4.4728,1.9586,28.61,-80.598,NaN,NaN,NaN,NaN,103.53,NaN,NaN,0,NaN,NaN,NaN,NaN
17.334,3157.5,-50.026,-1.0293,49.541,1.4884,140.35,0.10257,140.35,5.0102,1.075,28.61,-80.598,NaN,NaN,NaN,NaN,103.53,NaN,NaN,0,NaN,NaN,NaN,NaN
17.834,3132.5,-50.213,-0.37362,50.03,0.44649,137.82,0.10289,137.82,5.1325,0.24445,28.61,-80.598,NaN,NaN,NaN,NaN,103.53,NaN,NaN,0,NaN,NaN,NaN,NaN
18.334,3107.3,-50.259,-0.092438,50.246,1.1339,135.11,0.10303,135.11,5.6975,1.1301,28.61,-80.598,NaN,NaN,NaN,NaN,103.53,NaN,NaN,0,NaN,NaN,NaN,NaN
18.834,3082.2,-50.272,-0.026013,50.266,0.42992,132.21,0.10302,132.21,5.9121,0.42913,28.61,-80.598,NaN,NaN,NaN,NaN,103.53,NaN,NaN,0,NaN,NaN,NaN,NaN
19.334,3057.1,-50.266,0.012731,50.272,0.17509,129.27,0.10292,129.27,5.8248,0.17462,28.61,-80.598,NaN,NaN,NaN,NaN,103.53,NaN,NaN,0,NaN,NaN,NaN,NaN
19.834,3032,-50.246,0.039938,50.282,0.85574,126.47,0.10275,126.47,5.3973,0.85482,28.61,-80.598,NaN,NaN,NaN,NaN,103.53,NaN,NaN,0,NaN,NaN,NaN,NaN
20.334,3006.9,-50.233,0.028017,50.246,0.13074,123.75,0.10253,123.75,5.4613,0.1277,28.61,-80.598,NaN,NaN,NaN,NaN,103.53,NaN,NaN,0,NaN,NaN,NaN,NaN
20.834,2981.7,-50.203,0.056325,50.266,1.1841,120.88,0.10229,120.88,6.0525,1.1828,28.61,-80.598,NaN,NaN,NaN,NaN,103.53,NaN,NaN,0,NaN,NaN,NaN,NaN
21.334,2956.6,-50.19,0.024834,50.207,0.34698,117.81,0.10202,117.81,6.2257,0.3461,28.61,-80.598,NaN,NaN,NaN,NaN,103.53,NaN,NaN,0,NaN,NaN,NaN,NaN
21.834,2931.6,-50.177,0.031588,50.19,0.078009,114.69,0.10174,114.69,6.2612,0.071325,28.61,-80.598,NaN,NaN,NaN,NaN,103.53,NaN,NaN,0,NaN,NaN,NaN,NaN
22.334,2906.5,-50.154,0.044049,50.19,0.72759,111.46,0.10143,111.46,6.6243,0.72628,28.61,-80.598,NaN,NaN,NaN,NaN,103.53,NaN,NaN,0,NaN,NaN,NaN,NaN
22.834,2881.4,-50.135,0.036063,50.161,0.5105,108.09,0.10112,108.09,6.8789,0.50922,28.61,-80.598,NaN,NaN,NaN,NaN,103.53,NaN,NaN,0,NaN,NaN,NaN,NaN
23.334,2856.3,-50.118,0.033888,50.138,0.21816,104.68,0.10078,104.68,6.7713,0.21551,28.61,-80.598,NaN,NaN,NaN,NaN,103.53,NaN,NaN,0,NaN,NaN,NaN,NaN
23.834,2831.3,-50.098,0.04122,50.128,0.58589,101.22,0.10043,101.22,7.0633,0.58445,28.61,-80.598,NaN,NaN,NaN,NaN,103.53,NaN,NaN,0,NaN,NaN,NaN,NaN
24.334,2806.2,-50.082,0.033773,50.098,0.089062,97.694,0.10008,97.694,7.0223,0.082408,28.61,-80.598,NaN,NaN,NaN,NaN,103.53,NaN,NaN,0,NaN,NaN,NaN,NaN
24.834,2781.2,-50.062,0.036978,50.082,0.21148,94.157,0.099711,94.157,7.1263,0.20822,28.61,-80.598,NaN,NaN,NaN,NaN,103.53,NaN,NaN,0,NaN,NaN,NaN,NaN
25.334,2756.2,-50.043,0.039091,50.066,0.39577,90.643,0.099341,90.643,6.9295,0.39383,28.61,-80.598,NaN,NaN,NaN,NaN,103.53,NaN,NaN,0,NaN,NaN,NaN,NaN
25.834,2731.1,-50.026,0.035892,50.043,0.08561,87.188,0.098967,87.188,6.8907,0.077723,28.61,-80.598,NaN,NaN,NaN,NaN,103.53,NaN,NaN,0,NaN,NaN,NaN,NaN
26.334,2706.1,-49.993,0.064862,50.069,1.3504,83.911,0.098593,83.911,6.2162,1.3488,28.61,-80.598,NaN,NaN,NaN,NaN,103.53,NaN,NaN,0,NaN,NaN,NaN,NaN
26.834,2681.2,-49.98,0.02493,50.003,0.61214,80.879,0.098225,80.879,5.9104,0.61165,28.61,-80.598,NaN,NaN,NaN,NaN,103.53,NaN,NaN,0,NaN,NaN,NaN,NaN
27.334,2656.2,-49.967,0.028879,49.984,0.31999,77.884,0.097867,77.884,6.0699,0.31868,28.61,-80.598,NaN,NaN,NaN,NaN,103.53,NaN,NaN,0,NaN,NaN,NaN,NaN
27.834,2631.2,-49.948,0.037431,49.974,0.5581,74.921,0.097523,74.921,5.7913,0.55686,28.61,-80.598,NaN,NaN,NaN,NaN,103.53,NaN,NaN,0,NaN,NaN,NaN,NaN
28.334,2606.2,-49.931,0.033566,49.948,0.25711,72.057,0.097182,72.057,5.6637,0.25491,28.61,-80.598,NaN,NaN,NaN,NaN,103.53,NaN,NaN,0,NaN,NaN,NaN,NaN
28.834,2581.3,-49.908,0.043888,49.944,0.76575,69.321,0.096854,69.321,5.2815,0.7645,28.61,-80.598,NaN,NaN,NaN,NaN,103.53,NaN,NaN,0,NaN,NaN,NaN,NaN
29.334,2556.3,-49.885,0.047913,49.934,1.051,66.549,0.096535,66.549,5.8064,1.05,28.61,-80.598,NaN,NaN,NaN,NaN,103.53,NaN,NaN,0,NaN,NaN,NaN,NaN
29.834,2531.4,-49.872,0.028553,49.892,0.55413,63.576,0.096224,63.576,6.0833,0.55341,28.61,-80.598,NaN,NaN,NaN,NaN,103.53,NaN,NaN,0,NaN,NaN,NaN,NaN
30.334,2506.4,-49.852,0.035164,49.879,0.61516,60.456,0.095906,60.456,6.3904,0.61417,28.61,-80.598,NaN,NaN,NaN,NaN,103.53,NaN,NaN,0,NaN,NaN,NaN,NaN
30.834,2481.5,-49.836,0.030927,49.852,0.18429,57.238,0.095584,57.238,6.4813,0.18168,28.61,-80.598,NaN,NaN,NaN,NaN,103.53,NaN,NaN,0,NaN,NaN,NaN,NaN
31.334,2456.6,-49.82,0.035276,49.839,0.26683,54.032,0.095253,54.032,6.3491,0.26449,28.61,-80.598,NaN,NaN,NaN,NaN,103.53,NaN,NaN,0,NaN,NaN,NaN,NaN
31.834,2431.7,-49.803,0.035236,49.82,0.038488,50.856,0.094915,50.856,6.3566,0.015484,28.61,-80.598,NaN,NaN,NaN,NaN,103.53,NaN,NaN,0,NaN,NaN,NaN,NaN
32.334,2406.8,-49.783,0.039554,49.806,0.47116,47.736,0.094577,47.736,6.122,0.46952,28.61,-80.598,NaN,NaN,NaN,NaN,103.53,NaN,NaN,0,NaN,NaN,NaN,NaN
32.834,2381.9,-49.757,0.050007,49.806,1.0118,44.8,0.094239,44.8,5.6168,1.0105,28.61,-80.598,NaN,NaN,NaN,NaN,103.53,NaN,NaN,0,NaN,NaN,NaN,NaN
33.334,2357.1,-49.744,0.028225,49.76,0.40246,41.942,0.093907,41.942,5.8173,0.40148,28.61,-80.598,NaN,NaN,NaN,NaN,103.53,NaN,NaN,0,NaN,NaN,NaN,NaN
33.834,2332.2,-49.728,0.032777,49.747,0.32864,38.993,0.093583,38.993,5.981,0.32701,28.61,-80.598,NaN,NaN,NaN,NaN,103.53,NaN,NaN,0,NaN,NaN,NaN,NaN
34.334,2307.3,-49.708,0.034892,49.728,0.29773,35.965,0.093261,35.965,6.1286,0.29568,28.61,-80.598,NaN,NaN,NaN,NaN,103.53,NaN,NaN,0,NaN,NaN,NaN,NaN
34.834,2282.5,-49.692,0.034829,49.711,0.14603,32.884,0.092936,32.884,6.1998,0.14182,28.61,-80.598,NaN,NaN,NaN,NaN,103.53,NaN,NaN,0,NaN,NaN,NaN,NaN
35.334,2257.6,-49.675,0.035492,49.692,0.037864,29.785,0.092612,29.785,6.1929,0.013187,28.61,-80.598,NaN,NaN,NaN,NaN,103.53,NaN,NaN,0,NaN,NaN,NaN,NaN
35.834,2232.8,-49.656,0.040446,49.682,0.52913,26.622,0.09228,26.622,6.4567,0.52759,28.61,-80.598,NaN,NaN,NaN,NaN,103.53,NaN,NaN,0,NaN,NaN,NaN,NaN
36.334,2208,-49.636,0.037897,49.662,0.53747,23.327,0.091949,23.327,6.7251,0.53612,28.61,-80.598,NaN,NaN,NaN,NaN,103.53,NaN,NaN,0,NaN,NaN,NaN,NaN
36.834,2183.2,-49.619,0.032488,49.636,0.13761,19.981,0.091608,19.981,6.6581,0.13372,28.61,-80.598,NaN,NaN,NaN,NaN,103.53,NaN,NaN,0,NaN,NaN,NaN,NaN
37.334,2158.4,-49.6,0.040046,49.626,0.58871,16.579,0.09126,16.579,6.9518,0.58737,28.61,-80.598,NaN,NaN,NaN,NaN,103.53,NaN,NaN,0,NaN,NaN,NaN,NaN
37.834,2133.6,-49.58,0.034377,49.603,0.39813,13.152,0.090909,13.153,6.7533,0.39662,28.61,-80.598,NaN,NaN,NaN,NaN,103.53,NaN,NaN,0,NaN,NaN,NaN,NaN
38.334,2108.8,-49.564,0.037877,49.59,0.5669,9.8465,0.090551,9.8468,6.4705,0.56562,28.61,-80.598,NaN,NaN,NaN,NaN,103.53,NaN,NaN,0,NaN,NaN,NaN,NaN
38.834,2084,-49.547,0.032385,49.564,0.20602,6.5856,0.090194,6.5863,6.5722,0.20346,28.61,-80.598,NaN,NaN,NaN,NaN,103.53,NaN,NaN,0,NaN,NaN,NaN,NaN
39.334,2059.2,-49.528,0.035062,49.547,0.26265,3.2669,0.089836,3.2681,6.7024,0.2603,28.61,-80.598,NaN,NaN,NaN,NaN,103.53,NaN,NaN,0,NaN,NaN,NaN,NaN
39.834,2034.4,-49.511,0.035466,49.531,0.25316,-0.11566,0.089482,0.14623,6.8278,0.25067,28.61,-80.598,NaN,NaN,NaN,NaN,103.53,NaN,NaN,0,NaN,NaN,NaN,NaN
40.334,2009.7,-49.491,0.041598,49.521,0.67789,-3.4449,0.089121,3.4462,6.4895,0.67661,28.61,-80.598,NaN,NaN,NaN,NaN,103.53,NaN,NaN,0,NaN,NaN,NaN,NaN
40.834,1985,-49.475,0.031033,49.491,0.14138,-6.707,0.088763,6.7077,6.5584,0.13794,28.61,-80.598,NaN,NaN,NaN,NaN,103.53,NaN,NaN,0,NaN,NaN,NaN,NaN
41.334,1960.2,-49.459,0.033688,49.475,0.039554,-9.9888,0.088409,9.9892,6.5689,0.020729,28.61,-80.598,NaN,NaN,NaN,NaN,103.53,NaN,NaN,0,NaN,NaN,NaN,NaN
41.834,1935.5,-49.442,0.034911,49.459,0.056522,-13.279,0.088054,13.279,6.5912,0.044452,28.61,-80.598,NaN,NaN,NaN,NaN,103.53,NaN,NaN,0,NaN,NaN,NaN,NaN
42.334,1910.8,-49.423,0.035351,49.442,0.10093,-16.563,0.0877,16.563,6.544,0.094531,28.61,-80.598,NaN,NaN,NaN,NaN,103.53,NaN,NaN,0,NaN,NaN,NaN,NaN
42.834,1886.1,-49.406,0.035797,49.423,0.18388,-19.857,0.087346,19.857,6.6339,0.18036,28.61,-80.598,NaN,NaN,NaN,NaN,103.53,NaN,NaN,0,NaN,NaN,NaN,NaN
43.334,1861.4,-49.386,0.037953,49.409,0.43369,-23.228,0.086991,23.228,6.8501,0.43202,28.61,-80.598,NaN,NaN,NaN,NaN,103.53,NaN,NaN,0,NaN,NaN,NaN,NaN
43.834,1836.7,-49.37,0.033261,49.386,0.03959,-26.656,0.086637,26.656,6.8609,0.021472,28.61,-80.598,NaN,NaN,NaN,NaN,103.53,NaN,NaN,0,NaN,NaN,NaN,NaN
44.334,1812,-49.35,0.03731,49.373,0.419,-30.138,0.086276,30.138,7.0696,0.41732,28.61,-80.598,NaN,NaN,NaN,NaN,103.53,NaN,NaN,0,NaN,NaN,NaN,NaN
44.834,1787.4,-49.334,0.03314,49.35,0.041296,-33.671,0.085912,33.671,7.0571,0.024635,28.61,-80.598,NaN,NaN,NaN,NaN,103.53,NaN,NaN,0,NaN,NaN,NaN,NaN
45.334,1762.7,-49.311,0.046027,49.354,0.87267,-37.09,0.085541,37.09,6.6214,0.87146,28.61,-80.598,NaN,NaN,NaN,NaN,103.53,NaN,NaN,0,NaN,NaN,NaN,NaN
45.834,1738,-49.295,0.032897,49.321,0.61427,-40.325,0.085174,40.325,6.3146,0.61339,28.61,-80.598,NaN,NaN,NaN,NaN,103.53,NaN,NaN,0,NaN,NaN,NaN,NaN
46.334,1713.4,-49.278,0.031461,49.298,0.44613,-43.425,0.084813,43.425,6.0922,0.44501,28.61,-80.598,NaN,NaN,NaN,NaN,103.53,NaN,NaN,0,NaN,NaN,NaN,NaN
46.834,1688.7,-49.259,0.039026,49.291,0.74022,-46.378,0.084462,46.378,5.7224,0.73917,28.61,-80.598,NaN,NaN,NaN,NaN,103.53,NaN,NaN,0,NaN,NaN,NaN,NaN
47.334,1664.1,-49.242,0.035584,49.272,0.71056,-49.15,0.084121,49.15,5.3678,0.70968,28.61,-80.598,NaN,NaN,NaN,NaN,103.53,NaN,NaN,0,NaN,NaN,NaN,NaN
47.834,1639.5,-49.222,0.036014,49.255,0.74262,-51.929,0.083796,51.929,5.7385,0.74173,28.61,-80.598,NaN,NaN,NaN,NaN,103.53,NaN,NaN,0,NaN,NaN,NaN,NaN
48.334,1614.9,-49.206,0.033159,49.232,0.64596,-54.879,0.083481,54.879,6.061,0.64511,28.61,-80.598,NaN,NaN,NaN,NaN,103.53,NaN,NaN,0,NaN,NaN,NaN,NaN
48.834,1590.3,-49.193,0.031298,49.209,0.38133,-57.956,0.083163,57.956,6.2513,0.38005,28.61,-80.598,NaN,NaN,NaN,NaN,103.53,NaN,NaN,0,NaN,NaN,NaN,NaN
49.334,1565.7,-49.17,0.040033,49.203,0.68878,-61.168,0.082844,61.168,6.5948,0.6876,28.61,-80.598,NaN,NaN,NaN,NaN,103.53,NaN,NaN,0,NaN,NaN,NaN,NaN
49.834,1541.1,-49.154,0.033642,49.177,0.45233,-64.521,0.082516,64.521,6.8205,0.45108,28.61,-80.598,NaN,NaN,NaN,NaN,103.53,NaN,NaN,0,NaN,NaN,NaN,NaN
50.334,1516.6,-49.137,0.033173,49.157,0.22627,-67.959,0.082178,67.959,6.9324,0.22383,28.61,-80.598,NaN,NaN,NaN,NaN,103.53,NaN,NaN,0,NaN,NaN,NaN,NaN
50.834,1492,-49.121,0.035207,49.14,0.201,-71.45,0.081831,71.45,7.0315,0.19789,28.61,-80.598,NaN,NaN,NaN,NaN,103.53,NaN,NaN,0,NaN,NaN,NaN,NaN
51.334,1467.5,-49.098,0.044101,49.134,0.7561,-74.872,0.081476,74.872,6.6539,0.75482,28.61,-80.598,NaN,NaN,NaN,NaN,103.53,NaN,NaN,0,NaN,NaN,NaN,NaN
51.834,1442.9,-49.081,0.032328,49.101,0.36877,-78.153,0.081115,78.153,6.4701,0.36732,28.61,-80.598,NaN,NaN,NaN,NaN,103.53,NaN,NaN,0,NaN,NaN,NaN,NaN
52.334,1418.4,-49.065,0.03357,49.085,0.21674,-81.362,0.080761,81.362,6.3632,0.21412,28.61,-80.598,NaN,NaN,NaN,NaN,103.53,NaN,NaN,0,NaN,NaN,NaN,NaN
52.834,1393.8,-49.045,0.037621,49.072,0.44518,-84.488,0.08041,84.488,6.1414,0.4436,28.61,-80.598,NaN,NaN,NaN,NaN,103.53,NaN,NaN,0,NaN,NaN,NaN,NaN
53.334,1369.3,-49.029,0.033704,49.045,0.042579,-87.562,0.080066,87.562,6.1545,0.026022,28.61,-80.598,NaN,NaN,NaN,NaN,103.53,NaN,NaN,0,NaN,NaN,NaN,NaN
53.834,1344.8,-49.006,0.044636,49.045,0.77087,-90.735,0.079724,90.735,6.5394,0.76959,28.61,-80.598,NaN,NaN,NaN,NaN,103.53,NaN,NaN,0,NaN,NaN,NaN,NaN
54.334,1320.3,-48.99,0.034777,49.016,0.56572,-94.075,0.079386,94.075,6.8215,0.56467,28.61,-80.598,NaN,NaN,NaN,NaN,103.53,NaN,NaN,0,NaN,NaN,NaN,NaN
54.834,1295.8,-48.973,0.032387,48.993,0.35184,-97.441,0.079042,97.441,6.6463,0.35036,28.61,-80.598,NaN,NaN,NaN,NaN,103.53,NaN,NaN,0,NaN,NaN,NaN,NaN
55.334,1271.3,-48.957,0.0352,48.976,0.39649,-100.72,0.078694,100.72,6.4488,0.39491,28.61,-80.598,NaN,NaN,NaN,NaN,103.53,NaN,NaN,0,NaN,NaN,NaN,NaN
55.834,1246.9,-48.934,0.045351,48.973,0.87694,-104.05,0.078346,104.05,6.8868,0.87575,28.61,-80.598,NaN,NaN,NaN,NaN,103.53,NaN,NaN,0,NaN,NaN,NaN,NaN
56.334,1222.4,-48.921,0.028157,48.934,0.26225,-107.53,0.077995,107.53,7.0171,0.26073,28.61,-80.598,NaN,NaN,NaN,NaN,103.53,NaN,NaN,0,NaN,NaN,NaN,NaN
56.834,1197.9,-48.904,0.032325,48.921,0.13175,-111.05,0.077638,111.05,7.081,0.12772,28.61,-80.598,NaN,NaN,NaN,NaN,103.53,NaN,NaN,0,NaN,NaN,NaN,NaN
57.334,1173.5,-48.878,0.047713,48.924,0.93819,-114.48,0.077277,114.48,6.6125,0.93698,28.61,-80.598,NaN,NaN,NaN,NaN,103.53,NaN,NaN,0,NaN,NaN,NaN,NaN
57.834,1149,-48.865,0.02881,48.885,0.41404,-117.73,0.076913,117.73,6.4062,0.41302,28.61,-80.598,NaN,NaN,NaN,NaN,103.53,NaN,NaN,0,NaN,NaN,NaN,NaN
58.334,1124.6,-48.848,0.03097,48.865,0.1552,-120.91,0.076555,120.91,6.3301,0.15208,28.61,-80.598,NaN,NaN,NaN,NaN,103.53,NaN,NaN,0,NaN,NaN,NaN,NaN
58.834,1100.2,-48.832,0.036083,48.855,0.39501,-124.13,0.076204,124.13,6.5266,0.39337,28.61,-80.598,NaN,NaN,NaN,NaN,103.53,NaN,NaN,0,NaN,NaN,NaN,NaN
59.334,1075.8,-48.816,0.03372,48.832,0.18188,-127.41,0.075856,127.41,6.6161,0.17873,28.61,-80.598,NaN,NaN,NaN,NaN,103.53,NaN,NaN,0,NaN,NaN,NaN,NaN
59.834,1051.4,-48.796,0.036388,48.819,0.37651,-130.67,0.075509,130.67,6.4288,0.37474,28.61,-80.598,NaN,NaN,NaN,NaN,103.53,NaN,NaN,0,NaN,NaN,NaN,NaN
60.334,1027,-48.78,0.034747,48.799,0.27533,-133.92,0.075161,133.92,6.5653,0.27313,28.61,-80.598,NaN,NaN,NaN,NaN,103.53,NaN,NaN,0,NaN,NaN,NaN,NaN
60.834,1002.6,-48.76,0.041663,48.789,0.70325,-137.29,0.074816,137.29,6.9163,0.70203,28.61,-80.598,NaN,NaN,NaN,NaN,103.53,NaN,NaN,0,NaN,NaN,NaN,NaN
61.334,978.25,-48.743,0.031089,48.76,0.30176,-140.79,0.074465,140.79,7.0663,0.30015,28.61,-80.598,NaN,NaN,NaN,NaN,103.53,NaN,NaN,0,NaN,NaN,NaN,NaN
61.834,953.87,-48.727,0.032548,48.743,0.1376,-144.3,0.074111,144.3,6.9993,0.1337,28.61,-80.598,NaN,NaN,NaN,NaN,103.53,NaN,NaN,0,NaN,NaN,NaN,NaN
62.334,929.53,-48.707,0.0352,48.727,0.29404,-147.77,0.073747,147.77,6.8533,0.29192,28.61,-80.598,NaN,NaN,NaN,NaN,103.53,NaN,NaN,0,NaN,NaN,NaN,NaN
62.834,905.18,-48.691,0.034957,48.711,0.28502,-151.16,0.073386,151.16,6.7119,0.28286,28.61,-80.598,NaN,NaN,NaN,NaN,103.53,NaN,NaN,0,NaN,NaN,NaN,NaN
63.334,880.84,-48.668,0.046949,48.711,0.91772,-154.63,0.073025,154.63,7.1703,0.91654,28.61,-80.598,NaN,NaN,NaN,NaN,103.53,NaN,NaN,0,NaN,NaN,NaN,NaN
63.834,856.5,-48.655,0.026018,48.668,0.12949,-158.2,0.072661,158.2,7.107,0.12685,28.61,-80.598,NaN,NaN,NaN,NaN,103.53,NaN,NaN,0,NaN,NaN,NaN,NaN
64.334,832.19,-48.632,0.047723,48.678,1.0269,-161.62,0.072293,161.62,6.5942,1.0258,28.61,-80.598,NaN,NaN,NaN,NaN,103.53,NaN,NaN,0,NaN,NaN,NaN,NaN
64.834,807.87,-48.619,0.025724,48.635,0.43143,-164.87,0.071926,164.87,6.3786,0.43068,28.61,-80.598,NaN,NaN,NaN,NaN,103.53,NaN,NaN,0,NaN,NaN,NaN,NaN
65.334,783.56,-48.602,0.028836,48.619,0.048084,-168.06,0.071568,168.06,6.398,0.038478,28.61,-80.598,NaN,NaN,NaN,NaN,103.53,NaN,NaN,0,NaN,NaN,NaN,NaN
65.834,759.25,-48.586,0.032629,48.602,0.034167,-171.26,0.071217,171.26,6.4029,0.010138,28.61,-80.598,NaN,NaN,NaN,NaN,103.53,NaN,NaN,0,NaN,NaN,NaN,NaN
66.334,734.97,-48.57,0.03727,48.593,0.46125,-174.52,0.070869,174.52,6.6329,0.45974,28.61,-80.598,NaN,NaN,NaN,NaN,103.53,NaN,NaN,0,NaN,NaN,NaN,NaN
66.834,710.7,-48.553,0.032356,48.57,0.14234,-177.82,0.070525,177.82,6.5636,0.13862,28.61,-80.598,NaN,NaN,NaN,NaN,103.53,NaN,NaN,0,NaN,NaN,NaN,NaN
67.334,686.42,-48.533,0.036683,48.556,0.46411,-181.04,0.070177,181.04,6.3323,0.46266,28.61,-80.598,NaN,NaN,NaN,NaN,103.53,NaN,NaN,0,NaN,NaN,NaN,NaN
67.834,662.17,-48.517,0.03217,48.533,0.14626,-184.19,0.069833,184.19,6.2608,0.14268,28.61,-80.598,NaN,NaN,NaN,NaN,103.53,NaN,NaN,0,NaN,NaN,NaN,NaN
67.846,661.55,-46.877,128.66,48.52,128.67,-184.27,0.069826,184.27,6.2448,1.2554,28.61,-80.598,NaN,NaN,NaN,NaN,103.53,NaN,NaN,0,NaN,NaN,NaN,NaN
67.86,660.93,-45.236,117.98,46.88,117.99,-184.36,0.069816,184.36,6.2247,1.4379,28.61,-80.598,NaN,NaN,NaN,NaN,103.53,NaN,NaN,0,NaN,NaN,NaN,NaN
67.876,660.24,-43.596,107.67,45.24,107.68,-184.45,0.069806,184.45,6.2024,1.4792,28.61,-80.598,NaN,NaN,NaN,NaN,103.53,NaN,NaN,0,NaN,NaN,NaN,NaN
67.892,659.51,-41.959,97.717,43.599,97.726,-184.56,0.069797,184.56,6.1775,1.4711,28.61,-80.598,NaN,NaN,NaN,NaN,103.53,NaN,NaN,0,NaN,NaN,NaN,NaN
67.911,658.76,-40.318,88.133,41.959,88.146,-184.67,0.069787,184.67,6.1503,1.4644,28.61,-80.598,NaN,NaN,NaN,NaN,103.53,NaN,NaN,0,NaN,NaN,NaN,NaN
67.932,657.94,-38.678,78.917,40.318,78.927,-184.8,0.069774,184.8,6.125,1.2233,28.61,-80.598,NaN,NaN,NaN,NaN,103.53,NaN,NaN,0,NaN,NaN,NaN,NaN
67.955,657.05,-37.037,70.066,38.678,70.069,-184.94,0.06976,184.94,6.106,0.81499,28.61,-80.598,NaN,NaN,NaN,NaN,103.53,NaN,NaN,0,NaN,NaN,NaN,NaN
67.982,656.07,-35.397,61.581,37.037,61.585,-185.1,0.069747,185.1,6.0922,0.5107,28.61,-80.598,NaN,NaN,NaN,NaN,103.53,NaN,NaN,0,NaN,NaN,NaN,NaN
68.013,655.02,-33.757,53.468,35.397,53.471,-185.29,0.069734,185.29,6.0748,0.56814,28.61,-80.598,NaN,NaN,NaN,NaN,103.53,NaN,NaN,0,NaN,NaN,NaN,NaN
68.048,653.84,-32.115,45.722,33.757,45.728,-185.51,0.069718,185.51,6.0482,0.74583,28.61,-80.598,NaN,NaN,NaN,NaN,103.53,NaN,NaN,0,NaN,NaN,NaN,NaN
68.091,652.49,-30.476,38.35,32.119,38.366,-185.77,0.069698,185.77,6.0003,1.1167,28.61,-80.598,NaN,NaN,NaN,NaN,103.53,NaN,NaN,0,NaN,NaN,NaN,NaN
68.143,650.95,-28.837,31.349,30.484,31.386,-186.08,0.069675,186.08,5.9213,1.5118,28.61,-80.598,NaN,NaN,NaN,NaN,103.53,NaN,NaN,0,NaN,NaN,NaN,NaN
68.21,649.08,-27.198,24.704,28.843,24.729,-186.47,0.069649,186.47,5.8491,1.0913,28.61,-80.598,NaN,NaN,NaN,NaN,103.53,NaN,NaN,0,NaN,NaN,NaN,NaN
68.299,646.75,-25.559,18.426,27.2,18.437,-186.98,0.069619,186.98,5.7927,0.63294,28.61,-80.598,NaN,NaN,NaN,NaN,103.53,NaN,NaN,0,NaN,NaN,NaN,NaN
68.43,643.5,-23.919,12.516,25.559,12.518,-187.75,0.069573,187.75,5.8241,0.23968,28.61,-80.598,NaN,NaN,NaN,NaN,103.53,NaN,NaN,0,NaN,NaN,NaN,NaN
68.665,638.06,-22.28,6.9747,23.919,6.9793,-189.12,0.069501,189.12,5.8832,0.25225,28.61,-80.598,NaN,NaN,NaN,NaN,103.53,NaN,NaN,0,NaN,NaN,NaN,NaN
69.165,627.17,-21.375,1.8088,22.283,1.9008,-192.14,0.06936,192.14,6.1755,0.58432,28.61,-80.598,NaN,NaN,NaN,NaN,103.53,NaN,NaN,0,NaN,NaN,NaN,NaN
69.665,616.37,-21.817,-0.88412,21.376,0.90883,-195.25,0.069219,195.25,6.2808,0.21047,28.61,-80.598,NaN,NaN,NaN,NaN,103.53,NaN,NaN,0,NaN,NaN,NaN,NaN
70.165,605.51,-21.599,0.4353,21.82,0.69478,-198.32,0.069072,198.32,6.0098,0.54147,28.61,-80.598,NaN,NaN,NaN,NaN,103.53,NaN,NaN,0,NaN,NaN,NaN,NaN
70.665,594.69,-21.702,-0.20532,21.6,0.22018,-201.34,0.068927,201.34,6.0499,0.079518,28.61,-80.598,NaN,NaN,NaN,NaN,103.53,NaN,NaN,0,NaN,NaN,NaN,NaN
71.165,583.86,-21.644,0.11542,21.707,0.66391,-204.28,0.068783,204.28,5.7228,0.65381,28.61,-80.598,NaN,NaN,NaN,NaN,103.53,NaN,NaN,0,NaN,NaN,NaN,NaN
71.665,573,-21.667,-0.044826,21.65,0.69678,-207.06,0.068645,207.06,5.375,0.69534,28.61,-80.598,NaN,NaN,NaN,NaN,103.53,NaN,NaN,0,NaN,NaN,NaN,NaN
72.165,562.17,-21.647,0.039596,21.677,0.99318,-209.87,0.06851,209.87,5.8714,0.99239,28.61,-80.598,NaN,NaN,NaN,NaN,103.53,NaN,NaN,0,NaN,NaN,NaN,NaN
72.665,551.38,-21.627,0.039888,21.69,2.0338,-213.06,0.068379,213.06,6.8881,2.0334,28.61,-80.598,NaN,NaN,NaN,NaN,103.53,NaN,NaN,0,NaN,NaN,NaN,NaN
73.165,540.55,-21.662,-0.069948,21.63,0.46693,-216.56,0.068235,216.56,7.1188,0.46165,28.61,-80.598,NaN,NaN,NaN,NaN,103.53,NaN,NaN,0,NaN,NaN,NaN,NaN
73.665,529.72,-21.642,0.040906,21.662,0.15484,-220.14,0.068074,220.14,7.1936,0.14933,28.61,-80.598,NaN,NaN,NaN,NaN,103.53,NaN,NaN,0,NaN,NaN,NaN,NaN
74.165,518.9,-21.64,0.002475,21.65,0.90141,-223.62,0.067907,223.62,6.7428,0.90141,28.61,-80.598,NaN,NaN,NaN,NaN,103.53,NaN,NaN,0,NaN,NaN,NaN,NaN
74.665,508.07,-21.636,0.0080374,21.648,0.87362,-226.89,0.067743,226.89,6.3061,0.87359,28.61,-80.598,NaN,NaN,NaN,NaN,103.53,NaN,NaN,0,NaN,NaN,NaN,NaN
75.165,497.28,-21.627,0.018367,21.653,1.2416,-230.19,0.067589,230.19,6.9268,1.2415,28.61,-80.598,NaN,NaN,NaN,NaN,103.53,NaN,NaN,0,NaN,NaN,NaN,NaN
75.665,486.45,-21.639,-0.022825,21.627,0.024391,-233.66,0.067431,233.66,6.9311,0.0085974,28.61,-80.598,NaN,NaN,NaN,NaN,103.53,NaN,NaN,0,NaN,NaN,NaN,NaN
76.165,475.62,-21.609,0.060059,21.665,1.5887,-236.93,0.06727,236.93,6.1371,1.5876,28.61,-80.598,NaN,NaN,NaN,NaN,103.53,NaN,NaN,0,NaN,NaN,NaN,NaN
76.665,464.83,-21.637,-0.057697,21.609,0.17968,-239.97,0.067116,239.97,6.0522,0.17016,28.61,-80.598,NaN,NaN,NaN,NaN,103.53,NaN,NaN,0,NaN,NaN,NaN,NaN
77.165,454,-21.614,0.04708,21.644,0.78094,-243.1,0.066969,243.1,6.4419,0.77953,28.61,-80.598,NaN,NaN,NaN,NaN,103.53,NaN,NaN,0,NaN,NaN,NaN,NaN
77.665,443.21,-21.625,-0.02222,21.614,0.077546,-246.31,0.066821,246.31,6.4049,0.074295,28.61,-80.598,NaN,NaN,NaN,NaN,103.53,NaN,NaN,0,NaN,NaN,NaN,NaN
78.165,432.38,-21.611,0.029066,21.631,0.7356,-249.42,0.066673,249.42,6.0374,0.73504,28.61,-80.598,NaN,NaN,NaN,NaN,103.53,NaN,NaN,0,NaN,NaN,NaN,NaN
78.665,421.59,-21.617,-0.012467,21.611,0.044285,-252.44,0.066526,252.44,6.0584,0.042497,28.61,-80.598,NaN,NaN,NaN,NaN,103.53,NaN,NaN,0,NaN,NaN,NaN,NaN
79.165,410.79,-21.608,0.018379,21.618,0.39075,-255.42,0.066381,255.42,5.8635,0.39032,28.61,-80.598,NaN,NaN,NaN,NaN,103.53,NaN,NaN,0,NaN,NaN,NaN,NaN
79.665,399.97,-21.607,3.21E-04,21.609,0.32016,-258.39,0.06624,258.4,6.0236,0.32016,28.61,-80.598,NaN,NaN,NaN,NaN,103.53,NaN,NaN,0,NaN,NaN,NaN,NaN
80.165,389.17,-21.585,0.044993,21.632,1.537,-261.6,0.066102,261.6,6.7917,1.5364,28.61,-80.598,NaN,NaN,NaN,NaN,103.53,NaN,NaN,0,NaN,NaN,NaN,NaN
80.665,378.38,-21.6,-0.030854,21.597,1.07,-264.86,0.065955,264.86,6.2569,1.0696,28.61,-80.598,NaN,NaN,NaN,NaN,103.53,NaN,NaN,0,NaN,NaN,NaN,NaN
81.165,367.59,-21.596,0.0077028,21.601,0.18122,-267.97,0.065801,267.97,6.1663,0.18105,28.61,-80.598,NaN,NaN,NaN,NaN,103.53,NaN,NaN,0,NaN,NaN,NaN,NaN
81.665,356.79,-21.594,0.0057707,21.596,0.055814,-271.06,0.065653,271.06,6.1942,0.055515,28.61,-80.604,NaN,NaN,NaN,NaN,103.53,NaN,NaN,0,NaN,NaN,NaN,NaN
82.165,346,-21.584,0.018602,21.601,0.85722,-274.26,0.065509,274.26,6.6227,0.85702,28.61,-80.604,NaN,NaN,NaN,NaN,103.53,NaN,NaN,0,NaN,NaN,NaN,NaN
82.665,335.2,-21.587,-0.0055131,21.588,0.56621,-277.64,0.065361,277.64,6.9058,0.56617,28.61,-80.604,NaN,NaN,NaN,NaN,103.53,NaN,NaN,0,NaN,NaN,NaN,NaN
83.165,324.41,-21.581,0.011908,21.59,0.52625,-281.03,0.065203,281.03,6.6427,0.52612,28.61,-80.604,NaN,NaN,NaN,NaN,103.53,NaN,NaN,0,NaN,NaN,NaN,NaN
83.665,313.62,-21.579,0.0032131,21.583,0.46266,-284.41,0.065046,284.41,6.874,0.46266,28.61,-80.604,NaN,NaN,NaN,NaN,103.53,NaN,NaN,0,NaN,NaN,NaN,NaN
84.165,302.83,-21.568,0.02271,21.591,1.0694,-287.71,0.064885,287.71,6.3392,1.0692,28.61,-80.604,NaN,NaN,NaN,NaN,103.53,NaN,NaN,0,NaN,NaN,NaN,NaN
84.665,292.04,-21.571,-0.0064088,21.576,0.89344,-290.99,0.064731,290.99,6.7861,0.89344,28.61,-80.604,NaN,NaN,NaN,NaN,103.53,NaN,NaN,0,NaN,NaN,NaN,NaN
85.165,281.26,-21.563,0.017301,21.583,1.0332,-294.51,0.064577,294.51,7.3025,1.033,28.61,-80.604,NaN,NaN,NaN,NaN,103.53,NaN,NaN,0,NaN,NaN,NaN,NaN
85.665,270.48,-21.565,-0.0036129,21.571,0.86388,-298.06,0.064413,298.06,6.8707,0.86385,28.61,-80.604,NaN,NaN,NaN,NaN,103.53,NaN,NaN,0,NaN,NaN,NaN,NaN
86.165,259.7,-21.559,0.011111,21.572,0.84446,-301.39,0.064249,301.39,6.4485,0.84439,28.61,-80.604,NaN,NaN,NaN,NaN,103.53,NaN,NaN,0,NaN,NaN,NaN,NaN
86.665,248.92,-21.562,-0.0055249,21.56,0.26519,-304.58,0.064091,304.58,6.3159,0.26513,28.61,-80.604,NaN,NaN,NaN,NaN,103.53,NaN,NaN,0,NaN,NaN,NaN,NaN
87.165,238.14,-21.555,0.013647,21.563,0.36634,-307.78,0.063937,307.78,6.499,0.36608,28.61,-80.604,NaN,NaN,NaN,NaN,103.53,NaN,NaN,0,NaN,NaN,NaN,NaN
87.665,227.36,-21.546,0.017458,21.566,1.0226,-311.16,0.063789,311.16,7.0102,1.0224,28.61,-80.604,NaN,NaN,NaN,NaN,103.53,NaN,NaN,0,NaN,NaN,NaN,NaN
88.165,216.59,-21.553,-0.013287,21.547,0.32858,-314.63,0.063632,314.63,6.8461,0.32831,28.61,-80.604,NaN,NaN,NaN,NaN,103.53,NaN,NaN,0,NaN,NaN,NaN,NaN
88.665,205.81,-21.544,0.016848,21.554,0.37119,-318,0.063471,318,6.6608,0.3708,28.61,-80.604,NaN,NaN,NaN,NaN,103.53,NaN,NaN,0,NaN,NaN,NaN,NaN
89.165,195.04,-21.543,0.0032399,21.547,0.48862,-321.39,0.063314,321.39,6.9049,0.48862,28.61,-80.604,NaN,NaN,NaN,NaN,103.53,NaN,NaN,0,NaN,NaN,NaN,NaN
89.665,184.27,-21.54,0.0046122,21.543,0.053484,-324.85,0.063153,324.85,6.9314,0.053287,28.61,-80.604,NaN,NaN,NaN,NaN,103.53,NaN,NaN,0,NaN,NaN,NaN,NaN
90.165,173.51,-21.52,0.040052,21.562,1.4501,-328.15,0.062992,328.15,6.2067,1.4495,28.61,-80.604,NaN,NaN,NaN,NaN,103.53,NaN,NaN,0,NaN,NaN,NaN,NaN
90.665,162.74,-21.531,-0.020562,21.535,1.1876,-331.1,0.062838,331.1,5.6132,1.1874,28.61,-80.604,NaN,NaN,NaN,NaN,103.53,NaN,NaN,0,NaN,NaN,NaN,NaN
91.165,151.98,-21.531,-8.66E-04,21.531,0.2618,-333.92,0.062694,333.92,5.7441,0.2618,28.61,-80.604,NaN,NaN,NaN,NaN,103.53,NaN,NaN,0,NaN,NaN,NaN,NaN
91.665,141.22,-21.484,0.094275,21.588,2.345,-337.11,0.062559,337.11,6.9157,2.3431,28.61,-80.604,NaN,NaN,NaN,NaN,103.53,NaN,NaN,0,NaN,NaN,NaN,NaN
92.165,130.47,-21.538,-0.10902,21.492,0.89957,-340.45,0.062415,340.45,6.4692,0.89295,28.61,-80.604,NaN,NaN,NaN,NaN,103.53,NaN,NaN,0,NaN,NaN,NaN,NaN
92.665,119.71,-21.497,0.082057,21.559,1.4202,-343.5,0.06226,343.5,5.7602,1.4179,28.61,-80.604,NaN,NaN,NaN,NaN,103.53,NaN,NaN,0,NaN,NaN,NaN,NaN
93.165,108.96,-21.514,-0.033136,21.517,1.3587,-346.19,0.062116,346.19,5.081,1.3583,28.61,-80.604,NaN,NaN,NaN,NaN,103.53,NaN,NaN,0,NaN,NaN,NaN,NaN
93.665,98.199,-21.514,-4.18E-04,21.515,0.36716,-348.79,0.061985,348.79,5.2644,0.36716,28.61,-80.604,NaN,NaN,NaN,NaN,103.53,NaN,NaN,0,NaN,NaN,NaN,NaN
94.165,87.47,-21.427,0.17328,21.625,3.2828,-351.84,0.06186,351.84,6.9026,3.2781,28.61,-80.604,NaN,NaN,NaN,NaN,103.53,NaN,NaN,0,NaN,NaN,NaN,NaN
94.665,76.726,-21.545,-0.23389,21.432,0.68281,-355.22,0.061722,355.22,6.582,0.6415,28.61,-80.604,NaN,NaN,NaN,NaN,103.53,NaN,NaN,0,NaN,NaN,NaN,NaN
95.165,65.974,-21.467,0.1559,21.57,1.5659,-358.3,0.061572,358.3,5.8028,1.5581,28.61,-80.604,NaN,NaN,NaN,NaN,103.53,NaN,NaN,0,NaN,NaN,NaN,NaN
95.665,55.226,-21.519,-0.10423,21.467,0.21029,-361.19,0.061424,361.19,5.7116,0.18264,28.61,-80.604,NaN,NaN,NaN,NaN,103.53,NaN,NaN,0,NaN,NaN,NaN,NaN
96.165,44.475,-21.489,0.060751,21.519,0.072106,-364.04,0.061286,364.04,5.6923,0.038842,28.61,-80.604,NaN,NaN,NaN,NaN,103.53,NaN,NaN,0,NaN,NaN,NaN,NaN
96.665,33.734,-21.48,0.017046,21.513,1.5478,-367.06,0.061152,367.06,6.4659,1.5477,28.61,-80.604,NaN,NaN,NaN,NaN,103.53,NaN,NaN,0,NaN,NaN,NaN,NaN
97.165,22.992,-21.489,-0.017654,21.492,1.0795,-370.44,0.06101,370.44,7.0056,1.0794,28.61,-80.604,NaN,NaN,NaN,NaN,103.53,NaN,NaN,0,NaN,NaN,NaN,NaN
97.665,12.247,-21.488,7.27E-04,21.489,0.15196,-373.95,0.06086,373.95,7.0817,0.15196,28.61,-80.604,NaN,NaN,NaN,NaN,103.53,NaN,NaN,0,NaN,NaN,NaN,NaN
98.165,1.5046,-21.483,0.010433,21.489,0.29483,-377.53,0.060699,377.53,7.229,0.29464,28.61,-80.604,NaN,NaN,NaN,NaN,103.53,NaN,NaN,0,NaN,NaN,NaN,NaN
98.665,-9.2362,-21.481,0.0052579,21.485,0.36217,-381.1,0.060531,381.1,7.0479,0.36214,28.61,-80.604,NaN,NaN,NaN,NaN,103.53,NaN,NaN,0,NaN,NaN,NaN,NaN
,,,,,,,,,,,,,,,,,,,,,,,NaN,NaN
