0,0,0,58.138,90,125.91,8.5534,0,0.47506
0.01,0.0029069,0.58138,139.1,73.381,125.91,18.748,1.1921e-4,0.47149
0.02,0.015679,1.9732,106.43,44.767,125.82,14.625,0.0027664,0.4497
0.03,0.040736,3.0382,95.785,32.916,125.7,13.279,0.0070189,0.43334
0.04,0.07591,3.9966,102.96,26.311,125.6,14.174,0.01203,0.42157
0.05,0.12103,5.0266,108.83,21.555,125.51,14.906,0.018389,0.4115
0.06,0.17674,6.1154,112.05,17.957,125.41,15.305,0.026014,0.40303
0.07,0.24349,7.2364,115.18,15.29,125.3,15.694,0.03461,0.39593
0.08,0.32162,8.3888,113.33,13.246,125.19,15.458,0.043969,0.38989
0.09,0.41118,9.5226,108.79,11.694,125.08,14.886,0.05386,0.38487
0.1,0.51184,10.611,113.65,10.504,124.98,15.473,0.064095,0.38071
0.10942,0.61689,11.681,116.44,9.5793,124.87,15.872,0.075001,0.37712
0.11798,0.72116,12.68,110.02,8.8533,124.77,15.061,0.086143,0.37517
0.12587,0.82459,13.55,109.49,8.3077,124.69,14.953,0.096861,0.3752
0.13325,0.92757,14.357,112.22,7.859,124.6,15.311,0.10739,0.37523
0.14022,1.0303,15.139,111.58,7.4691,124.53,15.201,0.11812,0.37526
0.15066,1.1945,16.302,109.79,6.8918,124.44,14.969,0.13484,0.3753
0.16634,1.4635,18.018,106.91,6.2897,124.3,14.625,0.16213,0.37538
0.18599,1.8383,20.114,103.06,5.6102,124.12,14.228,0.19867,0.37548
0.20353,2.2069,21.924,99.486,4.9951,123.93,13.803,0.23268,0.37558
0.22003,2.5822,23.569,94.831,4.2812,123.76,13.213,0.26479,0.37568
0.23666,2.9872,25.146,97.504,3.5922,123.6,13.524,0.29742,0.37577
0.25407,3.4398,26.839,90.703,2.8832,123.44,12.731,0.33485,0.37589
0.27311,3.9673,28.564,89.127,2.1567,123.27,12.557,0.37558,0.37601
0.29578,4.6378,30.581,88.553,1.3046,123.09,12.385,0.42696,0.37616
0.32911,5.7055,33.489,82.22,0.030091,122.85,11.789,0.50956,0.3764
0.37909,7.4815,37.558,76.315,1.3903,122.49,11.477,0.64539,0.37677
0.39748,8.1851,38.986,75.673,1.7106,122.21,11.256,0.69784,0.37692
0.41143,8.7364,40.043,73.958,1.9427,122.09,11.074,0.73821,0.37702
0.42297,9.2034,40.897,72.472,2.0871,121.99,10.918,0.77149,0.37711
0.43323,9.6266,41.64,71.143,2.1671,121.9,10.777,0.80075,0.37719
0.44274,10.026,42.316,71.334,2.1995,121.83,10.819,0.82754,0.37727
0.45179,10.412,42.96,72.517,2.1813,121.75,10.988,0.85302,0.37734
0.46059,10.793,43.598,72.345,2.0865,121.69,10.984,0.87795,0.37741
0.46949,11.184,44.241,66.743,1.9598,121.62,10.305,0.90318,0.37748
0.47873,11.595,44.856,60.307,1.7998,121.55,9.5278,0.92733,0.37755
0.48843,12.033,45.44,56.547,1.6034,121.49,9.0925,0.95024,0.37762
0.49912,12.522,46.044,55.328,1.3569,121.42,8.951,0.97404,0.37769
0.51131,13.088,46.717,53.926,1.0435,121.35,8.7793,1.001,0.37778
0.52689,13.822,47.554,52.063,0.61157,121.26,8.5405,1.0355,0.37788
0.55025,14.947,48.761,49.58,0.048404,121.14,8.2558,1.0881,0.37803
0.5853,16.686,50.481,46.182,0.80428,120.97,8.0247,1.1687,0.37825
0.60204,17.538,51.263,45.43,1.0483,120.83,7.8951,1.2068,0.37835
0.61433,18.171,51.822,44.514,1.166,120.74,7.792,1.2342,0.37843
0.6251,18.732,52.301,43.375,1.2199,120.68,7.6692,1.2576,0.37849
0.63519,19.262,52.738,42.116,1.2278,120.62,7.5314,1.2788,0.37855
0.64508,19.785,53.154,40.854,1.1961,120.57,7.3954,1.2987,0.37861
0.65492,20.31,53.555,39.587,1.1385,120.52,7.2562,1.3179,0.37866
0.66526,20.867,53.964,38.223,1.0517,120.47,7.1089,1.3374,0.37872
0.67628,21.463,54.384,36.761,0.92085,120.42,6.9481,1.3574,0.37878
0.68857,22.135,54.834,35.093,0.73564,120.36,6.7576,1.3788,0.37884
0.7039,22.979,55.368,32.925,0.45058,120.29,6.4991,1.4045,0.37891
0.72689,24.261,56.113,29.86,0.060762,120.2,6.1598,1.4417,0.37902
0.76138,26.214,57.117,25.381,0.69543,120.08,5.8765,1.4963,0.37917
0.77592,27.047,57.496,24.729,0.85789,119.98,5.7253,1.5177,0.37923
0.78754,27.717,57.784,23.603,0.93107,119.93,5.598,1.5337,0.37927
0.79795,28.319,58.03,22.549,0.95157,119.88,5.4794,1.5471,0.37931
0.80807,28.908,58.257,21.504,0.93768,119.84,5.3617,1.5593,0.37934
0.81833,29.506,58.478,20.445,0.88579,119.8,5.2403,1.5709,0.37937
0.82906,30.135,58.697,19.339,0.79226,119.76,5.1097,1.582,0.37941
0.84078,30.824,58.922,17.949,0.65076,119.71,4.9343,1.5934,0.37944
0.85505,31.667,59.177,16.092,0.43667,119.67,4.6823,1.6061,0.37948
0.87628,32.927,59.511,13.154,0.07545,119.62,4.3056,1.6234,0.37953
0.90813,34.829,59.913,8.7254,0.46169,119.54,3.9432,1.6463,0.37959
0.92734,35.981,60.093,7.1776,0.74243,119.47,3.7238,1.6579,0.37962
0.93905,36.686,60.181,6.2147,0.84847,119.43,3.5674,1.6636,0.37964
0.94937,37.307,60.246,5.0532,0.89599,119.39,3.4255,1.6676,0.37965
0.95905,37.89,60.295,3.9275,0.90976,119.37,3.2885,1.6705,0.37965
0.96867,38.471,60.333,2.7747,0.88586,119.34,3.1504,1.6724,0.37966
0.97858,39.069,60.36,1.7553,0.82365,119.31,3.0296,1.6734,0.37967
0.98899,39.697,60.378,0.78394,0.7213,119.29,2.9095,1.6736,0.37967
1.0011,40.429,60.387,-0.40093,0.55786,119.27,2.7619,1.6731,0.37967
1.0167,41.37,60.378,-2.0026,0.24131,119.25,2.5542,1.671,0.37967
1.0401,42.78,60.323,-4.5374,0.24204,119.21,2.2427,1.6677,0.37966
1.0751,44.892,60.147,-8.2292,0.78714,119.16,1.9971,1.6605,0.37963
1.0861,45.553,60.065,-8.2093,0.87295,119.12,1.8851,1.6566,0.37962
1.0961,46.153,59.984,-8.9023,0.90716,119.1,1.7957,1.6523,0.37961
1.1057,46.727,59.899,-9.4477,0.87504,119.09,1.7208,1.6475,0.3796
1.1157,47.327,59.804,-10.022,0.78548,119.08,1.6402,1.6417,0.37958
1.1268,47.991,59.693,-10.659,0.64831,119.07,1.5453,1.6348,0.37957
1.1406,48.811,59.546,-11.474,0.43639,119.06,1.4145,1.6258,0.37954
1.1611,50.031,59.31,-12.786,0.11774,119.04,1.2188,1.6119,0.37951
1.1919,51.851,58.912,-14.827,0.2969,119.01,0.98485,1.5901,0.37945
1.2214,53.583,58.479,-16.651,0.59783,118.99,0.7942,1.5676,0.37938
1.2366,54.467,58.235,-17.112,0.67276,118.98,0.66795,1.5546,0.37935
1.2503,55.268,58,-17.963,0.68162,118.97,0.54759,1.5419,0.37931
1.2641,56.067,57.753,-18.871,0.62133,118.97,0.42086,1.5281,0.37927
1.2794,56.945,57.465,-19.929,0.5006,118.96,0.27116,1.5119,0.37923
1.2985,58.038,57.084,-21.616,0.29175,118.95,0.070781,1.4908,0.37917
1.3271,59.662,56.469,-22.013,0.064978,118.95,0,1.458,0.37908
1.37,62.064,55.531,-21.72,0.49036,118.95,0,1.4104,0.37895
1.3909,63.219,55.079,-21.552,0.57861,118.95,0,1.3877,0.37888
1.4085,64.187,54.7,-21.386,0.56429,118.95,0,1.3685,0.37883
1.4268,65.185,54.31,-21.192,0.46866,118.95,0,1.3486,0.37878
1.4491,66.393,53.84,-20.942,0.28191,118.95,0,1.3246,0.37871
1.4827,68.186,53.144,-20.577,0.043863,118.95,0,1.29,0.37862
1.5327,70.818,52.128,-20.093,0.43741,118.95,0,1.2413,0.37848
1.5594,72.207,51.592,-19.871,0.50006,118.95,0,1.2158,0.37841
1.5827,73.401,51.133,-19.697,0.44393,118.95,0,1.1937,0.37835
1.6095,74.766,50.606,-19.515,0.28367,118.95,0,1.1684,0.37828
1.6498,76.789,49.825,-19.273,0.053408,118.95,0,1.1319,0.37818
1.6998,79.256,48.87,-18.927,0.119,118.95,0,1.0897,0.37806
1.7498,81.676,47.931,-18.645,0.43843,118.95,0,1.048,0.37794
1.7807,83.147,47.358,-18.419,0.37123,118.95,0,1.023,0.37787
1.818,84.904,46.676,-18.137,0.21558,118.95,0,0.9933,0.37779
1.868,87.215,45.778,-17.772,0.017247,118.95,0,0.95482,0.37768
1.918,89.482,44.898,-17.42,0.31527,118.95,0,0.91855,0.37758
1.9657,91.602,44.075,-17.112,0.53495,118.95,0,0.88592,0.37748
1.9955,92.91,43.567,-16.949,0.47585,118.95,0,0.86544,0.37743
2.0296,94.382,42.994,-16.778,0.33754,118.95,0,0.84267,0.37736
2.0796,96.511,42.16,-16.595,0.24395,118.95,0,0.80963,0.37727
2.1296,98.598,41.334,-16.409,0.66093,118.95,0,0.77874,0.37718
2.1575,99.746,40.878,-16.27,0.69041,118.95,0,0.76169,0.37713
2.1845,100.85,40.44,-16.126,0.66644,118.95,0,0.74519,0.37709
2.2131,102,39.981,-15.957,0.54801,118.95,0,0.72781,0.37704
2.2496,103.44,39.403,-15.734,0.30139,118.95,0,0.70609,0.37698
2.2996,105.39,38.625,-15.411,0.40132,118.95,0,0.67887,0.3769
2.3496,107.31,37.861,-15.151,0.82449,118.95,0,0.6533,0.37683
2.3763,108.31,37.458,-15.027,0.94816,118.95,0,0.63997,0.37679
2.3996,109.18,37.11,-14.928,0.95756,118.95,0,0.62828,0.37675
2.4231,110.05,36.76,-14.843,0.78274,118.95,0,0.61578,0.37672
2.4524,111.12,36.326,-14.75,0.47311,118.95,0,0.6005,0.37668
2.4963,112.7,35.681,-14.633,0.082163,118.95,0,0.57881,0.37662
2.5463,114.47,34.953,-14.486,0.42314,118.95,0,0.55618,0.37655
2.5963,116.2,34.232,-14.336,0.68403,118.95,0,0.5342,0.37649
2.6352,117.52,33.677,-14.194,0.69253,118.95,0,0.51729,0.37644
2.6745,118.83,33.123,-14.034,0.57512,118.95,0,0.5004,0.37639
2.7237,120.44,32.437,-13.824,0.30871,118.95,0,0.47971,0.37634
2.7737,122.05,31.751,-13.617,0.020038,118.95,0,0.45955,0.37628
2.8237,123.62,31.075,-13.427,0.31983,118.95,0,0.44034,0.37622
2.8737,125.15,30.408,-13.248,0.61482,118.95,0,0.4222,0.37617
2.9237,126.66,29.75,-13.088,0.76942,118.95,0,0.40466,0.37612
2.97,128.02,29.147,-12.969,0.56406,118.95,0,0.38805,0.37607
3.02,129.46,28.501,-12.856,0.21994,118.95,0,0.37073,0.37603
3.07,130.87,27.861,-12.749,0.1167,118.95,0,0.35434,0.37598
3.12,132.25,27.226,-12.653,0.49298,118.95,0,0.33858,0.37593
3.17,133.59,26.596,-12.534,0.58482,118.95,0,0.32348,0.37589
3.22,134.91,25.973,-12.394,0.43114,118.95,0,0.30882,0.37585
3.27,136.19,25.357,-12.244,0.080881,118.95,0,0.29484,0.37581
3.32,137.44,24.748,-12.126,0.054863,118.95,0,0.28093,0.37577
3.37,138.67,24.144,-12.013,0.05815,118.95,0,0.2674,0.37573
3.42,139.86,23.547,-11.896,0.06538,118.95,0,0.25452,0.37569
3.47,141.02,22.955,-11.782,0.21298,118.95,0,0.24216,0.37566
3.52,142.15,22.368,-11.666,0.48697,118.95,0,0.23055,0.37562
3.57,143.26,21.788,-11.572,0.45595,118.95,0,0.21886,0.37559
3.62,144.33,21.211,-11.49,0.25662,118.95,0,0.20734,0.37556
3.67,145.38,20.639,-11.392,0.4143,118.95,0,0.19689,0.37553
3.72,146.4,20.072,-11.312,0.28759,118.95,0,0.18639,0.3755
3.77,147.39,19.507,-11.253,0.16661,118.95,0,0.17588,0.37547
3.82,148.35,18.947,-11.181,0.3332,118.95,0,0.16613,0.37544
3.87,149.28,18.389,-11.115,0.55491,118.95,0,0.15665,0.37541
3.92,150.19,17.835,-11.044,0.66318,118.95,0,0.14753,0.37538
3.97,151.06,17.285,-10.96,0.49043,118.95,0,0.13881,0.37536
4.02,151.92,16.739,-10.869,0.092307,118.95,0,0.13057,0.37534
4.07,152.74,16.198,-10.789,0.20299,118.95,0,0.12266,0.37531
4.12,153.54,15.66,-10.719,0.33315,118.95,0,0.11489,0.37529
4.17,154.3,15.126,-10.632,1.0312,118.95,0,0.10826,0.37527
4.22,155.05,14.597,-10.566,1.2768,118.95,0,0.10139,0.37525
4.27,155.76,14.07,-10.514,1.1743,118.95,0,0.094311,0.37523
4.32,156.46,13.545,-10.469,0.91629,118.95,0,0.087379,0.37521
4.37,157.12,13.023,-10.426,0.63523,118.95,0,0.08079,0.37519
4.42,157.76,12.502,-10.374,0.74019,118.95,0,0.074912,0.37518
4.47,158.37,11.985,-10.316,1.173,118.95,0,0.069748,0.37558
4.52,158.96,11.471,-10.266,1.4823,118.95,0,0.064898,0.37705
4.57,159.52,10.959,-10.214,1.9646,118.95,0,0.060511,0.37855
4.62,160.05,10.449,-10.179,1.8671,118.95,0,0.055617,0.38025
4.67,160.56,9.9408,-10.148,1.6857,118.95,0,0.050871,0.38206
4.72,161.05,9.4343,-10.11,1.8576,118.95,0,0.046726,0.38389
4.77,161.51,8.9298,-10.074,2.0386,118.95,0,0.042781,0.38582
4.82,161.94,8.4268,-10.046,1.9656,118.95,0,0.038765,0.38796
4.87,162.35,7.9253,-10.009,2.4113,118.95,0,0.035425,0.39009
4.92,162.73,7.426,-9.9631,3.42,118.95,0,0.032826,0.39215
4.97,163.09,6.9289,-9.9274,4.0912,118.95,0,0.030036,0.39448
5.02,163.42,6.4331,-9.9016,4.382,118.95,0,0.026967,0.39716
5.07,163.73,5.9388,-9.8703,5.1228,118.95,0,0.024473,0.39987
5.12,164.02,5.4461,-9.8422,5.8664,118.95,0,0.022062,0.40284
5.17,164.28,4.9545,-9.8243,6.2032,118.95,0,0.019344,0.40637
5.22,164.51,4.4636,-9.8065,6.7249,118.95,0,0.016875,0.41026
5.27,164.72,3.974,-9.7794,8.0983,118.95,0,0.01511,0.4141
5.32,164.91,3.4857,-9.7478,10.054,118.95,0,0.013696,0.41806
5.3271,164.94,3.4171,-9.7412,10.485,118.95,0,0.013596,0.41853
5.3376,164.97,3.3144,-9.7309,11.15,118.95,0,0.013447,0.41922
5.3534,165.02,3.1605,-9.7174,12.056,118.95,0,0.013129,0.42039
5.3772,165.09,2.9298,-9.7098,12.802,118.95,0,0.012184,0.42292
5.4128,165.19,2.5843,-9.6902,14.543,118.95,0,0.011045,0.4265
5.4628,165.31,2.1011,-9.6308,18.789,118.95,0,0.0099479,0.42998
5.5128,165.4,1.6215,-9.563,24.01,118.95,0,0.0088459,0.43218
5.5628,165.47,1.1443,-9.5227,28.672,118.95,0,0.0071591,0.43632
5.6128,165.52,0.66937,-9.4713,34.175,118.95,0,0.0055688,0.43995
5.6628,165.54,0.19749,-9.3973,40.483,118.95,0,0.0042042,0.44204
5.7128,165.54,-0.27243,-9.6148,47.089,118.95,0,0.0031481,0.44168
5.7628,165.51,-0.75232,-9.5798,53.755,118.95,0,0.0022144,0.44038
5.8128,165.46,-1.2302,-9.5316,59.823,118.95,0,0.0015374,0.43743
5.8628,165.39,-1.705,-9.4572,64.505,118.95,0,0.0011598,0.43244
5.9128,165.29,-2.1759,-9.38,68.958,118.95,0,7.8846e-4,0.42843
5.9582,165.18,-2.6004,-9.3018,72.724,118.95,0,5.1292e-4,0.42502
5.9974,165.07,-2.963,-9.225,75.693,118.95,0,3.3365e-4,0.4221
6.032,164.97,-3.2813,-9.1502,78.182,118.95,0,2.1124e-4,0.41959
6.0633,164.86,-3.566,-9.075,80.268,118.95,0,1.3086e-4,0.41734
6.0918,164.75,-3.8235,-8.9994,82.043,118.95,0,7.8555e-5,0.41529
6.118,164.65,-4.0586,-8.9245,83.612,118.95,0,4.4231e-5,0.41345
6.1423,164.55,-4.2748,-8.8511,85.051,118.95,0,2.2216e-5,0.41179
6.1651,164.45,-4.4755,-8.7801,86.423,118.95,0,8.993e-6,0.4103
6.1866,164.35,-4.6635,-8.7114,87.75,118.95,0,2.39e-6,0.40895
6.207,164.25,-4.8409,-8.6485,89.15,118.95,0,1.3689e-7,0.40778
6.2266,164.16,-5.0099,-8.5943,90.72,118.95,0,-8.6488e-8,0.4068
6.2456,164.06,-5.1724,-8.542,92.275,118.95,0,-2.7795e-6,0.40586
6.264,163.96,-5.3294,-8.4928,93.856,118.95,0,-1.3777e-5,0.40499
6.282,163.87,-5.4819,-8.4461,95.45,118.95,0,-3.951e-5,0.40415
6.2997,163.77,-5.6305,-8.4016,97.052,118.95,0,-8.6865e-5,0.40335
6.317,163.67,-5.776,-8.3633,98.767,118.95,0,-1.6855e-4,0.40261
6.3342,163.57,-5.9192,-8.3277,100.51,118.95,0,-2.9283e-4,0.40189
6.3512,163.47,-6.061,-8.2941,102.26,118.95,0,-4.6894e-4,0.40117
6.3682,163.36,-6.2015,-8.2525,103.77,118.95,0,-6.7449e-4,0.40036
6.3851,163.26,-6.3404,-8.2147,105.32,118.95,0,-9.4172e-4,0.39958
6.4019,163.15,-6.4783,-8.183,106.96,118.95,0,-0.0012921,0.39883
6.4188,163.04,-6.6162,-8.17,109,118.95,0,-0.0018161,0.39821
6.436,162.92,-6.7565,-8.1616,111.13,118.95,0,-0.0024922,0.39759
6.4536,162.8,-6.9002,-8.1559,113.3,118.95,0,-0.0033358,0.39693
6.4717,162.68,-7.0483,-8.1462,115.34,118.95,0,-0.0043057,0.39618
6.4905,162.54,-7.201,-8.1436,117.5,118.95,0,-0.0055154,0.39542
6.5101,162.4,-7.3605,-8.1391,119.58,118.95,0,-0.0068996,0.39458
6.5306,162.25,-7.5273,-8.1343,121.58,118.95,0,-0.008482,0.39365
6.5521,162.08,-7.7028,-8.1435,123.83,118.95,0,-0.010485,0.39272
6.5754,161.9,-7.8927,-8.1878,126.87,118.95,0,-0.013402,0.39188
6.6023,161.69,-8.1139,-8.2533,130.48,118.95,0,-0.017394,0.39093
6.6322,161.44,-8.3622,-8.3478,134.81,118.95,0,-0.022774,0.38993
6.6613,161.19,-8.6065,-8.4396,138.8,118.95,0,-0.028441,0.38892
6.69,160.94,-8.85,-8.5251,142.36,118.95,0,-0.034154,0.38786
6.7187,160.69,-9.0958,-8.6186,146.1,118.95,0,-0.0403,0.38686
6.7478,160.42,-9.3476,-8.7129,149.89,118.95,0,-0.04658,0.38588
6.7772,160.14,-9.6055,-8.7998,153.47,118.95,0,-0.052517,0.38488
6.7972,159.95,-9.7821,-8.8541,155.78,118.95,0,-0.056203,0.38421
6.8136,159.78,-9.9271,-8.8951,157.56,118.95,0,-0.058945,0.38367
6.8277,159.64,-10.053,-8.9283,159.04,118.95,0,-0.061111,0.3832
6.8405,159.51,-10.167,-8.956,160.3,118.95,0,-0.062874,0.38278
6.8521,159.4,-10.271,-8.9793,161.37,118.95,0,-0.064341,0.3824
6.8629,159.28,-10.369,-8.9977,162.19,118.95,0,-0.065628,0.38203
6.8731,159.18,-10.461,-9.0138,162.91,118.95,0,-0.066772,0.38168
6.8829,159.07,-10.548,-9.0281,163.56,118.95,0,-0.067775,0.38136
6.8922,158.98,-10.632,-9.0409,164.15,118.95,0,-0.068633,0.38105
6.9011,158.88,-10.713,-9.0524,164.67,118.95,0,-0.069385,0.38076
6.9097,158.79,-10.791,-9.0627,165.16,118.95,0,-0.070049,0.38048
6.918,158.7,-10.867,-9.0716,165.59,118.95,0,-0.070659,0.38021
6.9261,158.61,-10.94,-9.079,165.98,118.95,0,-0.071234,0.37995
6.9339,158.52,-11.011,-9.0851,166.33,118.95,0,-0.071788,0.37971
6.9415,158.44,-11.08,-9.0898,166.63,118.95,0,-0.072332,0.37947
6.949,158.36,-11.148,-9.0933,166.9,118.95,0,-0.072876,0.37924
6.9563,158.28,-11.214,-9.0959,167.16,118.95,0,-0.07338,0.37902
6.9634,158.2,-11.279,-9.0972,167.39,118.95,0,-0.073887,0.3788
6.9704,158.12,-11.343,-9.0973,167.59,118.95,0,-0.074409,0.37859
6.9772,158.04,-11.405,-9.0962,167.75,118.95,0,-0.074948,0.37839
6.984,157.96,-11.466,-9.0938,167.89,118.95,0,-0.07551,0.37819
6.9906,157.89,-11.527,-9.0901,167.99,118.95,0,-0.076096,0.378
6.9971,157.81,-11.586,-9.0852,168.07,118.95,0,-0.076708,0.37781
7.0036,157.74,-11.644,-9.0787,168.11,118.95,0,-0.07737,0.37762
7.0099,157.66,-11.702,-9.0709,168.11,118.95,0,-0.07808,0.37744
7.0162,157.59,-11.759,-9.0617,168.09,118.95,0,-0.078821,0.37726
7.0225,157.51,-11.816,-9.0512,168.04,118.95,0,-0.079593,0.37708
7.0287,157.44,-11.872,-9.0392,167.97,118.95,0,-0.080399,0.37691
7.0349,157.37,-11.928,-9.0259,167.88,118.95,0,-0.081238,0.37673
7.0411,157.29,-11.984,-9.011,167.76,118.95,0,-0.082112,0.37656
7.0472,157.22,-12.039,-8.9945,167.62,118.95,0,-0.083019,0.37639
7.0534,157.14,-12.095,-8.9774,167.49,118.95,0,-0.083875,0.37623
7.0596,157.07,-12.15,-8.9593,167.39,118.95,0,-0.084696,0.37607
7.0657,156.99,-12.205,-8.9394,167.25,118.95,0,-0.085552,0.37591
7.0719,156.92,-12.26,-8.9177,167.1,118.95,0,-0.086443,0.37576
7.0781,156.84,-12.316,-8.894,166.91,118.95,0,-0.087369,0.3756
7.0844,156.77,-12.371,-8.8681,166.71,118.95,0,-0.088328,0.37545
7.0906,156.69,-12.427,-8.8399,166.47,118.95,0,-0.089318,0.37529
7.097,156.61,-12.483,-8.8092,166.21,118.95,0,-0.090342,0.37516
7.1034,156.53,-12.539,-8.7766,165.96,118.95,0,-0.091356,0.37517
7.1099,156.45,-12.596,-8.742,165.72,118.95,0,-0.092338,0.37517
7.1164,156.36,-12.653,-8.7045,165.45,118.95,0,-0.093343,0.37517
7.1231,156.28,-12.711,-8.6637,165.15,118.95,0,-0.094367,0.37517
7.1298,156.19,-12.769,-8.6193,164.82,118.95,0,-0.095402,0.37517
7.1367,156.11,-12.828,-8.5709,164.46,118.95,0,-0.096437,0.37518
7.1438,156.02,-12.888,-8.518,164.06,118.95,0,-0.097459,0.37518
7.151,155.92,-12.95,-8.46,163.62,118.95,0,-0.098448,0.37518
7.1584,155.83,-13.012,-8.3969,163.16,118.95,0,-0.099374,0.37518
7.166,155.73,-13.076,-8.3273,162.65,118.95,0,-0.10023,0.37518
7.174,155.62,-13.142,-8.2496,162.09,118.95,0,-0.10106,0.37518
7.1823,155.51,-13.21,-8.1622,161.48,118.95,0,-0.10183,0.37519
7.1909,155.4,-13.28,-8.0631,160.8,118.95,0,-0.10252,0.37519
7.2001,155.28,-13.354,-7.9493,160.05,118.95,0,-0.10313,0.37519
7.2099,155.14,-13.431,-7.8131,159.13,118.95,0,-0.10356,0.37519
7.2207,155,-13.514,-7.6504,158.09,118.95,0,-0.10378,0.3752
7.2326,154.84,-13.604,-7.4506,156.88,118.95,0,-0.10369,0.3752
7.2464,154.65,-13.705,-7.1948,155.46,118.95,0,-0.10316,0.3752
7.2631,154.42,-13.822,-6.8356,153.54,118.95,0,-0.10167,0.37521
7.285,154.12,-13.966,-6.2891,150.94,118.95,0,-0.098523,0.37521
7.3065,153.81,-14.095,-5.6794,148.42,118.95,0,-0.094423,0.37522
7.3279,153.51,-14.209,-5.0138,146,118.95,0,-0.089701,0.37522
7.3493,153.2,-14.309,-4.291,143.63,118.95,0,-0.084413,0.37522
7.3712,152.89,-14.395,-3.4925,141.13,118.95,0,-0.078222,0.37523
7.3903,152.62,-14.455,-2.7778,139.04,118.95,0,-0.072708,0.37523
7.4056,152.39,-14.493,-2.2183,137.49,118.95,0,-0.068515,0.37523
7.419,152.2,-14.519,-1.7491,136.27,118.95,0,-0.065157,0.37523
7.4314,152.02,-14.538,-1.3309,135.21,118.95,0,-0.062188,0.37523
7.4429,151.85,-14.551,-0.95408,134.26,118.95,0,-0.059529,0.37523
7.4539,151.69,-14.56,-0.60646,133.38,118.95,0,-0.057043,0.37523
7.4644,151.54,-14.565,-0.28177,132.53,118.95,0,-0.05465,0.37523
7.4745,151.39,-14.566,0.01378,131.75,118.95,0,-0.05247,0.37523
7.4843,151.25,-14.565,0.2832,131.04,118.95,0,-0.050475,0.37523
7.4937,151.11,-14.561,0.5284,130.39,118.95,0,-0.04865,0.37523
7.503,150.98,-14.555,0.74864,129.8,118.95,0,-0.047022,0.37523
7.5121,150.84,-14.547,0.94328,129.3,118.95,0,-0.045616,0.37523
7.521,150.71,-14.538,1.1195,128.83,118.95,0,-0.044332,0.37523
7.5299,150.59,-14.527,1.2784,128.41,118.95,0,-0.043161,0.37523
7.5386,150.46,-14.515,1.4208,128.02,118.95,0,-0.042097,0.37523
7.5473,150.33,-14.503,1.5476,127.67,118.95,0,-0.041135,0.37523
7.5558,150.21,-14.489,1.6457,127.44,118.95,0,-0.040491,0.37523
7.5644,150.09,-14.474,1.7248,127.28,118.95,0,-0.040038,0.37523
7.573,149.96,-14.459,1.792,127.15,118.95,0,-0.039667,0.37523
7.5815,149.84,-14.444,1.8476,127.06,118.95,0,-0.039379,0.37523
7.5901,149.71,-14.428,1.8921,126.99,118.95,0,-0.039172,0.37523
7.5988,149.59,-14.411,1.9257,126.96,118.95,0,-0.039046,0.37523
7.6075,149.46,-14.394,1.9521,126.93,118.95,0,-0.038939,0.37523
7.6162,149.34,-14.377,1.9683,126.94,118.95,0,-0.038905,0.37523
7.6249,149.21,-14.36,1.974,126.97,118.95,0,-0.038954,0.37523
7.6337,149.09,-14.343,1.9696,127.04,118.95,0,-0.039088,0.37523
7.6426,148.96,-14.325,1.9551,127.14,118.95,0,-0.03931,0.37523
7.6516,148.83,-14.308,1.9326,127.27,118.95,0,-0.039577,0.37523
7.6606,148.7,-14.29,1.9094,127.35,118.95,0,-0.039727,0.37523
7.6697,148.57,-14.273,1.8759,127.46,118.95,0,-0.039968,0.37523
7.6789,148.44,-14.256,1.8321,127.61,118.95,0,-0.040303,0.37523
7.6881,148.31,-14.239,1.7782,127.8,118.95,0,-0.040733,0.37523
7.6975,148.18,-14.223,1.7141,128.02,118.95,0,-0.041265,0.37523
7.707,148.04,-14.207,1.641,128.27,118.95,0,-0.041875,0.37523
7.7166,147.9,-14.192,1.5578,128.56,118.95,0,-0.042587,0.37523
7.7263,147.77,-14.177,1.4641,128.9,118.95,0,-0.043418,0.37523
7.7363,147.62,-14.163,1.3594,129.27,118.95,0,-0.044376,0.37522
7.7465,147.48,-14.15,1.2432,129.7,118.95,0,-0.045475,0.37522
7.757,147.33,-14.137,1.1165,130.15,118.95,0,-0.046677,0.37522
7.7678,147.18,-14.126,0.97767,130.66,118.95,0,-0.048021,0.37522
7.7791,147.02,-14.116,0.82465,131.22,118.95,0,-0.049553,0.37522
7.7908,146.85,-14.107,0.65566,131.85,118.95,0,-0.051306,0.37522
7.8032,146.68,-14.1,0.4669,132.58,118.95,0,-0.053369,0.37522
7.8164,146.49,-14.095,0.25113,133.46,118.95,0,-0.055927,0.37523
7.8307,146.29,-14.094,0.0076922,134.47,118.95,0,-0.058922,0.37523
7.8466,146.07,-14.096,-0.27178,135.64,118.95,0,-0.062501,0.37523
7.8651,145.81,-14.104,-0.58897,136.92,118.95,0,-0.066455,0.37523
7.8874,145.49,-14.121,-0.97612,138.5,118.95,0,-0.071455,0.37523
7.9178,145.06,-14.159,-1.5215,140.91,118.95,0,-0.079356,0.37523
7.9634,144.42,-14.247,-2.3123,144.65,118.95,0,-0.092174,0.37524
8.0129,143.71,-14.38,-3.0529,148.48,118.95,0,-0.10568,0.37525
8.0328,143.42,-14.443,-3.3169,150.04,118.95,0,-0.1113,0.37525
8.0482,143.2,-14.496,-3.4955,151.15,118.95,0,-0.11538,0.37525
8.0613,143.01,-14.542,-3.6162,151.91,118.95,0,-0.1182,0.37526
8.0732,142.83,-14.586,-3.7087,152.52,118.95,0,-0.12055,0.37526
8.0843,142.67,-14.628,-3.7811,153.04,118.95,0,-0.12261,0.37526
8.0948,142.52,-14.667,-3.8372,153.49,118.95,0,-0.12443,0.37526
8.1047,142.37,-14.706,-3.876,153.84,118.95,0,-0.12597,0.37526
8.1143,142.23,-14.743,-3.8995,154.1,118.95,0,-0.12725,0.37527
8.1235,142.09,-14.779,-3.9121,154.32,118.95,0,-0.12841,0.37527
8.1326,141.96,-14.815,-3.9146,154.5,118.95,0,-0.12946,0.37527
8.1414,141.83,-14.849,-3.9075,154.64,118.95,0,-0.13042,0.37527
8.1501,141.7,-14.883,-3.8912,154.74,118.95,0,-0.13129,0.37527
8.1586,141.57,-14.916,-3.8686,154.83,118.95,0,-0.13217,0.37527
8.1671,141.45,-14.949,-3.8372,154.89,118.95,0,-0.13297,0.37527
8.1754,141.32,-14.98,-3.7968,154.91,118.95,0,-0.1337,0.37528
8.1837,141.2,-15.012,-3.7475,154.9,118.95,0,-0.13434,0.37528
8.1919,141.08,-15.042,-3.689,154.86,118.95,0,-0.13492,0.37528
8.2001,140.95,-15.072,-3.621,154.79,118.95,0,-0.13542,0.37528
8.2084,140.83,-15.102,-3.5394,154.65,118.95,0,-0.13572,0.37528
8.2167,140.7,-15.131,-3.447,154.48,118.95,0,-0.13595,0.37528
8.2251,140.57,-15.16,-3.3429,154.28,118.95,0,-0.13609,0.37529
8.2337,140.44,-15.188,-3.2261,154.04,118.95,0,-0.13613,0.37529
8.2425,140.31,-15.215,-3.0954,153.76,118.95,0,-0.13608,0.37529
8.2515,140.17,-15.243,-2.9487,153.44,118.95,0,-0.13589,0.37529
8.2608,140.03,-15.269,-2.7815,153.06,118.95,0,-0.13548,0.37529
8.2705,139.88,-15.295,-2.5938,152.62,118.95,0,-0.13491,0.37529
8.2806,139.73,-15.321,-2.382,152.13,118.95,0,-0.13415,0.37529
8.2914,139.56,-15.345,-2.1413,151.58,118.95,0,-0.13316,0.37529
8.303,139.38,-15.368,-1.8673,150.96,118.95,0,-0.13198,0.3753
8.3156,139.19,-15.39,-1.5572,150.31,118.95,0,-0.13072,0.3753
8.3294,138.98,-15.409,-1.1941,149.56,118.95,0,-0.12905,0.3753
8.3451,138.74,-15.424,-0.75757,148.66,118.95,0,-0.12683,0.3753
8.3636,138.45,-15.433,-0.22237,147.63,118.95,0,-0.12419,0.3753
8.3868,138.09,-15.431,0.47891,146.32,118.95,0,-0.12051,0.3753
8.4207,137.57,-15.396,1.5353,144.42,118.95,0,-0.11458,0.37531
8.4565,137.02,-15.322,2.64,142.46,118.95,0,-0.1078,0.37531
8.4921,136.48,-15.209,3.6708,140.59,118.95,0,-0.10079,0.37531
8.5288,135.92,-15.057,4.5905,138.89,118.95,0,-0.094154,0.37531
8.5552,135.52,-14.928,5.1432,137.76,118.95,0,-0.089471,0.37531
8.5767,135.21,-14.813,5.511,136.75,118.95,0,-0.085023,0.3753
8.5952,134.93,-14.709,5.7618,135.95,118.95,0,-0.081472,0.3753
8.6119,134.69,-14.611,5.9342,135.28,118.95,0,-0.078387,0.3753
8.6275,134.46,-14.518,6.0485,134.7,118.95,0,-0.075712,0.3753
8.6421,134.25,-14.429,6.1174,134.21,118.95,0,-0.073405,0.3753
8.6561,134.05,-14.343,6.1521,133.83,118.95,0,-0.07159,0.37529
8.6697,133.85,-14.259,6.1603,133.55,118.95,0,-0.070247,0.37529
8.683,133.66,-14.178,6.1424,133.34,118.95,0,-0.069111,0.37529
8.6961,133.48,-14.097,6.1013,133.17,118.95,0,-0.068167,0.37529
8.7091,133.3,-14.018,6.0375,133.04,118.95,0,-0.067343,0.37529
8.722,133.12,-13.941,5.954,132.95,118.95,0,-0.066671,0.37528
8.7348,132.94,-13.865,5.8528,132.91,118.95,0,-0.066168,0.37528
8.7477,132.76,-13.791,5.7347,132.91,118.95,0,-0.065831,0.37528
8.7605,132.58,-13.718,5.5973,132.93,118.95,0,-0.065517,0.37528
8.7735,132.41,-13.646,5.4441,132.99,118.95,0,-0.065334,0.37528
8.7865,132.23,-13.577,5.2771,133.09,118.95,0,-0.065318,0.37528
8.7997,132.05,-13.508,5.0967,133.24,118.95,0,-0.065468,0.37527
8.813,131.87,-13.442,4.9099,133.5,118.95,0,-0.066033,0.37527
8.8267,131.69,-13.376,4.7086,133.81,118.95,0,-0.066794,0.37527
8.8407,131.5,-13.311,4.4913,134.17,118.95,0,-0.06776,0.37527
8.8554,131.3,-13.247,4.2585,134.62,118.95,0,-0.06901,0.37527
8.8708,131.1,-13.184,4.008,135.16,118.95,0,-0.070631,0.37527
8.8872,130.89,-13.12,3.7326,135.79,118.95,0,-0.072584,0.37527
8.905,130.65,-13.056,3.4276,136.54,118.95,0,-0.074965,0.37527
8.9249,130.39,-12.991,3.0827,137.45,118.95,0,-0.077959,0.37527
8.9482,130.09,-12.924,2.676,138.59,118.95,0,-0.081788,0.37527
8.9779,129.71,-12.852,2.1556,140.06,118.95,0,-0.086783,0.37527
9.0225,129.14,-12.773,1.4049,142.26,118.95,0,-0.094379,0.37527
9.0725,128.5,-12.722,0.66021,144.68,118.95,0,-0.10306,0.37527
9.1225,127.86,-12.705,0.056106,146.67,118.95,0,-0.11012,0.37527
9.1496,127.52,-12.707,-0.19977,147.4,118.95,0,-0.11243,0.37527
9.1725,127.23,-12.713,-0.36755,147.96,118.95,0,-0.11438,0.37527
9.1931,126.97,-12.722,-0.48016,148.37,118.95,0,-0.11587,0.37527
9.212,126.73,-12.732,-0.54979,148.75,118.95,0,-0.11755,0.37527
9.2297,126.5,-12.742,-0.58565,149.08,118.95,0,-0.11917,0.37528
9.2462,126.29,-12.752,-0.59457,149.32,118.95,0,-0.1205,0.37528
9.262,126.09,-12.761,-0.58085,149.47,118.95,0,-0.12145,0.37528
9.2774,125.89,-12.77,-0.54589,149.53,118.95,0,-0.12214,0.37528
9.2924,125.7,-12.778,-0.49042,149.54,118.95,0,-0.12264,0.37528
9.3074,125.51,-12.785,-0.41585,149.46,118.95,0,-0.12275,0.37528
9.3226,125.31,-12.79,-0.32127,149.28,118.95,0,-0.12247,0.37528
9.3382,125.12,-12.794,-0.2037,149.04,118.95,0,-0.12197,0.37528
9.3544,124.91,-12.796,-0.062132,148.7,118.95,0,-0.12107,0.37528
9.3716,124.69,-12.796,0.10541,148.21,118.95,0,-0.11941,0.37528
9.3906,124.44,-12.792,0.31091,147.6,118.95,0,-0.11731,0.37528
9.4123,124.17,-12.783,0.57676,147,118.95,0,-0.1156,0.37528
9.4374,123.85,-12.764,0.91735,146.37,118.95,0,-0.11413,0.37529
9.4671,123.47,-12.73,1.3574,145.65,118.95,0,-0.11265,0.37529
9.5041,123,-12.669,1.9399,144.73,118.95,0,-0.11063,0.37529
9.5541,122.37,-12.554,2.6836,143.07,118.95,0,-0.10487,0.37529
9.6041,121.74,-12.402,3.3379,141.39,118.95,0,-0.098499,0.37529
9.6541,121.13,-12.223,3.7986,139.7,118.95,0,-0.091245,0.37529
9.6911,120.68,-12.079,3.9846,138.53,118.95,0,-0.085851,0.37528
9.7182,120.35,-11.97,4.0711,137.89,118.95,0,-0.082907,0.37528
9.7421,120.07,-11.872,4.1068,137.46,118.95,0,-0.080896,0.37528
9.7644,119.8,-11.78,4.0795,137.08,118.95,0,-0.078959,0.37528
9.7854,119.56,-11.695,4.0095,136.77,118.95,0,-0.077236,0.37527
9.8055,119.32,-11.616,3.9265,136.6,118.95,0,-0.076097,0.37527
9.825,119.1,-11.54,3.8534,136.6,118.95,0,-0.075848,0.37527
9.8446,118.87,-11.465,3.7564,136.67,118.95,0,-0.075847,0.37527
9.8645,118.64,-11.392,3.5914,136.68,118.95,0,-0.075287,0.37527
9.8843,118.42,-11.323,3.3931,136.7,118.95,0,-0.074683,0.37526
9.9041,118.2,-11.258,3.1855,136.81,118.95,0,-0.074409,0.37526
9.9242,117.97,-11.196,2.9787,137.04,118.95,0,-0.074676,0.37526
9.945,117.74,-11.136,2.7532,137.34,118.95,0,-0.075213,0.37526
9.9668,117.5,-11.079,2.4837,137.66,118.95,0,-0.075622,0.37525
9.9899,117.24,-11.025,2.1863,138.05,118.95,0,-0.076204,0.37525
10.015,116.97,-10.975,1.8919,138.66,118.95,0,-0.077711,0.37525
10.043,116.66,-10.926,1.5741,139.51,118.95,0,-0.080214,0.37525
10.077,116.28,-10.878,1.2056,140.76,118.95,0,-0.084339,0.37525
10.127,115.74,-10.83,0.74825,142.97,118.95,0,-0.092685,0.37525
10.177,115.2,-10.803,0.28972,144.95,118.95,0,-0.10008,0.37526
10.227,114.66,-10.8,-0.1257,146.41,118.95,0,-0.10498,0.37526
10.26,114.31,-10.807,-0.31747,147.21,118.95,0,-0.10789,0.37526
10.286,114.03,-10.817,-0.41861,147.77,118.95,0,-0.11021,0.37526
10.309,113.78,-10.827,-0.48202,148.11,118.95,0,-0.11157,0.37526
10.33,113.55,-10.838,-0.52426,148.24,118.95,0,-0.112,0.37526
10.351,113.32,-10.849,-0.53593,148.29,118.95,0,-0.11219,0.37526
10.371,113.1,-10.86,-0.50997,148.32,118.95,0,-0.11257,0.37526
10.392,112.88,-10.87,-0.45844,148.27,118.95,0,-0.11271,0.37526
10.412,112.66,-10.878,-0.37354,148.19,118.95,0,-0.11293,0.37527
10.433,112.43,-10.885,-0.2579,148.06,118.95,0,-0.11312,0.37527
10.454,112.2,-10.889,-0.11352,147.87,118.95,0,-0.11312,0.37527
10.476,111.96,-10.889,0.070486,147.64,118.95,0,-0.11322,0.37527
10.499,111.72,-10.885,0.28686,147.32,118.95,0,-0.113,0.37527
10.523,111.45,-10.876,0.49065,146.65,118.95,0,-0.11065,0.37527
10.552,111.13,-10.858,0.75578,145.75,118.95,0,-0.10741,0.37527
10.592,110.7,-10.819,1.1951,144.67,118.95,0,-0.10426,0.37527
10.642,110.16,-10.747,1.6704,143.03,118.95,0,-0.098164,0.37527
10.692,109.62,-10.652,2.1075,141.56,118.95,0,-0.092725,0.37527
10.742,109.09,-10.539,2.4018,140.16,118.95,0,-0.087109,0.37527
10.783,108.67,-10.438,2.5363,139.22,118.95,0,-0.083109,0.37526
10.814,108.35,-10.359,2.5521,138.58,118.95,0,-0.080146,0.37526
10.841,108.07,-10.291,2.4981,138.07,118.95,0,-0.077587,0.37526
10.865,107.82,-10.232,2.3699,137.59,118.95,0,-0.074901,0.37525
10.887,107.59,-10.181,2.2041,137.16,118.95,0,-0.072375,0.37525
10.908,107.38,-10.136,2.0664,136.93,118.95,0,-0.070831,0.37524
10.928,107.18,-10.096,1.967,136.91,118.95,0,-0.070369,0.37524
10.948,106.98,-10.058,1.8506,136.96,118.95,0,-0.07015,0.37524
10.968,106.78,-10.022,1.7709,137.23,118.95,0,-0.070988,0.37524
10.989,106.57,-9.9854,1.675,137.6,118.95,0,-0.072209,0.37524
11.011,106.34,-9.9496,1.5024,137.94,118.95,0,-0.072955,0.37524
11.035,106.11,-9.917,1.2581,138.24,118.95,0,-0.073199,0.37524
11.06,105.86,-9.8887,1.0316,138.75,118.95,0,-0.074386,0.37524
11.088,105.59,-9.863,0.8291,139.58,118.95,0,-0.077084,0.37524
11.121,105.26,-9.8393,0.57258,140.72,118.95,0,-0.080925,0.37524
11.17,104.78,-9.8211,0.12862,142.3,118.95,0,-0.085779,0.37524
11.22,104.28,-9.8273,-0.3574,143.68,118.95,0,-0.089367,0.37524
11.27,103.79,-9.8555,-0.76421,145.03,118.95,0,-0.093148,0.37524
11.32,103.3,-9.9025,-1.0943,146.16,118.95,0,-0.096324,0.37524
11.363,102.87,-9.9536,-1.2728,147.06,118.95,0,-0.099445,0.37524
11.395,102.55,-9.9954,-1.3266,147.76,118.95,0,-0.10254,0.37524
11.422,102.29,-10.031,-1.3454,148.19,118.95,0,-0.10456,0.37524
11.445,102.05,-10.063,-1.3355,148.46,118.95,0,-0.10608,0.37525
11.468,101.83,-10.092,-1.3285,148.48,118.95,0,-0.10625,0.37525
11.49,101.6,-10.121,-1.3032,148.37,118.95,0,-0.10593,0.37525
11.512,101.37,-10.15,-1.2347,148.27,118.95,0,-0.10598,0.37525
11.535,101.14,-10.177,-1.1262,148.16,118.95,0,-0.10632,0.37525
11.559,100.9,-10.202,-0.99183,147.97,118.95,0,-0.10641,0.37525
11.583,100.66,-10.224,-0.8281,147.69,118.95,0,-0.10626,0.37525
11.608,100.4,-10.243,-0.62392,147.34,118.95,0,-0.106,0.37525
11.636,100.11,-10.256,-0.36279,146.94,118.95,0,-0.10587,0.37526
11.666,99.803,-10.263,-0.091343,146.24,118.95,0,-0.1041,0.37526
11.704,99.417,-10.261,0.22138,145.06,118.95,0,-0.10006,0.37526
11.754,98.904,-10.239,0.63212,143.44,118.95,0,-0.09429,0.37525
11.804,98.393,-10.197,1.06,142.1,118.95,0,-0.090006,0.37525
11.854,97.885,-10.135,1.3881,140.85,118.95,0,-0.085676,0.37525
11.903,97.391,-10.059,1.6824,140.09,118.95,0,-0.083488,0.37525
11.941,97.006,-9.9941,1.7013,139.31,118.95,0,-0.079937,0.37525
11.972,96.696,-9.9414,1.6921,138.88,118.95,0,-0.077925,0.37525
12,96.416,-9.8941,1.6558,138.62,118.95,0,-0.076631,0.37525
12.027,96.153,-9.8499,1.6482,138.64,118.95,0,-0.076674,0.37525
12.054,95.889,-9.8063,1.5861,138.69,118.95,0,-0.076667,0.37524
12.081,95.623,-9.7662,1.3587,138.48,118.95,0,-0.074751,0.37524
12.107,95.371,-9.7339,1.1742,138.49,118.95,0,-0.07396,0.37524
12.133,95.121,-9.7047,1.0899,138.9,118.95,0,-0.075388,0.37524
12.161,94.848,-9.6758,0.93127,139.34,118.95,0,-0.076568,0.37524
12.192,94.548,-9.6509,0.66688,139.71,118.95,0,-0.076941,0.37523
12.226,94.221,-9.6332,0.38066,140.25,118.95,0,-0.07789,0.37523
12.265,93.839,-9.6245,0.080757,141.11,118.95,0,-0.080141,0.37523
12.315,93.358,-9.6281,-0.20119,142.67,118.95,0,-0.085624,0.37523
12.365,92.876,-9.6436,-0.45445,144.36,118.95,0,-0.092017,0.37524
12.415,92.394,-9.6744,-0.74111,145.64,118.95,0,-0.096318,0.37524
12.465,91.909,-9.7156,-0.93128,146.79,118.95,0,-0.10068,0.37524
12.499,91.584,-9.7493,-1.0809,147.05,118.95,0,-0.10083,0.37524
12.53,91.275,-9.7847,-1.1449,147.29,118.95,0,-0.10156,0.37524
12.56,90.984,-9.8191,-1.1545,147.45,118.95,0,-0.10232,0.37524
12.589,90.703,-9.8514,-1.1103,147.59,118.95,0,-0.10338,0.37524
12.616,90.435,-9.8808,-1.0544,147.54,118.95,0,-0.10359,0.37524
12.643,90.165,-9.9087,-0.98084,147.33,118.95,0,-0.10312,0.37525
12.672,89.879,-9.9353,-0.86016,147.08,118.95,0,-0.10275,0.37525
12.703,89.573,-9.9594,-0.70041,146.71,118.95,0,-0.10207,0.37525
12.737,89.233,-9.9803,-0.52391,146.07,118.95,0,-0.10007,0.37525
12.78,88.804,-9.9972,-0.25331,145.22,118.95,0,-0.097664,0.37525
12.83,88.304,-10.001,0.096002,144.21,118.95,0,-0.094885,0.37525
12.88,87.804,-9.9872,0.48365,143.36,118.95,0,-0.093009,0.37525
12.93,87.306,-9.9545,0.77802,142.37,118.95,0,-0.089846,0.37525
12.98,86.809,-9.9102,1.0037,141.45,118.95,0,-0.086622,0.37525
13.03,86.315,-9.8562,1.1096,140.59,118.95,0,-0.083108,0.37525
13.074,85.876,-9.8062,1.162,140.08,118.95,0,-0.08102,0.37524
13.112,85.507,-9.7617,1.1449,139.81,118.95,0,-0.079687,0.37524
13.147,85.167,-9.7246,0.98005,139.37,118.95,0,-0.076979,0.37524
13.178,84.865,-9.6942,0.98513,139.61,118.95,0,-0.078046,0.37524
13.211,84.547,-9.662,0.93879,139.94,118.95,0,-0.079314,0.37524
13.247,84.199,-9.631,0.7807,140.21,118.95,0,-0.079788,0.37524
13.286,83.824,-9.6036,0.62161,140.75,118.95,0,-0.081412,0.37524
13.333,83.375,-9.5811,0.30802,141.25,118.95,0,-0.082023,0.37524
13.383,82.896,-9.574,0.0049016,142,118.95,0,-0.083775,0.37523
13.433,82.418,-9.5804,-0.2655,142.93,118.95,0,-0.086493,0.37523
13.483,81.938,-9.6007,-0.5494,143.76,118.95,0,-0.08858,0.37523
13.533,81.457,-9.6335,-0.7266,144.79,118.95,0,-0.092331,0.37523
13.583,80.975,-9.6736,-0.89747,145.57,118.95,0,-0.094885,0.37524
13.633,80.49,-9.7216,-0.99529,146.18,118.95,0,-0.097201,0.37524
13.676,80.066,-9.7651,-0.9866,146.7,118.95,0,-0.099854,0.37524
13.712,79.718,-9.7993,-0.94238,146.96,118.95,0,-0.10149,0.37524
13.744,79.401,-9.829,-0.8908,146.95,118.95,0,-0.10186,0.37524
13.776,79.085,-9.8561,-0.79086,146.88,118.95,0,-0.1023,0.37525
13.809,78.767,-9.8795,-0.65189,146.73,118.95,0,-0.10255,0.37525
13.842,78.437,-9.8983,-0.46835,146.48,118.95,0,-0.10266,0.37525
13.877,78.085,-9.911,-0.24132,146.11,118.95,0,-0.10234,0.37525
13.917,77.69,-9.9152,0.025387,145.5,118.95,0,-0.10102,0.37525
13.967,77.194,-9.9057,0.35878,144.5,118.95,0,-0.098055,0.37525
14.017,76.7,-9.8797,0.64547,143.3,118.95,0,-0.093728,0.37525
14.067,76.207,-9.843,0.8438,141.97,118.95,0,-0.088302,0.37525
14.117,75.716,-9.7953,1.0321,140.96,118.95,0,-0.084502,0.37525
14.167,75.227,-9.7422,1.0764,140,118.95,0,-0.080263,0.37524
14.204,74.874,-9.7034,1.0544,139.47,118.95,0,-0.077785,0.37524
14.235,74.567,-9.6701,1.0438,139.27,118.95,0,-0.076863,0.37524
14.265,74.275,-9.6393,0.97113,139.12,118.95,0,-0.075887,0.37524
14.295,73.994,-9.6126,0.84921,139.02,118.95,0,-0.07488,0.37523
14.323,73.721,-9.5901,0.73453,139.1,118.95,0,-0.074682,0.37523
14.352,73.446,-9.5708,0.5995,139.29,118.95,0,-0.074864,0.37523
14.382,73.158,-9.556,0.3869,139.43,118.95,0,-0.074473,0.37523
14.413,72.861,-9.5471,0.22886,139.91,118.95,0,-0.075736,0.37523
14.448,72.527,-9.5406,0.13589,140.91,118.95,0,-0.079642,0.37523
14.497,72.058,-9.5421,-0.19804,141.91,118.95,0,-0.082236,0.37523
14.547,71.581,-9.5597,-0.50275,143.1,118.95,0,-0.085866,0.37523
14.597,71.102,-9.5946,-0.88775,143.88,118.95,0,-0.087009,0.37523
14.647,70.621,-9.6451,-1.1241,144.99,118.95,0,-0.090541,0.37523
14.697,70.138,-9.7055,-1.2809,146.09,118.95,0,-0.094671,0.37523
14.744,69.679,-9.7684,-1.3772,146.9,118.95,0,-0.097886,0.37523
14.779,69.336,-9.8168,-1.3782,147.46,118.95,0,-0.10068,0.37524
14.809,69.047,-9.8568,-1.3398,147.84,118.95,0,-0.10291,0.37524
14.835,68.788,-9.8911,-1.2723,148.1,118.95,0,-0.10479,0.37524
14.859,68.548,-9.9209,-1.2017,148.15,118.95,0,-0.10568,0.37525
14.883,68.314,-9.9486,-1.1358,147.98,118.95,0,-0.10532,0.37525
14.907,68.069,-9.9754,-1.0371,147.73,118.95,0,-0.10485,0.37525
14.933,67.81,-10,-0.8943,147.44,118.95,0,-0.10448,0.37525
14.961,67.532,-10.023,-0.74073,146.93,118.95,0,-0.103,0.37525
14.993,67.21,-10.044,-0.58221,146.03,118.95,0,-0.099565,0.37525
15.038,66.761,-10.061,-0.16189,145.39,118.95,0,-0.099279,0.37525
15.088,66.258,-10.058,0.27004,144.37,118.95,0,-0.096864,0.37525
15.138,65.756,-10.035,0.63705,143.11,118.95,0,-0.092792,0.37525
15.188,65.255,-9.9965,0.89463,141.74,118.95,0,-0.087491,0.37525
15.238,64.756,-9.9461,1.1206,140.67,118.95,0,-0.08361,0.37525
15.283,64.31,-9.8933,1.1954,139.8,118.95,0,-0.079926,0.37524
15.317,63.971,-9.8522,1.2248,139.35,118.95,0,-0.078078,0.37524
15.348,63.668,-9.8139,1.2505,139.21,118.95,0,-0.077543,0.37524
15.378,63.375,-9.7766,1.2374,139.18,118.95,0,-0.077368,0.37524
15.407,63.085,-9.7403,1.2175,139.34,118.95,0,-0.077988,0.37524
15.438,62.784,-9.7021,1.2437,139.84,118.95,0,-0.080388,0.37524
15.474,62.44,-9.6597,1.096,140.17,118.95,0,-0.081204,0.37524
15.513,62.063,-9.6216,0.86183,140.52,118.95,0,-0.081677,0.37524
15.557,61.644,-9.589,0.62744,141.19,118.95,0,-0.083516,0.37524
15.607,61.165,-9.565,0.32363,142.01,118.95,0,-0.08569,0.37524
15.657,60.687,-9.5581,-0.042572,142.67,118.95,0,-0.086676,0.37524
15.707,60.209,-9.5688,-0.36737,143.37,118.95,0,-0.088005,0.37523
15.757,59.73,-9.5919,-0.54607,144.46,118.95,0,-0.092004,0.37524
15.807,59.25,-9.6222,-0.67603,145.49,118.95,0,-0.096155,0.37524
15.857,58.768,-9.6613,-0.86213,145.88,118.95,0,-0.096731,0.37524
15.905,58.298,-9.7039,-0.89224,146.37,118.95,0,-0.098963,0.37524
15.945,57.91,-9.7408,-0.94783,146.25,118.95,0,-0.097979,0.37524
15.987,57.498,-9.7795,-0.8718,146.33,118.95,0,-0.098921,0.37524
16.028,57.103,-9.8127,-0.7783,146.16,118.95,0,-0.0988,0.37524
16.07,56.683,-9.8436,-0.67433,145.69,118.95,0,-0.097204,0.37524
16.12,56.19,-9.8736,-0.49237,145.07,118.95,0,-0.09539,0.37524
16.17,55.696,-9.8919,-0.26738,144.44,118.95,0,-0.093807,0.37524
16.22,55.201,-9.9014,-0.12229,143.44,118.95,0,-0.089854,0.37524
16.27,54.706,-9.9042,0.048698,142.62,118.95,0,-0.087012,0.37524
16.32,54.211,-9.8961,0.25211,142.18,118.95,0,-0.086102,0.37524
16.37,53.717,-9.8804,0.3571,141.69,118.95,0,-0.084405,0.37524
16.42,53.223,-9.8614,0.40478,141.34,118.95,0,-0.083016,0.37524
16.47,52.731,-9.8402,0.45754,141.35,118.95,0,-0.083369,0.37524
16.52,52.239,-9.8159,0.50499,141.7,118.95,0,-0.085249,0.37524
16.57,51.749,-9.7909,0.45482,142.01,118.95,0,-0.086455,0.37524
16.62,51.26,-9.7717,0.31641,142.21,118.95,0,-0.086613,0.37524
16.67,50.772,-9.7594,0.16908,142.49,118.95,0,-0.087113,0.37524
16.72,50.284,-9.7547,0.047913,142.93,118.95,0,-0.088488,0.37524
16.77,49.796,-9.7538,-0.012694,143.62,118.95,0,-0.091415,0.37524
16.82,49.309,-9.7558,-0.068224,144.26,118.95,0,-0.094212,0.37524
16.87,48.821,-9.7604,-0.11744,144.75,118.95,0,-0.096308,0.37525
16.92,48.332,-9.7672,-0.1576,144.99,118.95,0,-0.097279,0.37525
16.97,47.844,-9.7755,-0.14848,145.1,118.95,0,-0.097878,0.37525
17.02,47.355,-9.7809,-0.071898,145.14,118.95,0,-0.098638,0.37525
17.07,46.866,-9.7825,-0.006268,144.86,118.95,0,-0.097614,0.37525
17.12,46.377,-9.7813,0.085727,144.41,118.95,0,-0.095968,0.37525
17.17,45.888,-9.7734,0.20104,143.92,118.95,0,-0.094237,0.37525
17.22,45.399,-9.762,0.26035,143.19,118.95,0,-0.090986,0.37524
17.27,44.912,-9.7474,0.3219,142.53,118.95,0,-0.088194,0.37524
17.32,44.425,-9.7301,0.37367,142.02,118.95,0,-0.086069,0.37524
17.37,43.939,-9.7099,0.46254,141.88,118.95,0,-0.085884,0.37524
17.42,43.454,-9.6845,0.48456,141.81,118.95,0,-0.085704,0.37524
17.47,42.97,-9.6637,0.34793,141.47,118.95,0,-0.083375,0.37524
17.52,42.487,-9.6498,0.21837,141.38,118.95,0,-0.082267,0.37523
17.57,42.005,-9.6423,0.047407,141.41,118.95,0,-0.081471,0.37523
17.62,41.523,-9.6456,-0.14017,141.59,118.95,0,-0.081253,0.37523
17.67,41.04,-9.656,-0.30997,142.06,118.95,0,-0.082368,0.37523
17.72,40.557,-9.6773,-0.51607,142.51,118.95,0,-0.083217,0.37523
17.77,40.073,-9.7067,-0.64892,143.33,118.95,0,-0.086134,0.37523
17.82,39.586,-9.7418,-0.75271,144.27,118.95,0,-0.089828,0.37523
17.87,39.098,-9.782,-0.87836,144.96,118.95,0,-0.092248,0.37523
17.92,38.608,-9.8293,-0.98627,145.4,118.95,0,-0.09362,0.37523
17.97,38.115,-9.8791,-0.9751,146,118.95,0,-0.09666,0.37524
18.018,37.648,-9.923,-0.8777,146.57,118.95,0,-0.10024,0.37524
18.054,37.284,-9.9533,-0.77736,146.79,118.95,0,-0.10211,0.37524
18.088,36.951,-9.9782,-0.71107,146.59,118.95,0,-0.10158,0.37525
18.123,36.597,-10.002,-0.6291,146.14,118.95,0,-0.099924,0.37524
18.165,36.178,-10.026,-0.48533,145.52,118.95,0,-0.097809,0.37524
18.215,35.676,-10.043,-0.20838,144.96,118.95,0,-0.096869,0.37525
18.265,35.174,-10.046,0.11149,144.41,118.95,0,-0.09618,0.37525
18.315,34.672,-10.033,0.36029,143.54,118.95,0,-0.093389,0.37525
18.365,34.171,-10.011,0.49074,142.36,118.95,0,-0.08835,0.37524
18.415,33.671,-9.9857,0.57062,141.26,118.95,0,-0.083594,0.37524
18.465,33.172,-9.9535,0.66977,140.65,118.95,0,-0.081328,0.37524
18.509,32.736,-9.9254,0.61594,140.04,118.95,0,-0.078323,0.37523
18.545,32.38,-9.9036,0.59142,139.9,118.95,0,-0.077551,0.37523
18.579,32.038,-9.8833,0.58582,140.07,118.95,0,-0.078288,0.37523
18.616,31.68,-9.8627,0.51366,140.3,118.95,0,-0.078949,0.37523
18.654,31.296,-9.8458,0.36278,140.54,118.95,0,-0.079272,0.37523
18.696,30.886,-9.8326,0.26427,141.26,118.95,0,-0.081981,0.37523
18.746,30.394,-9.8235,0.091849,142.19,118.95,0,-0.085319,0.37524
18.796,29.903,-9.8249,-0.15031,142.99,118.95,0,-0.087647,0.37524
18.846,29.412,-9.8375,-0.34477,143.92,118.95,0,-0.090877,0.37524
18.896,28.919,-9.86,-0.55032,144.63,118.95,0,-0.092962,0.37524
18.946,28.426,-9.8889,-0.5919,145.71,118.95,0,-0.098021,0.37524
18.996,27.935,-9.9194,-0.63448,146.36,118.95,0,-0.10099,0.37525
19.034,27.557,-9.9423,-0.55404,146.94,118.95,0,-0.10464,0.37525
19.064,27.253,-9.9578,-0.46987,147.22,118.95,0,-0.10674,0.37525
19.092,26.978,-9.9696,-0.38445,147.26,118.95,0,-0.10763,0.37526
19.119,26.71,-9.979,-0.32348,146.99,118.95,0,-0.10665,0.37526
19.148,26.421,-9.9874,-0.25176,146.5,118.95,0,-0.10453,0.37525
19.182,26.079,-9.993,-0.068658,146.06,118.95,0,-0.10352,0.37525
19.221,25.686,-9.9909,0.18182,145.46,118.95,0,-0.10211,0.37526
19.271,25.186,-9.9735,0.49307,144.46,118.95,0,-0.098893,0.37526
19.321,24.689,-9.9421,0.78025,143.31,118.95,0,-0.094743,0.37525
19.371,24.193,-9.896,1.0318,142.2,118.95,0,-0.090656,0.37525
19.421,23.699,-9.8404,1.1952,141.14,118.95,0,-0.086354,0.37525
19.471,23.209,-9.7774,1.3172,140.39,118.95,0,-0.083428,0.37525
19.513,22.804,-9.7216,1.3638,139.99,118.95,0,-0.081809,0.37525
19.55,22.446,-9.6712,1.3627,139.82,118.95,0,-0.081009,0.37525
19.585,22.108,-9.6246,1.2888,139.71,118.95,0,-0.080172,0.37524
19.619,21.782,-9.5821,1.2459,139.89,118.95,0,-0.080818,0.37524
19.654,21.44,-9.5381,1.1851,140.28,118.95,0,-0.082317,0.37524
19.695,21.056,-9.497,0.85024,140.23,118.95,0,-0.080436,0.37524
19.734,20.687,-9.4681,0.64453,140.64,118.95,0,-0.081282,0.37524
19.778,20.268,-9.4441,0.44928,141.43,118.95,0,-0.083858,0.37524
19.828,19.796,-9.4276,0.18683,142.37,118.95,0,-0.08677,0.37524
19.878,19.325,-9.4253,-0.087189,143.29,118.95,0,-0.089511,0.37524
19.928,18.853,-9.4361,-0.35703,144.12,118.95,0,-0.091747,0.37524
19.978,18.381,-9.4603,-0.59663,144.78,118.95,0,-0.093384,0.37524
20.028,17.907,-9.4943,-0.7317,145.5,118.95,0,-0.09593,0.37524
20.078,17.431,-9.5333,-0.86043,145.83,118.95,0,-0.096671,0.37524
20.128,16.953,-9.5791,-0.94167,145.86,118.95,0,-0.09621,0.37524
20.178,16.473,-9.6255,-0.87303,146.05,118.95,0,-0.097676,0.37524
20.224,16.032,-9.6627,-0.78545,145.98,118.95,0,-0.09796,0.37524
20.27,15.583,-9.6974,-0.69486,145.55,118.95,0,-0.096498,0.37524
20.32,15.097,-9.7289,-0.58921,144.83,118.95,0,-0.093695,0.37524
20.37,14.61,-9.7563,-0.45233,144.05,118.95,0,-0.090844,0.37523
20.42,14.122,-9.7726,-0.202,143.72,118.95,0,-0.090849,0.37524
20.47,13.633,-9.7768,0.02994,143.39,118.95,0,-0.090692,0.37524
20.52,13.145,-9.7705,0.1799,142.89,118.95,0,-0.089173,0.37524
20.57,12.656,-9.7601,0.2494,142.26,118.95,0,-0.086587,0.37524
20.62,12.169,-9.7455,0.34304,141.95,118.95,0,-0.085653,0.37524
20.67,11.682,-9.7262,0.42221,141.87,118.95,0,-0.085735,0.37524
20.72,11.196,-9.7039,0.46422,141.95,118.95,0,-0.086339,0.37524
20.77,10.711,-9.6806,0.43819,142.05,118.95,0,-0.086701,0.37524
20.82,10.228,-9.6613,0.32232,142.06,118.95,0,-0.08608,0.37524
20.87,9.7452,-9.6483,0.23953,142.32,118.95,0,-0.086824,0.37524
20.92,9.2631,-9.6367,0.19146,142.84,118.95,0,-0.089055,0.37524
20.97,8.7814,-9.6298,0.11358,143.33,118.95,0,-0.090923,0.37524
21.02,8.3001,-9.625,0.046913,143.84,118.95,0,-0.093002,0.37524
21.07,7.8188,-9.6258,-0.081239,144.01,118.95,0,-0.093067,0.37524
21.12,7.3374,-9.6325,-0.15833,144.2,118.95,0,-0.093466,0.37524
21.17,6.8556,-9.6403,-0.13212,144.58,118.95,0,-0.09554,0.37524
21.22,6.3734,-9.6456,-0.13708,144.68,118.95,0,-0.095986,0.37524
21.27,5.8909,-9.6546,-0.17195,144.41,118.95,0,-0.094434,0.37524
21.32,5.408,-9.6614,-0.1256,144.27,118.95,0,-0.094025,0.37524
21.37,4.9248,-9.6672,-0.068227,144.02,118.95,0,-0.093198,0.37524
21.42,4.4414,-9.6673,0.044242,143.91,118.95,0,-0.09337,0.37524
21.47,3.9581,-9.6637,0.079654,143.5,118.95,0,-0.091554,0.37524
21.52,3.475,-9.6598,0.075627,142.95,118.95,0,-0.088875,0.37524
21.57,2.9921,-9.6557,0.13536,142.69,118.95,0,-0.088014,0.37524
21.62,2.5096,-9.6454,0.26642,142.84,118.95,0,-0.089488,0.37524
21.67,2.0277,-9.6299,0.32694,142.9,118.95,0,-0.090137,0.37524
21.72,1.5466,-9.6139,0.28769,142.73,118.95,0,-0.089114,0.37524
21.77,1.0662,-9.6018,0.21219,142.52,118.95,0,-0.087685,0.37524
21.82,0.58638,-9.5926,0.14412,142.45,118.95,0,-0.086945,0.37524
21.87,0.10689,-9.5875,0.085232,142.53,118.95,0,-0.086956,0.37524