time,altitude,vertical velocity,vertical acceleration,mass,drag cd
0.01,0.00334624,0.66933091,66.95793177,593.51191147,0.97930894
0.02,0.02103012,2.86771131,219.92277185,593.07186729,0.71936946
0.03,0.06424451,5.77584432,291.01516747,592.20903484,0.63739955
0.04,0.13727352,8.83063703,305.68200242,591.34620239,0.59651707
0.05,0.24158484,12.03230702,320.36938988,590.48336994,0.5713932
0.05831096,0.35311831,14.8066657,333.79248484,589.76627351,0.5714789
0.06506467,0.46090192,17.11181955,341.43909926,589.13129793,0.57156368
0.07090859,0.56675336,19.11456185,342.81545595,588.57672464,0.57164724
0.0761402,0.67145905,20.9136437,343.98432947,588.08025717,0.57173018
0.08092177,0.77540212,22.56304565,345.03799828,587.62649797,0.57181277
0.08535379,0.87879936,24.09619123,346.00429447,587.20590944,0.57189516
0.08950383,0.98178584,25.53553872,346.90120099,586.81208131,0.57197744
0.09341994,1.08445164,26.89706701,347.74118042,586.44045186,0.57205966
0.0992941,1.24846387,28.94517692,348.794589,585.88300769,0.5721914
0.10810535,1.51709253,32.02958636,350.2363491,585.03307981,0.57240803
0.12132223,1.97115083,36.68087368,352.17334952,583.75639024,0.57277618
0.14114754,2.76802664,43.71212246,354.99039818,581.84115229,0.57342741
0.17088551,4.22630339,54.36884318,358.72872431,578.92756421,0.57463178
0.21549246,7.01245046,70.55932513,363.22703491,574.51809846,0.57696308
0.26549246,10.999429,88.91891112,366.99935223,569.52077691,0.58033775
0.31549246,15.91170998,107.56258309,372.21536906,564.4336468,0.5845619
0.36549246,21.76476648,126.54194389,378.44237057,559.25464644,0.58968885
0.41549246,28.56521351,145.4495307,376.47696827,554.05291942,0.59562702
0.46549246,36.30359601,164.05041661,369.80410512,548.87955951,0.60227957
0.51549246,44.9577254,182.07068615,357.667948,543.7975862,0.60949337
0.56549246,54.4962587,199.41847059,343.73509481,538.80347874,0.61715495
0.61549246,64.8875831,216.17449152,331.43074194,533.87894169,0.62522517
0.66549246,76.09477008,232.04662608,313.38038679,529.06674086,0.63347919
0.71549246,88.06781828,246.80446338,290.83714652,524.42911227,0.6416883
0.76549246,100.74703097,260.2906068,265.23412337,520.08524866,0.64964349
0.81549246,113.98207442,269.05708708,172.00580271,516.69001735,0.65505511
0.86549246,127.50045071,271.6610114,51.04739557,514.59803211,0.65671527
0.87815249,130.93919528,271.58341417,-6.07339499,514.25877636,0.65667254
0.89714254,136.09030383,270.90494057,-36.41637606,513.92201273,0.65624279
0.91254482,140.25441121,269.81802271,-69.58528915,513.65524339,0.65558501
0.92857651,144.56878668,268.41593684,-86.82580768,513.55838315,0.65471164
0.95262405,150.99589766,266.11834438,-94.81023982,513.41309279,0.65329215
0.97166478,156.04440896,264.17457908,-101.1130779,513.36130517,0.65210973
1.00022586,163.54685117,261.19500102,-103.13042965,513.29501151,0.6503008
1.03188913,171.7632332,257.80457859,-105.62080025,513.26843025,0.64827241
1.036,172.82211632,257.35827331,-108.37058924,513.26497918,0.64800799
1.0421663,174.40700237,256.68961807,-108.14311192,513.26497918,0.64761132
1.05141576,176.77662843,255.6933988,-107.27029437,513.26497918,0.64702222
1.06528995,180.3138831,254.21406914,-105.98335884,513.26497918,0.64615166
1.08610122,185.58158835,252.02809745,-104.10183348,513.26497918,0.64487445
1.11731814,193.39885136,248.82109429,-101.38402894,513.26497918,0.64302055
1.16414352,204.9402766,244.16501704,-97.52836249,513.26497918,0.64037096
1.21414352,217.02824904,239.38595882,-93.67848034,513.26497918,0.63770334
1.26414352,228.88197307,234.79295725,-90.08355407,513.26497918,0.63518908
1.31414352,240.51044644,230.37404226,-86.71257112,513.26497918,0.63281579
1.36049282,251.09604925,226.42365694,-83.78132236,513.26497918,0.63073219
1.41049282,262.31377365,222.31016612,-80.79427299,513.26497918,0.62860047
1.46049282,273.32947574,218.34128583,-77.98983742,513.26497918,0.62658057
1.51049282,284.15017178,214.50858467,-75.34512313,513.26497918,0.62466425
1.56049282,294.78247357,210.80427049,-72.8511861,513.26497918,0.62284415
1.61049282,305.23261883,207.22117866,-70.49447978,513.26497918,0.62111354
1.66049282,315.50650111,203.75269044,-68.26520033,513.26497918,0.61946631
1.71049282,325.60969559,200.39268545,-66.15370527,513.26497918,0.6178969
1.76049282,335.54748286,197.13549135,-64.15144534,513.26497918,0.61640021
1.81049282,345.3248702,193.97584259,-62.25067231,513.26497918,0.61497157
1.86049282,354.94661102,190.90884345,-60.44434835,513.26497918,0.6136067
1.91049282,364.41722249,187.92993499,-58.72602855,513.26497918,0.61230166
1.96049282,373.74100163,185.03486556,-57.08986183,513.26497918,0.61105283
2.01049282,382.92203999,182.21966433,-55.53046995,513.26497918,0.60985686
2.06049282,391.96423713,179.4806179,-54.04289213,513.26497918,0.60871066
2.11049282,400.87131291,176.81424895,-52.6226426,513.26497918,0.60761139
2.16049282,409.64681883,174.21729701,-51.26556012,513.26497918,0.60655638
2.21049282,418.29414842,171.68670159,-49.96777724,513.26497918,0.60554319
2.26049282,426.81654688,169.21958674,-48.7257773,513.26497918,0.60456953
2.31049282,435.21711988,166.81324605,-47.53628292,513.26497918,0.60363329
2.36049282,443.4988418,164.46513088,-46.39629059,513.26497918,0.60273248
2.41049282,451.66456324,162.1728378,-45.3029497,513.26497918,0.60186527
2.46049282,459.71701807,159.93409925,-44.25369546,513.26497918,0.60102994
2.51049282,467.65882994,157.74677226,-43.24610021,513.26497918,0.60022487
2.56049282,475.49251831,155.60883083,-42.27791357,513.26497918,0.59944857
2.61049282,483.2205041,153.51835779,-41.34704217,513.26497918,0.59869963
2.66049282,490.84511489,151.47353671,-40.45152708,513.26497918,0.59797672
2.71049282,498.36858987,149.4726456,-39.58954577,513.26497918,0.59727862
2.76049282,505.79308404,147.51403081,-38.7603713,513.26497918,0.59660415
2.81049282,513.12067098,145.59610313,-37.96161757,513.26497918,0.59595221
2.86049282,520.3533479,143.71739097,-37.19151195,513.26497918,0.59532177
2.91049282,527.49304034,141.87649718,-36.44866283,513.26497918,0.59471186
2.96049282,534.54160571,140.07209164,-35.73177528,513.26497918,0.59412158
3.01049282,541.50083649,138.30290737,-35.03961069,513.26497918,0.59355006
3.06049282,548.37246332,136.56773751,-34.37101828,513.26497918,0.5929965
3.11049282,555.15815792,134.86543026,-33.7249322,513.26497918,0.59246013
3.16049282,561.85953571,133.1948865,-33.10031412,513.26497918,0.59194023
3.21049282,568.47815844,131.55505693,-32.49620527,513.26497918,0.5914361
3.26049282,575.01553657,129.94493918,-31.91170243,513.26497918,0.59094711
3.31049282,581.47313155,128.3635742,-31.34595907,513.26497918,0.59047264
3.36049282,587.85235789,126.81004459,-30.79814887,513.26497918,0.5900121
3.41049282,594.15458528,125.2834729,-30.26751937,513.26497918,0.58956494
3.46049282,600.38114045,123.78301853,-29.75334795,513.26497918,0.58913065
3.51049282,606.53330898,122.30787557,-29.25494899,513.26497918,0.58870871
3.56049282,612.61233698,120.85727175,-28.77167428,513.26497918,0.58829867
3.61049282,618.61943278,119.43046644,-28.30291188,513.26497918,0.58790006
3.66049282,624.5557684,118.02674867,-27.8480784,513.26497918,0.58751245
3.71049282,630.42248104,116.64543582,-27.40662411,513.26497918,0.58713546
3.76049282,636.22067446,115.2858723,-26.97802406,513.26497918,0.58676867
3.81049282,641.95142025,113.94742799,-26.56177768,513.26497918,0.58641173
3.86049282,647.61575913,112.62949691,-26.1574166,513.26497918,0.58606427
3.91049282,653.21470211,111.33149636,-25.76448244,513.26497918,0.58572597
3.96049282,658.74923159,110.05286583,-25.38254724,513.26497918,0.58539651
4.01049282,664.22030252,108.79306545,-25.01121091,513.26497918,0.58507556
4.06049282,669.6288433,107.5515751,-24.65008259,513.26497918,0.58476285
4.11049282,674.97575684,106.32789379,-24.29879011,513.26497918,0.5844581
4.16049282,680.26192144,105.12153867,-23.9569758,513.26497918,0.58416102
4.21049282,685.48819171,103.93204437,-23.62430289,513.26497918,0.58387138
4.26049282,690.6553994,102.75896179,-23.3004552,513.26497918,0.58358891
4.31049282,695.76435419,101.6018574,-22.98512638,513.26497918,0.5833134
4.36049282,700.81584446,100.46031272,-22.67801778,513.26497918,0.5830446
4.41049282,705.81063805,99.33392381,-22.37884934,513.26497918,0.58278232
4.46049282,710.74948294,98.22230056,-22.08734808,513.26497918,0.58252633
4.51049282,715.63310792,97.12506589,-21.8032643,513.26497918,0.58227645
4.56049282,720.46222326,96.04185517,-21.52635256,513.26497918,0.58203247
4.61049282,725.23752129,94.97231574,-21.25637475,513.26497918,0.58179423
4.66049282,729.959677,93.91610655,-20.99310361,513.26497918,0.58156154
4.71049282,734.62934861,92.87289777,-20.73632173,513.26497918,0.58133424
4.76049282,739.24717812,91.84237007,-20.48582754,513.26497918,0.58111216
4.81049282,743.81379182,90.82421421,-20.24141867,513.26497918,0.58089515
4.86049282,748.32980075,89.81813057,-20.00290683,513.26497918,0.58068306
4.91049282,752.79580124,88.82382888,-19.77010919,513.26497918,0.58047575
4.96049282,757.21237532,87.84102797,-19.54284549,513.26497918,0.58027307
5.01049282,761.58009117,86.86945542,-19.32094692,513.26497918,0.5800749
5.06049282,765.89950359,85.90884697,-19.10425632,513.26497918,0.57988111
5.11049282,770.17115433,84.95894616,-18.89261774,513.26497918,0.57969156
5.16049282,774.39557252,84.01950413,-18.68588084,513.26497918,0.57950616
5.21049282,778.57327503,83.09027945,-18.48389949,513.26497918,0.57932477
5.26049282,782.70476685,82.17103783,-18.28653394,513.26497918,0.57914729
5.31049282,786.79054141,81.26155185,-18.0936523,513.26497918,0.57897362
5.36049282,790.83108095,80.36160056,-17.90512593,513.26497918,0.57880364
5.41049282,794.8268568,79.47096922,-17.72083395,513.26497918,0.57863727
5.46049282,798.77832973,78.58944916,-17.54065596,513.26497918,0.57847441
5.51049282,802.68595019,77.71683754,-17.36447653,513.26497918,0.57831495
5.56049282,806.55015867,76.85293725,-17.19218462,513.26497918,0.57815883
5.61049282,810.37138591,75.99755663,-17.02367169,513.26497918,0.57800594
5.66049282,814.15005322,75.15050925,-16.85883811,513.26497918,0.57785621
5.71049282,817.8865727,74.31161367,-16.69758355,513.26497918,0.57770956
5.76049282,821.58134751,73.48069329,-16.53981452,513.26497918,0.5775659
5.81049282,825.23477209,72.6575762,-16.38543728,513.26497918,0.57742517
5.86049282,828.8472324,71.84209504,-16.23436206,513.26497918,0.57728729
5.91049282,832.41910614,71.0340869,-16.08650265,513.26497918,0.57715219
5.96049282,835.95076299,70.23339307,-15.94177585,513.26497918,0.57701981
6.01049282,839.44256478,69.43985897,-15.80010085,513.26497918,0.57689007
6.06049282,842.89486571,68.65333391,-15.66140135,513.26497918,0.57676292
6.11049282,846.30801254,67.87367094,-15.52560453,513.26497918,0.5766383
6.16049282,849.68234479,67.10072684,-15.39263516,513.26497918,0.57651613
6.21049282,853.01819488,66.33436199,-15.26242301,513.26497918,0.57639638
6.26049282,856.31588837,65.57444021,-15.13490069,513.26497918,0.57627897
6.31049282,859.57574407,64.82082867,-15.01000273,513.26497918,0.57616387
6.36049282,862.79807425,64.07339772,-14.88766624,513.26497918,0.57605101
6.41049282,865.98318475,63.33202085,-14.7678301,513.26497918,0.57594034
6.46049282,869.13137518,62.59657454,-14.65043403,513.26497918,0.57583182
6.51049282,872.24293904,61.86693822,-14.53542034,513.26497918,0.57572539
6.56049282,875.31816387,61.14299416,-14.42273391,513.26497918,0.57562102
6.61049282,878.35733141,60.42462737,-14.31232129,513.26497918,0.57551865
6.66049282,881.3607177,59.71172551,-14.20412891,513.26497918,0.57541825
6.71049282,884.32859322,59.00417876,-14.09810717,513.26497918,0.57531977
6.76049282,887.26122304,58.30187987,-13.99420711,513.26497918,0.57522317
6.81049282,890.15886692,57.60472393,-13.89238061,513.26497918,0.57512841
6.86049282,893.02177944,56.91260845,-13.79258172,513.26497918,0.57503545
6.91049282,895.8502101,56.22543315,-13.69476589,513.26497918,0.57494426
6.96049282,898.64440346,55.54309996,-13.59889002,513.26497918,0.5748548
7.01049282,901.40459921,54.86551295,-13.5049117,513.26497918,0.57476703
7.06049282,904.1310323,54.19257825,-13.4127906,513.26497918,0.57468092
7.11049282,906.82393304,53.52420402,-13.32248661,513.26497918,0.57459644
7.16049282,909.48352721,52.86030033,-13.23396231,513.26497918,0.57451355
7.21049282,912.11003612,52.20077916,-13.14718009,513.26497918,0.57443223
7.26049282,914.70367673,51.54555432,-13.06210339,513.26497918,0.57435244
7.31049282,917.26466175,50.8945414,-12.97869715,513.26497918,0.57427415
7.36049282,919.7931997,50.24765773,-12.89692734,513.26497918,0.57419734
7.41049282,922.289495,49.60482232,-12.81676152,513.26497918,0.57412197
7.46049282,924.75374808,48.96595578,-12.73816717,513.26497918,0.57404802
7.51049282,927.18615543,48.3309803,-12.66111361,513.26497918,0.57397547
7.56049282,929.58690969,47.69981961,-12.58557072,513.26497918,0.57390428
7.61049282,931.95619972,47.07239892,-12.51150867,513.26497918,0.57383444
7.66049282,934.29421069,46.44864491,-12.4388988,513.26497918,0.57376592
7.71049282,936.60112413,45.82848566,-12.36771356,513.26497918,0.57369869
7.76049282,938.877118,45.21185063,-12.29792554,513.26497918,0.57363273
7.81049282,941.12236678,44.59867061,-12.22950871,513.26497918,0.57356802
7.86049282,943.33704151,43.98887768,-12.16243764,513.26497918,0.57350454
7.91049282,945.52130989,43.38240517,-12.09668765,513.26497918,0.57344226
7.96049282,947.67533628,42.77918764,-12.03223463,513.26497918,0.57338118
8.01049282,949.79928183,42.17916081,-11.96905545,513.26497918,0.57332126
8.06049282,951.89330449,41.58226157,-11.90712732,513.26497918,0.57326248
8.11049282,953.95755908,40.98842792,-11.84642832,513.26497918,0.57320484
8.16049282,955.99219736,40.39759894,-11.78693687,513.26497918,0.5731483
8.21049282,957.99736806,39.80971477,-11.72863202,513.26497918,0.57309286
8.26049282,959.97321694,39.22471661,-11.67149365,513.26497918,0.57303849
8.31049282,961.91988686,38.64254662,-11.61550161,513.26497918,0.57298518
8.36049282,963.8375178,38.06314796,-11.56063717,513.26497918,0.57293291
8.41049282,965.72624691,37.48646473,-11.50688108,513.26497918,0.57288166
8.46049282,967.58620861,36.91244197,-11.45421559,513.26497918,0.57283143
8.51049282,969.41753455,36.34102559,-11.4026227,513.26497918,0.57278219
8.56049282,971.22035373,35.7721624,-11.35208524,513.26497918,0.57273392
8.61049282,972.99479248,35.20580004,-11.30258642,513.26497918,0.57268663
8.66049282,974.74097455,34.64188699,-11.25411018,513.26497918,0.57264028
8.71049282,976.45902115,34.08037252,-11.20664078,513.26497918,0.57259487
8.76049282,978.14905095,33.52120666,-11.16016284,513.26497918,0.57255039
8.81049282,979.81118014,32.96434022,-11.11466159,513.26497918,0.57250681
8.86049282,981.44552249,32.40972472,-11.07012253,513.26497918,0.57246414
8.91049282,983.05218934,31.85731243,-11.02653147,513.26497918,0.57242235
8.96049282,984.63128967,31.30705626,-10.98387458,513.26497918,0.57238144
9.01049282,986.18293013,30.75890987,-10.94213851,513.26497918,0.57234139
9.06049282,987.70721506,30.21282753,-10.90131024,513.26497918,0.57230219
9.11049282,989.20424653,29.66876417,-10.861377,513.26497918,0.57226383
9.16049282,990.67412439,29.12667535,-10.8223266,513.26497918,0.5722263
9.21049282,992.11694625,28.58651723,-10.7841473,513.26497918,0.57218959
9.26049282,993.53280757,28.04824655,-10.74682658,513.26497918,0.57215369
9.31049282,994.92180165,27.51182066,-10.71035407,513.26497918,0.57211859
9.36049282,996.28401968,26.97719742,-10.67471861,513.26497918,0.57208428
9.41049282,997.61955075,26.44433525,-10.63990938,513.26497918,0.57205076
9.46049282,998.92848187,25.9131931,-10.60591615,513.26497918,0.572018
9.51049282,1000.21089805,25.3837304,-10.57272985,513.26497918,0.57198601
9.56049282,1001.46688223,24.85590694,-10.54034436,513.26497918,0.57195477
9.61049282,1002.6965154,24.32968307,-10.508745,513.26497918,0.57192428
9.66049282,1003.89987655,23.80501969,-10.47792256,513.26497918,0.57189453
9.71049282,1005.07704274,23.2818782,-10.44786825,513.26497918,0.5718655
9.76049282,1006.2280891,22.7602204,-10.41857337,513.26497918,0.5718372
9.81049282,1007.35308888,22.24000853,-10.39002955,513.26497918,0.57180962
9.86049282,1008.45211343,21.72120524,-10.36222863,513.26497918,0.57178274
9.91049282,1009.52523226,21.20377359,-10.33516274,513.26497918,0.57175657
9.96049282,1010.57251304,20.68767702,-10.3088242,513.26497918,0.57173109
10.01049282,1011.59402161,20.17287934,-10.28320559,513.26497918,0.5717063
10.06049282,1012.58982203,19.65934474,-10.25829975,513.26497918,0.57168219
10.11049282,1013.55997655,19.14703776,-10.23409974,513.26497918,0.57165876
10.16049282,1014.50454568,18.63592327,-10.21059884,513.26497918,0.571636
10.21049282,1015.42358817,18.12596648,-10.18779054,513.26497918,0.5716139
10.26049282,1016.31716105,17.61713293,-10.16566855,513.26497918,0.57159246
10.31049282,1017.18531962,17.10938843,-10.1442268,513.26497918,0.57157168
10.36049282,1018.02811748,16.60269915,-10.12345943,513.26497918,0.57155154
10.41049282,1018.84560656,16.09703148,-10.10336078,513.26497918,0.57153204
10.46049282,1019.6378371,15.59235215,-10.08392538,513.26497918,0.57151319
10.51049282,1020.4048577,15.08862811,-10.06514796,513.26497918,0.57149497
10.56049282,1021.14671529,14.58582659,-10.04702346,513.26497918,0.57147738
10.61049282,1021.86345519,14.08391508,-10.02954702,513.26497918,0.57146041
10.66049282,1022.55512109,13.58286128,-10.01271394,513.26497918,0.57144406
10.71049282,1023.22175508,13.08263315,-9.9965197,513.26497918,0.57142834
10.76049282,1023.86339762,12.58319325,-9.98152736,513.26497918,0.57310238
10.81049282,1024.48008623,12.08446745,-9.96759174,513.26497918,0.57644337
10.86049282,1025.07185576,11.58642565,-9.95416725,513.26497918,0.57996701
10.91049282,1025.63873977,11.08904232,-9.94125303,513.26497918,0.58369205
10.96049282,1026.18077055,10.59229195,-9.92884859,513.26497918,0.58764011
11.01049282,1026.69797909,10.09614906,-9.91695365,513.26497918,0.59183627
11.06049282,1027.19039515,9.60058817,-9.9055682,513.26497918,0.59630988
11.11049282,1027.65804719,9.10558382,-9.89469247,513.26497918,0.60109552
11.16049282,1028.10096239,8.6111105,-9.884327,513.26497918,0.6062343
11.21049282,1028.51916666,8.11714267,-9.8744726,513.26497918,0.61177557
11.26049282,1028.91268465,7.62365477,-9.86513047,513.26497918,0.61777918
11.31049282,1029.28153971,7.13062113,-9.85630215,513.26497918,0.62431859
11.36049282,1029.62575391,6.63801602,-9.84798958,513.26497918,0.63148519
11.41049282,1029.94534802,6.14581359,-9.84019522,513.26497918,0.63939447
11.46049282,1030.24034154,5.65398786,-9.83292201,513.26497918,0.64819495
11.51049282,1030.51075265,5.16251269,-9.82617355,513.26497918,0.65808161
11.56049282,1030.75659822,4.67136173,-9.81995416,513.26497918,0.66931675
11.61049282,1030.97789379,4.18050841,-9.81426905,513.26497918,0.68226368
11.66049282,1031.17465357,3.68992585,-9.8091245,513.26497918,0.6974438
11.71049282,1031.34689043,3.19958685,-9.80452819,513.26497918,0.71563934
11.76049282,1031.49461586,2.70946377,-9.80048956,513.26497918,0.73809254
11.81049282,1031.61783994,2.21952843,-9.79702054,513.26497918,0.7669316
11.86049282,1031.71657135,1.72975199,-9.79413662,513.26497918,0.80621256
11.91049282,1031.79081729,1.24010469,-9.79185887,513.26497918,0.86502447
11.96049282,1031.84058345,0.75055551,-9.79021774,513.26497918,0.97036411
12.01049282,1031.86587393,0.26107171,-9.7892444,513.26497918,1.27888559
12.06049282,1031.86669117,-0.22837838,-9.7887806,513.26497918,1.32769395
12.11049282,1031.84303663,-0.71779443,-9.78775019,513.26497918,0.98084652
12.16049282,1031.79491287,-1.20714154,-9.78601644,513.26497918,0.87014379
12.21049282,1031.72232422,-1.69638458,-9.78359183,513.26497918,0.80945035
12.26049282,1031.62527672,-2.18548955,-9.78049436,513.26497918,0.76926439
12.31049282,1031.50377812,-2.67442286,-9.77672348,513.26497918,0.73991586
12.36049282,1031.35783786,-3.1631504,-9.77225694,513.26497918,0.71714911
12.41049282,1031.18746711,-3.65163628,-9.76704443,513.26497918,0.69875047
12.46049282,1030.99267891,-4.13984118,-9.76099818,513.26497918,0.68343561
12.51049282,1030.77348841,-4.62772023,-9.75398045,513.26497918,0.67039939
12.56049282,1030.52991319,-5.11522008,-9.74578721,513.26497918,0.65910705
12.61049282,1030.2619738,-5.6022751,-9.73612714,513.26497918,0.64918714
12.66049282,1029.96969446,-6.08880237,-9.72459504,513.26497918,0.64037225
12.71049282,1029.65310411,-6.57469518,-9.71063861,513.26497918,0.63246422
12.76049282,1029.3122378,-7.05981471,-9.6935182,513.26497918,0.6253127
12.81049282,1028.94713851,-7.54397951,-9.67225991,513.26497918,0.61880131
12.86049282,1028.55785965,-8.02695248,-9.64560261,513.26497918,0.61283854
12.90602002,1028.18242853,-8.46542518,-9.61529115,513.26497918,0.60782461
12.94829242,1027.81599342,-8.87117942,-9.58064035,513.26497918,0.60348298
12.98814508,1027.45485518,-9.25222722,-9.54090308,513.26497918,0.59963911
13.02616972,1027.09615557,-9.6141752,-9.49524474,513.26497918,0.59617734
13.036,1027.00118697,-9.70745178,-9.48204256,513.26497918,0.5953131
13.0385,1026.97688871,-9.73115257,-9.47858311,513.26497918,0.59509524
13.0395,1026.9671607,-9.72487345,6.27912315,513.26497918,NaN
13.08775274,1026.50519475,-9.42288826,6.25840533,513.26497918,NaN
13.136943,1026.04806567,-9.1632737,5.27776339,513.26497918,NaN
13.19703683,1025.50546161,-8.89528711,4.45946921,513.26497918,NaN
13.2702373,1024.8640713,-8.62892517,3.63880081,513.26497918,NaN
13.36268672,1024.07849996,-8.36569342,2.84730558,513.26497918,NaN
13.48452775,1023.07472002,-8.11118545,2.08885276,513.26497918,NaN
13.65585661,1021.70526538,-7.87508442,1.37805758,513.26497918,NaN
13.92362583,1019.62304098,-7.67729564,0.73865388,513.26497918,NaN
14.42362583,1015.81168565,-7.56812568,0.21833993,513.26497918,NaN
14.92362583,1012.02002397,-7.59852104,-0.06079072,513.26497918,NaN
15.42362583,1008.22339311,-7.58800242,0.02103724,513.26497918,NaN
15.92362583,1004.42907033,-7.58928869,-0.00257254,513.26497918,NaN
16.42362583,1000.63496058,-7.58715031,0.00427677,513.26497918,NaN
16.92362583,996.84167132,-7.58600672,0.00228717,513.26497918,NaN
17.42362583,993.04904871,-7.58448375,0.00304594,513.26497918,NaN
17.92362583,989.2571642,-7.58305426,0.00285898,513.26497918,NaN
18.42362583,985.4660008,-7.58159935,0.00290982,513.26497918,NaN
18.92362583,981.67556256,-7.5801536,0.0028915,513.26497918,NaN
19.42362583,977.88584743,-7.57870694,0.00289332,513.26497918,NaN
19.92362583,974.09685511,-7.57726231,0.00288927,513.26497918,NaN
20.42362583,970.30858483,-7.57581884,0.00288694,513.26497918,NaN
20.92362583,966.52103592,-7.57437678,0.00288412,513.26497918,NaN
21.42362583,962.73420771,-7.57293606,0.00288144,513.26497918,NaN
21.92362583,958.94809953,-7.57149669,0.00287873,513.26497918,NaN
22.42362583,955.16271069,-7.57005867,0.00287603,513.26497918,NaN
22.92362583,951.37804052,-7.568622,0.00287334,513.26497918,NaN
23.42362583,947.59408835,-7.56718668,0.00287065,513.26497918,NaN
23.92362583,943.8108535,-7.5657527,0.00286796,513.26497918,NaN
24.42362583,940.02833532,-7.56432006,0.00286528,513.26497918,NaN
24.92362583,936.24653311,-7.56288875,0.00286261,513.26497918,NaN
25.42362583,932.46544623,-7.56145879,0.00285993,513.26497918,NaN
25.92362583,928.68507399,-7.56003015,0.00285726,513.26497918,NaN
26.42362583,924.90541574,-7.55860286,0.0028546,513.26497918,NaN
26.92362583,921.12647081,-7.55717689,0.00285194,513.26497918,NaN
27.42362583,917.34823852,-7.55575225,0.00284928,513.26497918,NaN
27.92362583,913.57071823,-7.55432893,0.00284663,513.26497918,NaN
28.42362583,909.79390926,-7.55290694,0.00284398,513.26497918,NaN
28.92362583,906.01781096,-7.55148627,0.00284134,513.26497918,NaN
29.42362583,902.24242266,-7.55006692,0.0028387,513.26497918,NaN
29.92362583,898.46774371,-7.54864889,0.00283606,513.26497918,NaN
30.42362583,894.69377345,-7.54723217,0.00283343,513.26497918,NaN
30.92362583,890.92051122,-7.54581677,0.00283081,513.26497918,NaN
31.42362583,887.14795636,-7.54440267,0.00282818,513.26497918,NaN
31.92362583,883.37610821,-7.54298989,0.00282557,513.26497918,NaN
32.42362583,879.60496614,-7.54157841,0.00282295,513.26497918,NaN
32.92362583,875.83452947,-7.54016824,0.00282034,513.26497918,NaN
33.42362583,872.06479757,-7.53875938,0.00281773,513.26497918,NaN
33.92362583,868.29576977,-7.53735181,0.00281513,513.26497918,NaN
34.42362583,864.52744543,-7.53594554,0.00281253,513.26497918,NaN
34.92362583,860.7598239,-7.53454057,0.00280994,513.26497918,NaN
35.42362583,856.99290454,-7.5331369,0.00280735,513.26497918,NaN
35.92362583,853.22668668,-7.53173452,0.00280476,513.26497918,NaN
36.42362583,849.4611697,-7.53033342,0.00280218,513.26497918,NaN
36.92362583,845.69635294,-7.52893362,0.00279961,513.26497918,NaN
37.42362583,841.93223576,-7.5275351,0.00279703,513.26497918,NaN
37.92362583,838.16881751,-7.52613787,0.00279446,513.26497918,NaN
38.42362583,834.40609756,-7.52474193,0.0027919,513.26497918,NaN
38.92362583,830.64407527,-7.52334726,0.00278933,513.26497918,NaN
39.42362583,826.88274998,-7.52195387,0.00278678,513.26497918,NaN
39.92362583,823.12212108,-7.52056176,0.00278422,513.26497918,NaN
40.42362583,819.36218791,-7.51917092,0.00278167,513.26497918,NaN
40.92362583,815.60294984,-7.51778136,0.00277913,513.26497918,NaN
41.42362583,811.84440623,-7.51639306,0.00277659,513.26497918,NaN
41.92362583,808.08655646,-7.51500604,0.00277405,513.26497918,NaN
42.42362583,804.32939988,-7.51362028,0.00277151,513.26497918,NaN
42.92362583,800.57293586,-7.51223579,0.00276898,513.26497918,NaN
43.42362583,796.81716377,-7.51085256,0.00276646,513.26497918,NaN
43.92362583,793.06208298,-7.50947059,0.00276394,513.26497918,NaN
44.42362583,789.30769286,-7.50808988,0.00276142,513.26497918,NaN
44.92362583,785.55399278,-7.50671043,0.0027589,513.26497918,NaN
45.42362583,781.80098212,-7.50533223,0.00275639,513.26497918,NaN
45.92362583,778.04866023,-7.50395529,0.00275389,513.26497918,NaN
46.42362583,774.29702651,-7.5025796,0.00275138,513.26497918,NaN
46.92362583,770.54608032,-7.50120516,0.00274889,513.26497918,NaN
47.42362583,766.79582104,-7.49983196,0.00274639,513.26497918,NaN
47.92362583,763.04624805,-7.49846001,0.0027439,513.26497918,NaN
48.42362583,759.29736072,-7.4970893,0.00274141,513.26497918,NaN
48.92362583,755.54915844,-7.49571984,0.00273893,513.26497918,NaN
49.42362583,751.80164057,-7.49435162,0.00273645,513.26497918,NaN
49.92362583,748.05480651,-7.49298463,0.00273397,513.26497918,NaN
50.42362583,744.30865563,-7.49161888,0.0027315,513.26497918,NaN
50.92362583,740.56318732,-7.49025436,0.00272903,513.26497918,NaN
51.42362583,736.81840097,-7.48889108,0.00272657,513.26497918,NaN
51.92362583,733.07429594,-7.48752902,0.00272411,513.26497918,NaN
52.42362583,729.33087164,-7.4861682,0.00272165,513.26497918,NaN
52.92362583,725.58812744,-7.4848086,0.0027192,513.26497918,NaN
53.42362583,721.84606273,-7.48345022,0.00271675,513.26497918,NaN
53.92362583,718.10467691,-7.48209307,0.0027143,513.26497918,NaN
54.42362583,714.36396936,-7.48073714,0.00271186,513.26497918,NaN
54.92362583,710.62393947,-7.47938243,0.00270942,513.26497918,NaN
55.42362583,706.88458663,-7.47802893,0.00270699,513.26497918,NaN
55.92362583,703.14591024,-7.47667665,0.00270456,513.26497918,NaN
56.42362583,699.40790968,-7.47532558,0.00270213,513.26497918,NaN
56.92362583,695.67058435,-7.47397573,0.00269971,513.26497918,NaN
57.42362583,691.93393364,-7.47262708,0.00269729,513.26497918,NaN
57.92362583,688.19795696,-7.47127965,0.00269487,513.26497918,NaN
58.42362583,684.4626537,-7.46993342,0.00269246,513.26497918,NaN
58.92362583,680.72802324,-7.46858839,0.00269005,513.26497918,NaN
59.42362583,676.99406501,-7.46724457,0.00268765,513.26497918,NaN
59.92362583,673.26077838,-7.46590194,0.00268525,513.26497918,NaN
60.42362583,669.52816276,-7.46456052,0.00268285,513.26497918,NaN
60.92362583,665.79621756,-7.46322029,0.00268046,513.26497918,NaN
61.42362583,662.06494218,-7.46188125,0.00267807,513.26497918,NaN
61.92362583,658.33433601,-7.46054342,0.00267568,513.26497918,NaN
62.42362583,654.60439846,-7.45920677,0.0026733,513.26497918,NaN
62.92362583,650.87512895,-7.45787131,0.00267092,513.26497918,NaN
63.42362583,647.14652686,-7.45653704,0.00266854,513.26497918,NaN
63.92362583,643.41859161,-7.45520395,0.00266617,513.26497918,NaN
64.42362583,639.69132261,-7.45387205,0.0026638,513.26497918,NaN
64.92362583,635.96471926,-7.45254133,0.00266144,513.26497918,NaN
65.42362583,632.23878098,-7.4512118,0.00265907,513.26497918,NaN
65.92362583,628.51350717,-7.44988344,0.00265672,513.26497918,NaN
66.42362583,624.78889725,-7.44855626,0.00265436,513.26497918,NaN
66.92362583,621.06495062,-7.44723025,0.00265201,513.26497918,NaN
67.42362583,617.3416667,-7.44590542,0.00264966,513.26497918,NaN
67.92362583,613.6190449,-7.44458176,0.00264732,513.26497918,NaN
68.42362583,609.89708465,-7.44325927,0.00264498,513.26497918,NaN
68.92362583,606.17578534,-7.44193795,0.00264264,513.26497918,NaN
69.42362583,602.4551464,-7.44061779,0.00264031,513.26497918,NaN
69.92362583,598.73516725,-7.4392988,0.00263798,513.26497918,NaN
70.42362583,595.01584731,-7.43798098,0.00263565,513.26497918,NaN
70.92362583,591.29718599,-7.43666431,0.00263333,513.26497918,NaN
71.42362583,587.57918271,-7.43534881,0.00263101,513.26497918,NaN
71.92362583,583.86183689,-7.43403446,0.0026287,513.26497918,NaN
72.42362583,580.14514796,-7.43272127,0.00262638,513.26497918,NaN
72.92362583,576.42911534,-7.43140923,0.00262408,513.26497918,NaN
73.42362583,572.71373844,-7.43009834,0.00262177,513.26497918,NaN
73.92362583,568.99901671,-7.42878861,0.00261947,513.26497918,NaN
74.42362583,565.28494955,-7.42748002,0.00261717,513.26497918,NaN
74.92362583,561.57153639,-7.42617259,0.00261487,513.26497918,NaN
75.42362583,557.85877667,-7.4248663,0.00261258,513.26497918,NaN
75.92362583,554.14666981,-7.42356115,0.00261029,513.26497918,NaN
76.42362583,550.43521524,-7.42225714,0.00260801,513.26497918,NaN
76.92362583,546.72441238,-7.42095428,0.00260573,513.26497918,NaN
77.42362583,543.01426067,-7.41965255,0.00260345,513.26497918,NaN
77.92362583,539.30475954,-7.41835197,0.00260118,513.26497918,NaN
78.42362583,535.59590842,-7.41705252,0.0025989,513.26497918,NaN
78.92362583,531.88770675,-7.4157542,0.00259664,513.26497918,NaN
79.42362583,528.18015394,-7.41445701,0.00259437,513.26497918,NaN
79.92362583,524.47324945,-7.41316096,0.00259211,513.26497918,NaN
80.42362583,520.76699271,-7.41186603,0.00258985,513.26497918,NaN
80.92362583,517.06138314,-7.41057223,0.0025876,513.26497918,NaN
81.42362583,513.35642019,-7.40927956,0.00258535,513.26497918,NaN
81.92362583,509.6521033,-7.40798801,0.0025831,513.26497918,NaN
82.42362583,505.94843191,-7.40669758,0.00258085,513.26497918,NaN
82.92362583,502.24540544,-7.40540827,0.00257861,513.26497918,NaN
83.42362583,498.54302335,-7.40412009,0.00257638,513.26497918,NaN
83.92362583,494.84129546,-7.40279149,0.0026572,513.26497918,NaN
84.42362583,491.14024421,-7.4014135,0.00275598,513.26497918,NaN
84.92362583,487.43987756,-7.40005309,0.00272081,513.26497918,NaN
85.42362583,483.74019213,-7.39868865,0.00272889,513.26497918,NaN
85.92362583,480.04118818,-7.39732715,0.002723,513.26497918,NaN
86.42362583,476.34286481,-7.39596634,0.00272163,513.26497918,NaN
86.92362583,472.64522149,-7.39460693,0.0027188,513.26497918,NaN
87.42362583,468.94825758,-7.39324871,0.00271646,513.26497918,NaN
87.92362583,465.25197247,-7.39189173,0.00271396,513.26497918,NaN
88.42362583,461.55636555,-7.39053597,0.00271151,513.26497918,NaN
88.92362583,457.86143619,-7.38918144,0.00270906,513.26497918,NaN
89.42362583,454.1671838,-7.38782814,0.00270661,513.26497918,NaN
89.92362583,450.47360775,-7.38647606,0.00270416,513.26497918,NaN
90.42362583,446.78070744,-7.3851252,0.00270172,513.26497918,NaN
90.92362583,443.08848225,-7.38377555,0.00269928,513.26497918,NaN
91.42362583,439.39693158,-7.38242713,0.00269685,513.26497918,NaN
91.92362583,435.70605482,-7.38107992,0.00269442,513.26497918,NaN
92.42362583,432.01585136,-7.37973392,0.00269199,513.26497918,NaN
92.92362583,428.32632059,-7.37838914,0.00268957,513.26497918,NaN
93.42362583,424.63746192,-7.37704557,0.00268715,513.26497918,NaN
93.92362583,420.94927472,-7.3757032,0.00268473,513.26497918,NaN
94.42362583,417.26175842,-7.37436204,0.00268232,513.26497918,NaN
94.92362583,413.57491239,-7.37302208,0.00267991,513.26497918,NaN
95.42362583,409.88873603,-7.37168333,0.00267751,513.26497918,NaN
95.92362583,406.20322876,-7.37034577,0.00267511,513.26497918,NaN
96.42362583,402.51838996,-7.36900942,0.00267271,513.26497918,NaN
96.92362583,398.83421904,-7.36767426,0.00267032,513.26497918,NaN
97.42362583,395.1507154,-7.3663403,0.00266793,513.26497918,NaN
97.92362583,391.46787845,-7.36500753,0.00266554,513.26497918,NaN
98.42362583,387.78570758,-7.36367595,0.00266316,513.26497918,NaN
98.92362583,384.1042022,-7.36234556,0.00266078,513.26497918,NaN
99.42362583,380.42336172,-7.36101636,0.0026584,513.26497918,NaN
99.92362583,376.74318555,-7.35968834,0.00265603,513.26497918,NaN
100.42362583,373.06367309,-7.35836151,0.00265366,513.26497918,NaN
100.92362583,369.38482374,-7.35703586,0.0026513,513.26497918,NaN
101.42362583,365.70663693,-7.35571139,0.00264894,513.26497918,NaN
101.92362583,362.02911206,-7.3543881,0.00264658,513.26497918,NaN
102.42362583,358.35224854,-7.35306599,0.00264423,513.26497918,NaN
102.92362583,354.67604578,-7.35174505,0.00264188,513.26497918,NaN
103.42362583,351.00050319,-7.35042529,0.00263953,513.26497918,NaN
103.92362583,347.3256202,-7.34910669,0.00263719,513.26497918,NaN
104.42362583,343.65139621,-7.34778927,0.00263485,513.26497918,NaN
104.92362583,339.97783064,-7.34647302,0.00263251,513.26497918,NaN
105.42362583,336.3049229,-7.34515793,0.00263018,513.26497918,NaN
105.92362583,332.63267242,-7.343844,0.00262785,513.26497918,NaN
106.42362583,328.96107861,-7.34253124,0.00262552,513.26497918,NaN
106.92362583,325.29014089,-7.34121964,0.0026232,513.26497918,NaN
107.42362583,321.61985868,-7.3399092,0.00262088,513.26497918,NaN
107.92362583,317.9502314,-7.33859992,0.00261857,513.26497918,NaN
108.42362583,314.28125847,-7.33729179,0.00261625,513.26497918,NaN
108.92362583,310.61293932,-7.33598482,0.00261395,513.26497918,NaN
109.42362583,306.94527336,-7.334679,0.00261164,513.26497918,NaN
109.92362583,303.27826003,-7.33337433,0.00260934,513.26497918,NaN
110.42362583,299.61189875,-7.33207081,0.00260704,513.26497918,NaN
110.92362583,295.94618894,-7.33076843,0.00260475,513.26497918,NaN
111.42362583,292.28113003,-7.3294672,0.00260246,513.26497918,NaN
111.92362583,288.61672145,-7.32816712,0.00260017,513.26497918,NaN
112.42362583,284.95296263,-7.32686818,0.00259788,513.26497918,NaN
112.92362583,281.28985299,-7.32557037,0.0025956,513.26497918,NaN
113.42362583,277.62739197,-7.32427371,0.00259333,513.26497918,NaN
113.92362583,273.96557899,-7.32297818,0.00259105,513.26497918,NaN
114.42362583,270.3044135,-7.32168379,0.00258878,513.26497918,NaN
114.92362583,266.64389491,-7.32039054,0.00258652,513.26497918,NaN
115.42362583,262.98402268,-7.31909841,0.00258425,513.26497918,NaN
115.92362583,259.32479622,-7.31780741,0.00258199,513.26497918,NaN
116.42362583,255.66621498,-7.31651755,0.00257973,513.26497918,NaN
116.92362583,252.00827839,-7.31522881,0.00257748,513.26497918,NaN
117.42362583,248.35098589,-7.31394119,0.00257523,513.26497918,NaN
117.92362583,244.69433692,-7.3126547,0.00257298,513.26497918,NaN
118.42362583,241.03833091,-7.31136933,0.00257074,513.26497918,NaN
118.92362583,237.38296731,-7.31008508,0.0025685,513.26497918,NaN
119.42362583,233.72824555,-7.30880195,0.00256626,513.26497918,NaN
119.92362583,230.07416508,-7.30751994,0.00256403,513.26497918,NaN
120.42362583,226.42072533,-7.30623904,0.0025618,513.26497918,NaN
120.92362583,222.76792576,-7.30495925,0.00255957,513.26497918,NaN
121.42362583,219.1157658,-7.30368058,0.00255735,513.26497918,NaN
121.92362583,215.4642449,-7.30240302,0.00255513,513.26497918,NaN
122.42362583,211.81336251,-7.30112656,0.00255291,513.26497918,NaN
122.92362583,208.16311806,-7.29985122,0.00255069,513.26497918,NaN
123.42362583,204.51351101,-7.29857697,0.00254848,513.26497918,NaN
123.92362583,200.86454081,-7.29730384,0.00254628,513.26497918,NaN
124.42362583,197.2162069,-7.2960318,0.00254407,513.26497918,NaN
124.92362583,193.56850874,-7.29476086,0.00254187,513.26497918,NaN
125.42362583,189.92144577,-7.29349103,0.00253967,513.26497918,NaN
125.92362583,186.27501744,-7.29222229,0.00253748,513.26497918,NaN
126.42362583,182.6292232,-7.29095464,0.00253529,513.26497918,NaN
126.92362583,178.98406252,-7.28968809,0.0025331,513.26497918,NaN
127.42362583,175.33953484,-7.28842264,0.00253091,513.26497918,NaN
127.92362583,171.69563961,-7.28715827,0.00252873,513.26497918,NaN
128.42362583,168.0523763,-7.28589499,0.00252655,513.26497918,NaN
128.92362583,164.40974435,-7.2846328,0.00252438,513.26497918,NaN
129.42362583,160.76774322,-7.2833717,0.00252221,513.26497918,NaN
129.92362583,157.12637238,-7.28211168,0.00252004,513.26497918,NaN
130.42362583,153.48563127,-7.28085274,0.00251787,513.26497918,NaN
130.92362583,149.84551936,-7.27959489,0.00251571,513.26497918,NaN
131.42362583,146.20603611,-7.27833811,0.00251355,513.26497918,NaN
131.92362583,142.56718098,-7.27708242,0.00251139,513.26497918,NaN
132.42362583,138.92895343,-7.2758278,0.00250924,513.26497918,NaN
132.92362583,135.29135292,-7.27457425,0.00250709,513.26497918,NaN
133.42362583,131.65437891,-7.27332178,0.00250494,513.26497918,NaN
133.92362583,128.01803087,-7.27207038,0.0025028,513.26497918,NaN
134.42362583,124.38230827,-7.27082005,0.00250066,513.26497918,NaN
134.92362583,120.74721056,-7.26957079,0.00249852,513.26497918,NaN
135.42362583,117.11273721,-7.26832259,0.00249639,513.26497918,NaN
135.92362583,113.4788877,-7.26707546,0.00249426,513.26497918,NaN
136.42362583,109.84566148,-7.2658294,0.00249213,513.26497918,NaN
136.92362583,106.21305803,-7.2645844,0.00249,513.26497918,NaN
137.42362583,102.58107682,-7.26334046,0.00248788,513.26497918,NaN
137.92362583,98.94971731,-7.26209758,0.00248576,513.26497918,NaN
138.42362583,95.31897898,-7.26085575,0.00248365,513.26497918,NaN
138.92362583,91.68886129,-7.25961499,0.00248153,513.26497918,NaN
139.42362583,88.05936373,-7.25837527,0.00247942,513.26497918,NaN
139.92362583,84.43048576,-7.25713662,0.00247732,513.26497918,NaN
140.42362583,80.80222685,-7.25589901,0.00247521,513.26497918,NaN
140.92362583,77.17458648,-7.25466245,0.00247311,513.26497918,NaN
141.42362583,73.54756413,-7.25342695,0.00247101,513.26497918,NaN
141.92362583,69.92115927,-7.25219249,0.00246892,513.26497918,NaN
142.42362583,66.29537139,-7.25095907,0.00246683,513.26497918,NaN
142.92362583,62.67019994,-7.2497267,0.00246474,513.26497918,NaN
143.42362583,59.04564442,-7.24849537,0.00246265,513.26497918,NaN
143.92362583,55.42170431,-7.24726509,0.00246057,513.26497918,NaN
144.42362583,51.79837907,-7.24603584,0.00245849,513.26497918,NaN
144.92362583,48.1756682,-7.24480763,0.00245642,513.26497918,NaN
145.42362583,44.55357118,-7.24358046,0.00245434,513.26497918,NaN
145.92362583,40.93208748,-7.24235433,0.00245227,513.26497918,NaN
146.42362583,37.31121659,-7.24112923,0.0024502,513.26497918,NaN
146.92362583,33.690958,-7.23990516,0.00244814,513.26497918,NaN
147.42362583,30.07131118,-7.23868212,0.00244608,513.26497918,NaN
147.92362583,26.45227562,-7.23746011,0.00244402,513.26497918,NaN
148.42362583,22.83385081,-7.23623913,0.00244196,513.26497918,NaN
148.92362583,19.21603624,-7.23501917,0.00243991,513.26497918,NaN
149.42362583,15.59883138,-7.23380024,0.00243786,513.26497918,NaN
149.92362583,11.98223574,-7.23258234,0.00243581,513.26497918,NaN
150.42362583,8.36624879,-7.23136545,0.00243377,513.26497918,NaN
150.92362583,4.75087003,-7.23014959,0.00243173,513.26497918,NaN
151.42362583,1.13609894,-7.22893475,0.00242969,513.26497918,NaN
151.58078992,0,-7.22855321,0.00242765,513.26497918,NaN
