0,0,0,0,28.61,-80.6,0,0,0,0,45,0,0,0,0,0,0,81.002,6.1332,0.052699,237.46
0.01,0.011192,0,0.011192,28.61,-80.6,0.011192,2.2383,2.2383,3.1654,45,0,0,0,0,0,0,81.002,6.1332,0.052699,341.46
0.02,0.050027,0,0.050027,28.61,-80.6,0.050027,5.5291,5.5291,7.8194,45,0,0,0,0,0,0,80.947,6.1301,0.052693,327.71
0.03,0.12109,0,0.12109,28.61,-80.6,0.12109,8.6835,8.6835,12.28,45,0,0,0,0,0,0,80.881,6.1265,0.052685,332.87
0.04,0.22397,0,0.22397,28.61,-80.6,0.22397,11.893,11.893,16.819,45,0,0,0,0,0,0,80.816,6.1228,0.052677,338.04
0.05,0.35921,0,0.35921,28.61,-80.6,0.35921,15.157,15.157,21.435,45,0,0,0,0,0,0,80.751,6.1192,0.052669,343.21
0.06,0.52737,0,0.52737,28.61,-80.6,0.52737,18.476,18.476,26.129,45,0,0,0,0,0,0,80.686,6.1155,0.052661,348.38
0.07,0.729,0,0.729,28.61,-80.6,0.729,21.85,21.85,30.9,45,0,0,0,0,0,0,80.621,6.1119,0.052653,351.94
0.08,0.96456,0,0.96456,28.61,-80.6,0.96456,25.262,25.262,35.726,45,0,0,0,0,0,0,80.556,6.1082,0.052645,349.09
0.089183,1.2108,0,1.2108,28.61,-80.6,1.2108,28.372,28.372,40.123,45,0,0,0,0,0,0,80.493,6.1047,0.052638,345.86
0.09736,1.454,0,1.454,28.61,-80.6,1.454,31.115,31.115,44.003,45,0,0,0,0,0,0,80.436,6.1015,0.052631,342.96
0.10482,1.6953,0,1.6953,28.61,-80.6,1.6953,33.596,33.596,47.512,45,0,0,0,0,0,0,80.385,6.0986,0.052625,340.29
0.11172,1.9351,0,1.9351,28.61,-80.6,1.9351,35.876,35.876,50.736,45,0,0,0,0,0,0,80.338,6.096,0.052619,337.8
0.11819,2.174,0,2.174,28.61,-80.6,2.174,37.996,37.996,53.734,45,0,0,0,0,0,0,80.295,6.0935,0.052613,335.46
0.12429,2.412,0,2.412,28.61,-80.6,2.412,39.983,39.983,56.545,45,0,0,0,0,0,0,80.253,6.0912,0.052608,332.63
0.13345,2.7924,0,2.7924,28.61,-80.6,2.7911,42.794,43.088,60.728,45,0,0,1.9667e-5,3.5725e-8,0,0.19606,80.204,6.0883,0.052602,331.65
0.14719,3.4162,0,3.4162,28.61,-80.6,3.4078,46.997,47.73,66.985,45,-8.6559e-7,0,1.31e-4,2.0817e-7,0,0.44318,80.129,6.0841,0.052593,337.47
0.1678,4.4728,0,4.4728,28.61,-80.6,4.4425,53.431,54.819,76.551,44.997,-4.0331e-6,0,5.1821e-4,4.8398e-7,-2.8187e-8,0.73239,80.018,6.0778,0.05258,341.88
0.19871,6.3341,-3.0412e-8,6.3341,28.61,-80.6,6.2458,63.249,65.611,91.133,44.986,-8.9062e-6,0,0.0017116,3.7468e-7,-2.7509e-7,1.0362,79.852,6.0683,0.05256,334.75
0.24507,9.7444,-1.6985e-7,9.7444,28.61,-80.6,9.513,77.677,81.485,112.58,44.931,-3.4539e-5,0,0.0052209,2.1461e-6,-9.9872e-7,1.3017,79.605,6.0541,0.05253,327.63
0.29507,14.238,-8.8659e-7,14.238,28.61,-80.6,13.777,92.882,98.256,135.21,44.783,-7.3353e-5,0,0.011656,1.4376e-6,-3.5679e-6,1.3939,79.296,6.0363,0.052492,337.44
0.34507,19.584,-2.7577e-6,19.584,28.61,-80.6,18.814,108.58,115.61,158.6,44.495,-6.0563e-5,0,0.020691,-1.1536e-6,-8.0682e-6,1.2904,78.977,6.0178,0.052453,328.67
0.39507,25.789,-5.6724e-6,25.789,28.61,-80.6,24.622,123.75,132.62,181.39,44.03,-2.301e-5,0,0.031109,-1.7495e-6,-1.2603e-5,1.0109,78.659,5.9992,0.052415,324.83
0.44507,32.844,-9.1783e-6,32.844,28.61,-80.6,31.181,138.56,149.61,203.91,43.382,1.9818e-5,0,0.040343,-4.6971e-6,-1.6012e-5,0.57938,78.347,5.9808,0.052377,313.6
0.49507,40.739,-1.1813e-5,40.739,28.61,-80.6,38.459,152.54,166.25,225.62,42.606,9.5763e-5,0,0.044818,-5.2026e-5,-1.6614e-5,0.067845,78.04,5.9626,0.05234,319.49
0.54507,49.481,-1.2262e-5,49.481,28.61,-80.6,46.437,166.51,183.48,247.78,41.819,1.4319e-4,0,-0.041178,-7.9604e-6,-1.4198e-5,0.40527,77.734,5.9444,0.052303,327.09
0.59507,59.102,-9.1486e-6,59.102,28.61,-80.6,55.115,180.55,201.4,270.48,41.181,8.0352e-5,0,-0.02835,-7.8035e-6,-8.869e-6,0.69314,77.424,5.9257,0.052265,330.64
0.62813,65.96,-5.857e-6,65.96,28.61,-80.6,61.237,189.81,213.49,285.67,40.915,-6.8804e-5,0,-0.016102,-1.1628e-5,-5.0876e-6,0.72444,77.16,5.9097,0.052233,333.21
0.65645,72.153,-3.8207e-6,72.153,28.61,-80.6,66.724,197.77,223.96,298.78,40.808,-2.9009e-4,6.3224e-9,-0.0049797,-1.7367e-5,-3.034e-6,0.6393,76.964,5.8978,0.052209,335.62
0.68558,78.836,-4.6739e-6,78.836,28.61,-80.6,72.607,206.03,234.79,312.37,40.811,-5.4888e-4,6.9931e-9,0.005142,-2.2845e-5,-3.3968e-6,0.45601,76.78,5.8866,0.052187,338.39
0.7227,87.808,-1.3924e-5,87.808,28.61,-80.6,80.451,216.69,248.63,329.81,40.939,-6.532e-4,9.1139e-9,0.012832,-3.5685e-5,-9.0855e-6,0.13416,76.569,5.8736,0.052161,336.03
0.7727,100.7,-4.1394e-5,100.7,28.61,-80.6,91.647,231.14,267,353.15,41.161,-1.6291e-4,7.152e-9,-0.0092411,-3.6038e-5,-2.3552e-5,0.27895,76.289,5.8563,0.052127,335.57
0.81925,113.52,-6.8873e-5,113.52,28.61,-80.6,102.72,244.65,283.86,374.74,41.19,3.686e-4,1.2176e-8,0.0070534,-1.8815e-5,-3.476e-5,0.43223,75.979,5.837,0.052089,338.74
0.84559,121.13,-7.9631e-5,121.13,28.61,-80.6,109.27,252.37,293.46,387.05,41.07,4.6005e-4,8.8674e-9,0.018056,-2.1583e-5,-3.7667e-5,0.37573,75.744,5.8223,0.052061,339.65
0.87385,129.57,-8.5264e-5,129.57,28.61,-80.6,116.52,260.6,303.83,400.28,40.836,4.232e-4,5.684e-9,0.027315,-3.709e-5,-3.7705e-5,0.21525,75.567,5.8112,0.052039,340.4
0.91624,142.78,-8.3021e-5,142.78,28.61,-80.6,127.82,272.76,319.55,420.13,40.38,1.7015e-4,0,-0.029896,-4.9149e-5,-3.3315e-5,0.10301,75.338,5.7967,0.052012,338.02
0.96624,159.22,-7.823e-5,159.22,28.61,-80.6,141.81,286.6,338.14,443.26,39.967,1.3724e-4,2.0668e-8,-0.01395,5.1681e-6,-2.8151e-5,0.31671,75.039,5.7777,0.051975,335.59
0.99103,167.72,-7.4032e-5,167.72,28.61,-80.599,148.99,293.31,347.31,454.59,39.893,3.2277e-4,2.2474e-8,-0.0027121,1.726e-5,-2.5291e-5,0.28855,74.797,5.7623,0.051946,334.56
1.0166,176.73,-6.6012e-5,176.73,28.61,-80.599,156.6,300.21,356.72,466.24,39.914,5.721e-4,2.155e-8,0.0065888,3.6703e-5,-2.1401e-5,0.1698,74.634,5.7518,0.051926,346.14
1.0551,190.72,-4.0248e-5,190.72,28.61,-80.599,168.34,311.07,371.2,484.31,40.041,7.6884e-4,1.7016e-8,-0.0093759,5.9873e-5,-1.2092e-5,0.077142,74.424,5.7382,0.051901,336.88
1.1051,209.73,1.7562e-5,209.73,28.61,-80.599,184.24,324.93,389.28,507.07,40.077,1.7727e-4,4.0743e-8,0.007013,2.4138e-5,4.7977e-6,0.22573,74.136,5.7195,0.051866,325.14
1.1306,219.8,5.0912e-5,219.8,28.61,-80.599,192.64,331.69,398.13,518.19,39.963,9.1719e-5,4.1449e-8,0.01722,5.7936e-6,1.3271e-5,0.16524,73.893,5.7036,0.051836,334.9
1.1639,233.25,9.285e-5,233.25,28.61,-80.599,203.83,340.64,410.04,533.07,39.712,9.3101e-5,3.5461e-8,-0.022894,2.4838e-4,2.2808e-5,0.0059927,73.705,5.6913,0.051813,336.7
1.2138,254.17,1.5586e-4,254.17,28.61,-80.599,221.16,353.84,428.2,555.48,39.397,-1.5347e-4,5.2099e-8,-0.010052,4.3566e-6,3.5134e-5,0.17168,73.439,5.6737,0.051781,330.83
1.2411,265.98,1.8917e-4,265.98,28.61,-80.599,230.9,360.78,437.91,567.38,39.352,1.1317e-5,5.1066e-8,5.3178e-4,2.3794e-5,4.075e-5,0.13208,73.192,5.6573,0.051751,332.59
1.2749,280.99,2.2816e-4,280.99,28.61,-80.599,243.25,369.47,449.91,582.17,39.404,6.1482e-4,4.995e-8,-0.0060075,1.5919e-4,4.6524e-5,0.010955,72.998,5.6443,0.051727,314.41
1.3249,303.89,3.1771e-4,303.89,28.61,-80.599,262.02,381.46,466.23,602.4,39.411,7.991e-4,6.7186e-9,0.00653,2.7937e-5,5.9901e-5,0.12172,72.74,5.627,0.051696,314.74
1.3569,318.99,3.9778e-4,318.99,28.61,-80.599,274.36,389.08,476.63,615.27,39.278,-4.5395e-4,8.5454e-9,0.015396,2.6978e-4,7.1449e-5,0.052993,72.493,5.6103,0.051666,315.07
1.405,342.26,4.6083e-4,342.26,28.61,-80.599,293.31,400.22,492.3,634.46,39.027,-0.0012662,1.5647e-8,-0.010958,2.0715e-4,7.7145e-5,0.083687,72.251,5.5938,0.051637,315.42
1.4456,362.55,4.5302e-4,362.55,28.61,-80.599,309.78,409.49,505.54,650.58,38.954,0.0011663,1.482e-8,-1.1773e-4,1.4321e-4,7.1593e-5,0.053602,71.983,5.5755,0.051604,315.79
1.4956,388.23,5.2815e-4,388.23,28.61,-80.599,330.54,420.9,521.6,670.24,38.955,0.0016392,5.9628e-8,0.0025326,-7.4311e-6,7.7946e-5,0.053136,71.709,5.5566,0.051571,314.77
1.5456,414.71,6.794e-4,414.71,28.61,-80.599,351.87,432.14,537.39,689.59,38.816,-6.4584e-4,9.2354e-8,0.010278,7.2387e-4,9.3866e-5,0.011739,71.409,5.5357,0.051534,311.78
1.5956,441.96,7.6377e-4,441.96,28.61,-80.599,373.75,442.94,552.93,708.47,38.666,8.0355e-4,1.3967e-7,-0.0058062,2.1069e-5,9.9014e-5,0.031119,71.109,5.5147,0.051498,309.59
1.6456,469.99,9.2251e-4,469.99,28.61,-80.599,396.16,453.47,568.16,726.93,38.601,0.0018661,1.6712e-7,0.0033596,-5.3004e-4,1.1246e-4,0.0065672,70.811,5.4938,0.051462,308.62
1.6956,498.77,0.0011702,498.77,28.61,-80.598,419.09,463.82,583.11,745.08,38.507,-9.1608e-4,1.964e-7,0.0062722,9.0199e-4,1.3442e-4,0.0076139,70.517,5.4729,0.051426,307.66
1.7456,528.3,0.0012775,528.3,28.61,-80.598,442.53,473.9,597.84,762.89,38.396,0.0013226,2.119e-7,-0.0054996,-5.7979e-4,1.3855e-4,0.0069364,70.223,5.4519,0.05139,306.69
1.7956,558.55,0.0014607,558.55,28.61,-80.598,466.48,483.75,612.33,780.36,38.311,7.1659e-5,2.2013e-7,0.0047357,9.4944e-4,1.4984e-4,0.0014837,69.929,5.4307,0.051355,305.73
1.8456,589.53,0.001602,589.53,28.61,-80.598,490.91,493.37,626.56,797.49,38.218,2.1078e-4,2.2297e-7,0.0052047,-4.0684e-4,1.557e-4,3.5849e-4,69.635,5.4093,0.051319,304.77
1.8956,621.2,0.0017658,621.2,28.61,-80.598,515.81,502.75,640.53,814.27,38.128,-6.5644e-4,2.207e-7,-8.268e-4,0.0049422,1.6286e-4,7.998e-4,69.341,5.3878,0.051283,295.45
1.9456,653.56,0.0018276,653.56,28.61,-80.598,541.16,511.45,653.69,829.99,38.041,0.0018208,2.2045e-7,0.0017929,-0.0045348,1.6022e-4,0.0014353,69.053,5.3666,0.051248,247.92
1.9956,686.49,0.0020071,686.49,28.61,-80.598,566.89,517.53,663.53,841.5,37.952,-6.9591e-4,2.1649e-7,-0.003707,0.0030631,1.6752e-4,0.0011374,68.793,5.3473,0.051217,200.49
2.0456,719.83,0.0021112,719.83,28.61,-80.598,592.85,521.04,670.1,848.83,37.866,-1.0914e-4,2.1763e-7,-0.0045416,0.0014821,1.6804e-4,8.2192e-4,68.578,5.3312,0.051191,171.96
2.0956,753.45,0.0021884,753.45,28.61,-80.598,618.96,522.99,674.68,853.65,37.781,0.0016797,2.2368e-7,-0.0024293,-0.0043049,1.6641e-4,0.0013229,68.399,5.3178,0.051169,151.15
2.1456,787.27,0.0023828,787.27,28.61,-80.598,645.13,523.82,677.82,856.64,37.697,-0.0010433,2.216e-7,0.0024924,0.0039484,1.7342e-4,0.0011947,68.249,5.3064,0.051151,130.32
2.1956,821.2,0.0024437,821.2,28.61,-80.597,671.31,523.53,679.53,857.82,37.611,0.0014056,2.1924e-7,-0.0021929,-0.0042299,1.705e-4,0.0011171,68.114,5.2962,0.051134,114.37
2.2456,855.19,0.0025656,855.19,28.61,-80.597,697.46,522.42,680.17,857.64,37.527,-0.0011054,2.1659e-7,0.0021889,0.0042056,1.7189e-4,9.9973e-4,67.993,5.287,0.05112,103.04
2.2956,889.2,0.0025787,889.2,28.61,-80.597,723.54,520.73,680.06,856.53,37.441,-4.8404e-4,2.1765e-7,-0.0030285,0.0035186,1.6616e-4,5.4702e-4,67.888,5.279,0.051107,79.377
2.3456,923.16,0.0025482,923.16,28.61,-80.597,749.5,517.84,678.39,853.45,37.356,6.1868e-4,2.164e-7,0.0013316,-0.0046322,1.5815e-4,5.3068e-4,67.802,5.2724,0.051097,57.329
2.3956,957,0.0025888,957,28.61,-80.597,775.29,513.88,675.3,848.59,37.271,-3.9771e-4,2.2071e-7,0.0045256,0.0011557,1.5499e-4,0.0012375,67.737,5.2674,0.051089,47.996
2.4456,990.68,0.0026387,990.68,28.61,-80.597,800.88,509.52,671.67,843.06,37.183,-0.0011484,2.2404e-7,-0.0010339,0.0047525,1.5261e-4,0.0010203,67.685,5.2634,0.051082,41.326
2.4956,1024.2,0.0026553,1024.2,28.61,-80.597,826.24,504.9,667.69,837.1,37.097,4.5726e-4,2.2548e-7,0.0041502,-0.0022748,1.4855e-4,6.6279e-4,67.643,5.2602,0.051077,30.963
2.5456,1057.4,0.0026838,1057.4,28.61,-80.597,851.36,499.84,663.11,830.39,37.008,-6.5059e-4,2.2819e-7,-0.0013512,0.0048074,1.4542e-4,5.2437e-4,67.608,5.2575,0.051073,6.8616
2.5956,1090.4,0.0026472,1090.4,28.61,-80.597,876.19,493.65,657.02,821.81,36.92,-0.0011634,2.2937e-7,0.0030395,0.0038095,1.3909e-4,0.0010218,67.589,5.2561,0.051071,0
2.6456,1123.1,0.0025559,1123.1,28.61,-80.596,900.71,487.23,650.61,812.83,36.83,8.1309e-4,2.285e-7,0.0039533,-0.0029802,1.3039e-4,0.0010766,67.585,5.2558,0.05107,0
2.6956,1155.5,0.0025493,1155.5,28.61,-80.596,924.92,480.95,644.36,804.06,36.737,-6.9354e-4,2.3091e-7,-0.0033683,0.0038567,1.2641e-4,6.2507e-4,67.585,5.2558,0.05107,0
2.7456,1187.6,0.0024833,1187.6,28.61,-80.596,948.81,474.79,638.25,795.48,36.646,0.0011559,2.3157e-7,0.0021849,-0.004617,1.1981e-4,0.001071,67.585,5.2558,0.05107,0
2.7956,1219.3,0.0024899,1219.3,28.61,-80.596,972.4,468.75,632.28,787.09,36.553,-7.3171e-4,2.328e-7,0.0019666,0.0048452,1.17e-4,5.8985e-4,67.585,5.2558,0.05107,0
2.8456,1250.8,0.0024385,1250.8,28.61,-80.596,995.69,462.83,626.44,778.87,36.459,5.0429e-5,2.3276e-7,0.0051254,-6.4187e-4,1.117e-4,7.0441e-4,67.585,5.2558,0.05107,0
2.8956,1282,0.0023986,1282,28.61,-80.596,1018.7,457.02,620.74,770.83,36.363,-0.0010368,2.3428e-7,0.0037153,0.0038176,1.072e-4,0.0010063,67.585,5.2558,0.05107,0
2.9456,1312.9,0.0022835,1312.9,28.61,-80.596,1041.4,451.31,615.16,762.96,36.266,2.8497e-4,2.3616e-7,0.0035641,-0.0040015,9.9656e-5,5.993e-4,67.585,5.2558,0.05107,0
2.9956,1343.5,0.0022176,1343.5,28.61,-80.596,1063.8,445.71,609.7,755.25,36.169,2.8532e-4,2.3677e-7,0.0052795,-0.0013147,9.4573e-5,0.0010434,67.585,5.2558,0.05107,0
3.0456,1373.8,0.0021598,1373.8,28.61,-80.596,1086,440.21,604.36,747.69,36.069,-4.7704e-4,2.3619e-7,0.0043789,0.0033164,9.0076e-5,4.6736e-4,67.585,5.2558,0.05107,0
3.0956,1403.9,0.0020727,1403.9,28.61,-80.596,1107.8,434.8,599.14,740.28,35.969,6.7255e-4,2.3528e-7,-0.0013983,-0.0054605,8.4589e-5,6.6442e-4,67.585,5.2558,0.05107,0
3.1456,1433.8,0.0020283,1433.8,28.61,-80.596,1129.4,429.49,594.02,733.02,35.869,-6.1234e-4,2.3414e-7,0.0047722,0.0027352,8.1055e-5,8.9896e-4,67.585,5.2558,0.05107,0
3.1956,1463.3,0.0019555,1463.3,28.61,-80.595,1150.8,424.27,589.01,725.9,35.766,-3.7628e-4,2.3349e-7,0,0,7.6568e-5,1.9629e-4,67.585,5.2558,0.05107,0
3.2456,1492.7,0.0018657,1492.7,28.61,-80.595,1171.9,419.13,584.1,718.92,35.662,0.0010737,2.3345e-7,-0.0022851,-0.0052527,7.1614e-5,0.0010634,67.585,5.2558,0.05107,0
3.2956,1521.7,0.0018426,1521.7,28.61,-80.595,1192.7,414.09,579.29,712.07,35.558,1.0681e-5,2.3286e-7,0,0,6.9377e-5,7.562e-5,67.585,5.2558,0.05107,0
3.3456,1550.6,0.0018009,1550.6,28.61,-80.595,1213.3,409.12,574.58,705.35,35.452,-5.7516e-4,2.3298e-7,0.003387,0.0047483,6.6544e-5,4.9968e-4,67.585,5.2558,0.05107,0
3.3956,1579.2,0.0017246,1579.2,28.61,-80.595,1233.6,404.23,569.96,698.75,35.346,-1.9294e-5,2.3255e-7,0.0058772,-0.0012409,6.2573e-5,8.2839e-4,67.585,5.2558,0.05107,0
3.4456,1607.6,0.0016587,1607.6,28.61,-80.595,1253.7,399.42,565.43,692.27,35.238,0.0011792,2.3267e-7,0.0023435,-0.0055369,5.9117e-5,0.0010969,67.585,5.2558,0.05107,0
3.4956,1635.7,0.0016597,1635.7,28.61,-80.595,1273.6,394.68,560.98,685.91,35.128,-1.579e-4,2.3245e-7,-0.0056564,0.002318,5.8135e-5,3.3471e-4,67.585,5.2558,0.05107,0
3.5456,1663.7,0.001638,1663.7,28.61,-80.595,1293.2,390.01,556.63,679.66,35.019,-2.0473e-4,2.3188e-7,0.0060102,7.9488e-4,5.6413e-5,8.5357e-4,67.585,5.2558,0.05107,0
3.5956,1691.4,0.0016209,1691.4,28.61,-80.595,1312.6,385.42,552.35,673.52,34.908,-5.018e-4,2.3189e-7,0.0060012,0.001522,5.4907e-5,0.0015769,67.585,5.2558,0.05107,0
3.6456,1718.9,0.001584,1718.9,28.61,-80.595,1331.7,380.89,548.15,667.49,34.795,1.869e-4,2.3098e-7,0.0060929,-0.0018906,5.2799e-5,7.2043e-4,67.585,5.2558,0.05107,0
3.6956,1746.2,0.0015822,1746.2,28.61,-80.595,1350.7,376.43,544.03,661.56,34.68,5.4792e-4,2.3078e-7,-0.002936,-0.005665,5.1915e-5,4.561e-4,67.585,5.2558,0.05107,0
3.7456,1773.3,0.0016043,1773.3,28.61,-80.594,1369.4,372.03,539.99,655.74,34.566,-7.3969e-4,2.3043e-7,0.0047594,0.0041712,5.1835e-5,9.6748e-4,67.585,5.2558,0.05107,0
3.7956,1800.2,0.0015807,1800.2,28.61,-80.594,1387.9,367.7,536.01,650.01,34.45,-1.9711e-4,2.3003e-7,0.0064549,7.0991e-4,5.0309e-5,9.173e-4,67.585,5.2558,0.05107,0
3.8456,1826.9,0.0015609,1826.9,28.61,-80.594,1406.1,363.42,532.11,644.38,34.333,3.87e-4,2.2994e-7,0.0059612,-0.0027313,4.8952e-5,7.8468e-4,67.585,5.2558,0.05107,0
3.8956,1853.4,0.0015622,1853.4,28.61,-80.594,1424.2,359.2,528.28,638.83,34.214,-7.4791e-6,2.2992e-7,0.0066343,6.6451e-4,4.8294e-5,3.2385e-4,67.585,5.2558,0.05107,0
3.9456,1879.8,0.0015656,1879.8,28.61,-80.594,1442.1,355.04,524.52,633.38,34.094,4.6175e-5,2.2977e-7,0,0,4.7719e-5,1.0331e-4,67.585,5.2558,0.05107,0
3.9956,1905.9,0.0015753,1905.9,28.61,-80.594,1459.7,350.94,520.82,628.02,33.974,9.1415e-4,2.3022e-7,0.0050695,-0.0044179,4.7358e-5,0.0010937,67.585,5.2558,0.05107,0
4.0456,1931.8,0.0016203,1931.8,28.61,-80.594,1477.2,346.89,517.18,622.75,33.851,5.9241e-4,2.2981e-7,0.0034242,-0.0059411,4.8055e-5,4.4614e-4,67.585,5.2558,0.05107,0
4.0956,1957.6,0.0016769,1957.6,28.61,-80.594,1494.4,342.89,513.61,617.55,33.728,5.7167e-5,2.2991e-7,0,0,4.9081e-5,2.1693e-4,67.585,5.2558,0.05107,0
4.1456,1983.2,0.001734,1983.2,28.61,-80.594,1511.4,338.95,510.09,612.44,33.604,2.9801e-4,2.2995e-7,0.0067567,-0.0012136,5.0097e-5,7.4922e-4,67.585,5.2558,0.05107,0
4.1956,2008.6,0.0017984,2008.6,28.61,-80.594,1528.3,335.05,506.64,607.41,33.479,-1.7466e-4,2.3055e-7,0.0069172,0.0013915,5.1299e-5,0.0012971,67.585,5.2558,0.05107,0
4.2456,2033.9,0.0018485,2033.9,28.61,-80.594,1544.9,331.21,503.24,602.45,33.351,-4.6475e-5,2.3119e-7,0,0,5.2074e-5,2.4546e-4,67.585,5.2558,0.05107,0
4.2956,2058.9,0.0018959,2058.9,28.61,-80.594,1561.4,327.4,499.9,597.57,33.223,7.4072e-4,2.315e-7,0.0040559,-0.0058222,5.276e-5,6.351e-4,67.585,5.2558,0.05107,0
4.3456,2083.9,0.0019715,2083.9,28.61,-80.593,1577.7,323.65,496.61,592.77,33.094,8.449e-4,2.3189e-7,0.0064879,-0.0030875,5.4207e-5,0.0012674,67.585,5.2558,0.05107,0
4.3956,2108.6,0.0020688,2108.6,28.61,-80.593,1593.8,319.94,493.37,588.03,32.964,4.682e-4,2.3276e-7,0.0072413,-0.001101,5.6215e-5,0.0013292,67.585,5.2558,0.05107,0
4.4456,2133.2,0.0021658,2133.2,28.61,-80.593,1609.7,316.28,490.19,583.37,32.831,-2.7247e-4,2.3314e-7,0.0012225,0.0073185,5.817e-5,3.9959e-4,67.585,5.2558,0.05107,0
4.4956,2157.6,0.0022377,2157.6,28.61,-80.593,1625.4,312.66,487.05,578.77,32.698,-2.4799e-4,2.3338e-7,0.005569,0.0047831,5.9423e-5,5.0955e-4,67.585,5.2558,0.05107,0
4.5456,2181.9,0.0022933,2181.9,28.61,-80.593,1641,309.07,483.97,574.24,32.565,1.7757e-4,2.3349e-7,0.0074512,-2.9837e-4,6.0222e-5,0.0014434,67.585,5.2558,0.05107,0
4.5956,2206,0.0023452,2206,28.61,-80.593,1656.3,305.54,480.93,569.78,32.429,0.0010141,2.3348e-7,0.0061594,-0.0044908,6.0912e-5,0.0012445,67.585,5.2558,0.05107,0
4.6456,2230,0.0024381,2230,28.61,-80.593,1671.5,302.04,477.94,565.38,32.291,9.3351e-4,2.3319e-7,0.0034207,-0.0068567,6.2643e-5,6.0168e-4,67.585,5.2558,0.05107,0
4.6956,2253.8,0.0025676,2253.8,28.61,-80.593,1686.5,298.57,474.99,561.04,32.153,-5.5544e-4,2.3304e-7,0.0043781,0.0062918,6.5273e-5,8.7866e-4,67.585,5.2558,0.05107,0
4.7456,2277.5,0.0026581,2277.5,28.61,-80.593,1701.4,295.15,472.09,556.76,32.014,-4.0819e-4,2.3273e-7,0.0066952,0.0040172,6.687e-5,9.3187e-4,67.585,5.2558,0.05107,0
4.7956,2301,0.0027211,2301,28.61,-80.593,1716,291.76,469.23,552.55,31.873,7.0722e-4,2.3216e-7,0.004654,-0.0063645,6.7756e-5,5.4603e-4,67.585,5.2558,0.05107,0
4.8456,2324.4,0.0028156,2324.4,28.61,-80.593,1730.5,288.41,466.42,548.39,31.73,9.6535e-4,2.3176e-7,-0.0030534,-0.0073523,6.9402e-5,6.1947e-4,67.585,5.2558,0.05107,0
4.8956,2347.7,0.002943,2347.7,28.61,-80.593,1744.9,285.09,463.65,544.29,31.588,3.6295e-5,2.3161e-7,0.0071572,0.0033554,7.1826e-5,5.6562e-4,67.585,5.2558,0.05107,0
4.9456,2370.8,0.0030574,2370.8,28.61,-80.593,1759.1,281.81,460.91,540.24,31.444,-2.8163e-4,2.321e-7,0.00772,0.0023733,7.389e-5,0.0014745,67.585,5.2558,0.05107,0
4.9956,2393.8,0.0031495,2393.8,28.61,-80.593,1773.1,278.57,458.22,536.25,31.297,0.0011608,2.3158e-7,0.0049882,-0.0065122,7.5384e-5,9.6907e-4,67.585,5.2558,0.05107,0
5.0456,2416.6,0.003284,2416.6,28.61,-80.592,1786.9,275.35,455.56,532.31,31.149,0.0012019,2.3147e-7,-0.003502,-0.0074613,7.7862e-5,7.5903e-4,67.585,5.2558,0.05107,0
5.0956,2439.3,0.0034466,2439.3,28.61,-80.592,1800.6,272.17,452.95,528.43,31.001,-3.6253e-4,2.3129e-7,0.004614,0.0067556,8.0955e-5,7.7892e-4,67.585,5.2558,0.05107,0
5.1456,2461.9,0.0035777,2461.9,28.61,-80.592,1814.1,269.02,450.36,524.59,30.853,-2.1742e-4,2.3091e-7,0.0080476,0.0021497,8.3263e-5,0.0017007,67.585,5.2558,0.05107,0
5.1956,2484.4,0.0036896,2484.4,28.61,-80.592,1827.5,265.9,447.82,520.81,30.701,6.9657e-5,2.3098e-7,0.0083623,0.0016273,8.5092e-5,9.0208e-4,67.585,5.2558,0.05107,0
5.2456,2506.7,0.0037902,2506.7,28.61,-80.592,1840.7,262.81,445.31,517.08,30.547,2.0364e-4,2.3071e-7,-0.0085125,8.8933e-4,8.6634e-5,5.7207e-4,67.585,5.2558,0.05107,0
5.2956,2528.9,0.0038968,2528.9,28.61,-80.592,1853.8,259.74,442.84,513.39,30.394,2.4498e-4,2.3073e-7,0,0,8.8288e-5,2.7265e-4,67.585,5.2558,0.05107,0
5.3456,2551,0.0039993,2551,28.61,-80.592,1866.7,256.71,440.4,509.75,30.24,5.1659e-4,2.3077e-7,0.0085442,-8.6904e-4,8.9826e-5,0.0021463,67.585,5.2558,0.05107,0
5.3956,2572.9,0.0041071,2572.9,28.61,-80.592,1879.5,253.71,437.99,506.16,30.084,4.1366e-4,2.3166e-7,0.0087868,-5.3845e-4,9.146e-5,0.0019344,67.585,5.2558,0.05107,0
5.4456,2594.8,0.0042159,2594.8,28.61,-80.592,1892.1,250.73,435.61,502.62,29.924,4.7961e-4,2.3143e-7,0,0,9.3092e-5,2.4318e-4,67.585,5.2558,0.05107,0
5.4956,2616.5,0.0043326,2616.5,28.61,-80.592,1904.5,247.78,433.27,499.12,29.764,3.0381e-4,2.316e-7,0,0,9.4876e-5,3.3504e-4,67.585,5.2558,0.05107,0
5.5456,2638.1,0.0044489,2638.1,28.61,-80.592,1916.8,244.86,430.96,495.66,29.605,4.4365e-4,2.3158e-7,0.0087414,-0.0016938,9.6623e-5,6.1524e-4,67.585,5.2558,0.05107,0
5.5956,2659.6,0.0045694,2659.6,28.61,-80.592,1929,241.96,428.68,492.25,29.444,6.8221e-4,2.3169e-7,0.0088674,-0.0014189,9.844e-5,0.0019305,67.585,5.2558,0.05107,0
5.6456,2681,0.0046978,2681,28.61,-80.592,1941,239.09,426.42,488.88,29.281,2.9759e-4,2.3126e-7,0.0091628,3.3356e-4,1.004e-4,0.0017343,67.585,5.2558,0.05107,0
5.6956,2702.2,0.0048285,2702.2,28.61,-80.592,1952.9,236.24,424.2,485.55,29.114,-3.5851e-4,2.3152e-7,0.0043411,0.0081951,1.0238e-4,6.7674e-4,67.585,5.2558,0.05107,0
5.7456,2723.4,0.0049302,2723.4,28.61,-80.591,1964.7,233.42,422.01,482.26,28.948,-6.1251e-4,2.3151e-7,-0.0023522,0.0089468,1.0372e-4,7.5784e-4,67.585,5.2558,0.05107,0
5.7956,2744.4,0.0050014,2744.4,28.61,-80.591,1976.3,230.62,419.84,479.01,28.781,2.2454e-4,2.313e-7,0.0092732,-4.3921e-4,1.0442e-4,9.9035e-4,67.585,5.2558,0.05107,0
5.8456,2765.4,0.0050755,2765.4,28.61,-80.591,1987.7,227.84,417.7,475.8,28.613,0.0010784,2.3099e-7,0.0085007,-0.0040869,1.0516e-4,0.0016862,67.585,5.2558,0.05107,0
5.8956,2786.2,0.0051819,2786.2,28.61,-80.591,1999,225.09,415.59,472.63,28.442,8.566e-4,2.3106e-7,0.0080534,-0.0051788,1.0656e-4,8.607e-4,67.585,5.2558,0.05107,0
5.9456,2806.9,0.0053028,2806.9,28.61,-80.591,2010.2,222.36,413.51,469.5,28.269,1.6453e-4,2.3108e-7,0,0,1.0824e-4,1.4724e-4,67.585,5.2558,0.05107,0
5.9956,2827.6,0.0054177,2827.6,28.61,-80.591,2021.3,219.65,411.45,466.41,28.096,-1.7571e-4,2.3108e-7,0.0071419,0.0064452,1.0978e-4,6.1684e-4,67.585,5.2558,0.05107,0
6.0456,2848.1,0.0055119,2848.1,28.61,-80.591,2032.2,216.97,409.42,463.35,27.922,5.2369e-6,2.3145e-7,0.0095184,0.0020269,1.1088e-4,9.5312e-4,67.585,5.2558,0.05107,0
6.0956,2868.5,0.005597,2868.5,28.61,-80.591,2043,214.3,407.41,460.33,27.746,4.8576e-4,2.3158e-7,0.009692,-0.0013701,1.118e-4,0.0015271,67.585,5.2558,0.05107,0
6.1456,2888.8,0.0056859,2888.8,28.61,-80.591,2053.6,211.66,405.42,457.35,27.569,5.9951e-5,2.3149e-7,0.0098521,0.0011589,1.1277e-4,0.0015307,67.585,5.2558,0.05107,0
6.1956,2909,0.0057674,2909,28.61,-80.591,2064.1,209.03,403.46,454.4,27.39,-5.8238e-4,2.3172e-7,0.0083179,0.0055705,1.1359e-4,0.0012427,67.585,5.2558,0.05107,0
6.2456,2929.2,0.0058247,2929.2,28.61,-80.591,2074.5,206.43,401.53,451.48,27.208,-2.1948e-4,2.3175e-7,0,0,1.1393e-4,4.0141e-4,67.585,5.2558,0.05107,0
6.2956,2949.2,0.0058729,2949.2,28.61,-80.591,2084.8,203.84,399.61,448.6,27.026,9.9541e-4,2.3173e-7,0.0033186,-0.0095476,1.141e-4,7.907e-4,67.585,5.2558,0.05107,0
6.3456,2969.1,0.0059491,2969.1,28.61,-80.591,2094.9,201.28,397.72,445.75,26.844,0.001477,2.3181e-7,0.0075142,-0.0068542,1.148e-4,0.0015943,67.585,5.2558,0.05107,0
6.3956,2989,0.0060615,2989,28.61,-80.591,2104.9,198.73,395.86,442.94,26.66,6.1659e-4,2.3194e-7,0.010222,-0.0011576,1.1619e-4,0.0019312,67.585,5.2558,0.05107,0
6.4456,3008.7,0.0061793,3008.7,28.61,-80.591,2114.8,196.2,394.01,440.16,26.473,-9.0863e-4,2.323e-7,0.0087718,0.005643,1.1767e-4,0.0020113,67.585,5.2558,0.05107,0
6.4956,3028.4,0.0062571,3028.4,28.61,-80.591,2124.5,193.69,392.18,437.41,26.285,-9.6826e-4,2.3204e-7,0.0050706,0.0092614,1.1838e-4,0.0011589,67.585,5.2558,0.05107,0
6.5456,3047.9,0.0063033,3047.9,28.61,-80.59,2134.2,191.2,390.38,434.69,26.094,5.4995e-4,2.3209e-7,-0.0071888,-0.0077483,1.1849e-4,5.1273e-4,67.585,5.2558,0.05107,0
6.5956,3067.4,0.0063599,3067.4,28.61,-80.59,2143.7,188.72,388.6,432,25.904,0.0011908,2.321e-7,0.0050836,-0.0092609,1.188e-4,9.9706e-4,67.585,5.2558,0.05107,0
6.6456,3086.8,0.0064477,3086.8,28.61,-80.59,2153,186.27,386.84,429.35,25.713,5.5371e-4,2.3182e-7,0.010583,-0.0012028,1.1968e-4,0.0019544,67.585,5.2558,0.05107,0
6.6956,3106.1,0.0065447,3106.1,28.61,-80.59,2162.3,183.83,385.09,426.72,25.52,-5.1491e-4,2.3165e-7,0.010369,0.0030623,1.2072e-4,0.002526,67.585,5.2558,0.05107,0
6.7456,3125.3,0.0066178,3125.3,28.61,-80.59,2171.4,181.4,383.37,424.12,25.324,-5.534e-4,2.314e-7,0.010093,0.0043061,1.2132e-4,0.0016774,67.585,5.2558,0.05107,0
6.7956,3144.4,0.0066704,3144.4,28.61,-80.59,2180.4,179,381.67,421.56,25.126,9.8692e-5,2.3138e-7,0,0,1.2154e-4,1.2567e-4,67.585,5.2558,0.05107,0
6.8456,3163.5,0.0067191,3163.5,28.61,-80.59,2189.3,176.6,379.98,419.02,24.928,2.2836e-4,2.3136e-7,0,0,1.2169e-4,1.5743e-4,67.585,5.2558,0.05107,0
6.8956,3182.4,0.0067704,3182.4,28.61,-80.59,2198.1,174.23,378.32,416.51,24.729,-7.4707e-5,2.3139e-7,0.010932,0.0015768,1.2189e-4,0.0014167,67.585,5.2558,0.05107,0
6.9456,3201.3,0.0068127,3201.3,28.61,-80.59,2206.7,171.87,376.67,414.03,24.529,-3.1964e-4,2.313e-7,0.011067,0.0016472,1.2193e-4,0.002672,67.585,5.2558,0.05107,0
6.9956,3220.1,0.0068422,3220.1,28.61,-80.59,2215.3,169.52,375.04,411.57,24.326,-1.122e-4,2.3121e-7,0.011334,7.788e-4,1.2174e-4,0.0024275,67.585,5.2558,0.05107,0
7.0456,3238.8,0.0068651,3238.8,28.61,-80.59,2223.7,167.19,373.43,409.15,24.121,1.0455e-4,2.3101e-7,0.011466,-2.6854e-4,1.2145e-4,0.0012296,67.585,5.2558,0.05107,0
7.0956,3257.4,0.0068893,3257.4,28.61,-80.59,2232,164.88,371.83,406.75,23.914,2.3924e-4,2.3101e-7,0,0,1.2118e-4,2.3269e-4,67.585,5.2558,0.05107,0
7.1456,3276,0.0069209,3276,28.61,-80.59,2240.2,162.58,370.25,404.37,23.706,3.7462e-4,2.3094e-7,0,0,1.2104e-4,3.054e-4,67.585,5.2558,0.05107,0
7.1956,3294.5,0.0069593,3294.5,28.61,-80.59,2248.3,160.29,368.69,402.03,23.498,2.6967e-4,2.31e-7,0.011511,-0.0011474,1.2103e-4,0.0013572,67.585,5.2558,0.05107,0
7.2456,3312.9,0.0070001,3312.9,28.61,-80.59,2256.2,158.02,367.15,399.71,23.289,3.1577e-4,2.3094e-7,0.011657,-7.7558e-4,1.2107e-4,0.0025323,67.585,5.2558,0.05107,0
7.2956,3331.2,0.0070478,3331.2,28.61,-80.59,2264.1,155.76,365.62,397.41,23.077,4.629e-4,2.3141e-7,0.011779,-0.0011936,1.2122e-4,0.0028058,67.585,5.2558,0.05107,0
7.3456,3349.4,0.0071018,3349.4,28.61,-80.59,2271.8,153.51,364.11,395.15,22.863,2.208e-4,2.3143e-7,0.011973,-2.0442e-4,1.2149e-4,0.0020381,67.585,5.2558,0.05107,0
7.3956,3367.6,0.0071567,3367.6,28.61,-80.589,2279.4,151.28,362.61,392.9,22.646,-3.4368e-4,2.3148e-7,0.010091,0.0066248,1.2176e-4,8.4181e-4,67.585,5.2558,0.05107,0
7.4456,3385.7,0.0071964,3385.7,28.61,-80.589,2286.9,149.06,361.13,390.68,22.429,-4.8923e-4,2.3157e-7,2.3414e-4,0.012093,1.2178e-4,5.3556e-4,67.585,5.2558,0.05107,0
7.4956,3403.7,0.0072201,3403.7,28.61,-80.589,2294.3,146.85,359.66,388.49,22.211,3.3057e-4,2.3153e-7,0.011443,-0.0039503,1.2154e-4,7.4965e-4,67.585,5.2558,0.05107,0
7.5456,3421.6,0.007249,3421.6,28.61,-80.589,2301.6,144.66,358.21,386.32,21.992,9.2212e-4,2.3158e-7,0.011492,-0.0040344,1.2139e-4,0.0022507,67.585,5.2558,0.05107,0
7.5956,3439.5,0.0072974,3439.5,28.61,-80.589,2308.8,142.48,356.78,384.17,21.772,6.4372e-4,2.316e-7,0.012199,-0.0016638,1.2156e-4,0.003097,67.585,5.2558,0.05107,0
7.6456,3457.3,0.0073577,3457.3,28.61,-80.589,2315.8,140.31,355.35,382.05,21.548,5.5709e-5,2.3133e-7,0.012488,6.6176e-4,1.2193e-4,0.0026263,67.585,5.2558,0.05107,0
7.6956,3475.1,0.0074156,3475.1,28.61,-80.589,2322.8,138.15,353.95,379.95,21.323,-1.8186e-4,2.3134e-7,0.012226,0.0029784,1.2227e-4,0.0013968,67.585,5.2558,0.05107,0
7.7456,3492.7,0.0074644,3492.7,28.61,-80.589,2329.7,136,352.55,377.87,21.096,-1.8635e-4,2.3146e-7,0.011925,0.0041167,1.2245e-4,9.3186e-4,67.585,5.2558,0.05107,0
7.7956,3510.3,0.0075039,3510.3,28.61,-80.589,2336.4,133.87,351.17,375.82,20.868,8.7407e-5,2.3145e-7,0.012666,2.8117e-4,1.2248e-4,0.0012278,67.585,5.2558,0.05107,0
7.8456,3527.8,0.0075417,3527.8,28.61,-80.589,2343,131.75,349.81,373.79,20.64,3.3075e-4,2.3142e-7,0.012691,-0.0012208,1.2248e-4,0.0019606,67.585,5.2558,0.05107,0
7.8956,3545.3,0.0075844,3545.3,28.61,-80.589,2349.6,129.63,348.45,371.78,20.409,3.9901e-4,2.3129e-7,0.012803,-0.0012388,1.2257e-4,0.0023789,67.585,5.2558,0.05107,0
7.9456,3562.7,0.0076337,3562.7,28.61,-80.589,2356,127.53,347.11,369.8,20.176,3.8762e-4,2.3118e-7,0.012941,-0.0012295,1.2277e-4,0.0021241,67.585,5.2558,0.05107,0
7.9956,3580,0.0076899,3580,28.61,-80.589,2362.3,125.44,345.78,367.84,19.941,7.1796e-4,2.3117e-7,0.012412,-0.0041329,1.2307e-4,0.0015398,67.585,5.2558,0.05107,0
8.0456,3597.3,0.0077586,3597.3,28.61,-80.589,2368.6,123.37,344.47,365.89,19.705,9.5992e-4,2.3104e-7,0.011568,-0.0062657,1.2358e-4,0.00139,67.585,5.2558,0.05107,0
8.0956,3614.4,0.0078444,3614.4,28.61,-80.589,2374.7,121.3,343.17,363.97,19.468,8.8297e-4,2.31e-7,0.012333,-0.0046943,1.2435e-4,0.0015051,67.585,5.2558,0.05107,0
8.1456,3631.6,0.0079436,3631.6,28.61,-80.589,2380.7,119.24,341.88,362.07,19.23,5.9384e-4,2.3099e-7,0.013203,-0.0015099,1.2533e-4,0.0020281,67.585,5.2558,0.05107,0
8.1956,3648.6,0.0080484,3648.6,28.61,-80.589,2386.6,117.19,340.6,360.2,18.99,1.4328e-4,2.3113e-7,0.013349,0.00102,1.2639e-4,0.0025903,67.585,5.2558,0.05107,0
8.2456,3665.6,0.0081472,3665.6,28.61,-80.589,2392.4,115.15,339.33,358.34,18.747,-3.5021e-4,2.3114e-7,0.013118,0.0032719,1.2735e-4,0.0026084,67.585,5.2558,0.05107,0
8.2956,3682.6,0.0082299,3682.6,28.61,-80.588,2398.1,113.13,338.08,356.5,18.503,-6.0957e-4,2.3129e-7,0.012712,0.0048783,1.2805e-4,0.0022565,67.585,5.2558,0.05107,0
8.3456,3699.4,0.0082923,3699.4,28.61,-80.588,2403.7,111.11,336.84,354.69,18.257,-2.7533e-4,2.3144e-7,0.013176,0.0038369,1.2843e-4,0.0015439,67.585,5.2558,0.05107,0
8.3956,3716.3,0.0083425,3716.3,28.61,-80.588,2409.2,109.1,335.61,352.89,18.01,3.073e-4,2.3153e-7,0.013673,-0.001492,1.2862e-4,0.0012828,67.585,5.2558,0.05107,0
8.4456,3733,0.0083951,3733,28.61,-80.588,2414.6,107.1,334.39,351.12,17.762,7.7645e-4,2.3156e-7,0.013304,-0.0036857,1.2885e-4,0.0020657,67.585,5.2558,0.05107,0
8.4956,3749.7,0.008459,3749.7,28.61,-80.588,2419.9,105.11,333.18,349.36,17.513,5.8655e-4,2.315e-7,0.013809,-0.001588,1.2925e-4,0.0028678,67.585,5.2558,0.05107,0
8.5456,3766.3,0.0085313,3766.3,28.61,-80.588,2425.1,103.13,331.98,347.63,17.261,2.4867e-4,2.3127e-7,0.014034,6.4264e-5,1.2978e-4,0.0031832,67.585,5.2558,0.05107,0
8.5956,3782.9,0.0086045,3782.9,28.61,-80.588,2430.2,101.16,330.79,345.91,17.007,2.1474e-5,2.3115e-7,0.014125,0.0012009,1.3032e-4,0.0025583,67.585,5.2558,0.05107,0
8.5981,3783.7,0.0086081,3783.7,28.61,-80.588,2430.5,101.06,330.73,345.83,16.994,1.9492e-5,2.3115e-7,0.014127,0.0012315,1.3035e-4,0.0025086,67.585,5.2558,0.05107,0
8.6019,3785,0.0086134,3785,28.61,-80.588,2430.9,100.92,330.64,345.7,16.975,1.6363e-5,2.3115e-7,0.014129,0.0012789,1.3039e-4,0.0024351,67.585,5.2558,0.05107,0
8.6075,3786.8,0.0086213,3786.8,28.61,-80.588,2431.4,100.7,330.51,345.51,16.947,1.21e-5,2.3115e-7,0.014131,0.0013516,1.3044e-4,0.002327,67.585,5.2558,0.05107,0
8.616,3789.6,0.0086331,3789.6,28.61,-80.588,2432.3,100.36,330.31,345.22,16.903,3.8491e-6,2.3115e-7,0.014134,0.0014851,1.3053e-4,0.0021683,67.585,5.2558,0.05107,0
8.6286,3793.8,0.0086504,3793.8,28.61,-80.588,2433.6,99.868,330.01,344.79,16.839,-1.1543e-5,2.3115e-7,0.014123,0.0017328,1.3064e-4,0.0019442,67.585,5.2558,0.05107,0
8.6476,3800,0.0086757,3800,28.61,-80.588,2435.4,99.124,329.57,344.15,16.741,-2.4936e-5,2.3115e-7,0.014102,0.0020852,1.3081e-4,0.0016517,67.585,5.2558,0.05107,0
8.6761,3809.4,0.008712,3809.4,28.61,-80.588,2438.3,98.01,328.9,343.19,16.595,3.7944e-5,2.3115e-7,0.014168,0.0018044,1.3103e-4,0.0013539,67.585,5.2558,0.05107,0
8.7188,3823.4,0.0087644,3823.4,28.61,-80.588,2442.4,96.345,327.91,341.77,16.375,3.2645e-4,2.3115e-7,0.014268,-9.819e-4,1.3134e-4,0.0016059,67.585,5.2558,0.05107,0
8.7688,3839.8,0.0088287,3839.8,28.61,-80.588,2447.2,94.405,326.76,340.12,16.117,8.3974e-4,2.3108e-7,0.014022,-0.0031062,1.3174e-4,0.002665,67.585,5.2558,0.05107,0
8.8188,3856.1,0.0089055,3856.1,28.61,-80.588,2451.8,92.473,325.62,338.49,15.858,0.0010861,2.3103e-7,0.014152,-0.0031287,1.3232e-4,0.0034986,67.585,5.2558,0.05107,0
8.8688,3872.4,0.0089984,3872.4,28.61,-80.588,2456.4,90.55,324.48,336.88,15.596,8.1145e-4,2.3103e-7,0.014494,-0.0018399,1.3314e-4,0.0034827,67.585,5.2558,0.05107,0
8.9188,3888.6,0.0091011,3888.6,28.61,-80.588,2460.9,88.635,323.36,335.29,15.332,3.1372e-4,2.3093e-7,0.01473,3.0497e-4,1.341e-4,0.0029593,67.585,5.2558,0.05107,0
8.9688,3904.7,0.0092023,3904.7,28.61,-80.588,2465.3,86.728,322.25,333.72,15.065,-1.0138e-4,2.309e-7,0.014516,0.0030804,1.3503e-4,0.0020882,67.585,5.2558,0.05107,0
9.0188,3920.8,0.0092946,3920.8,28.61,-80.588,2469.6,84.829,321.15,332.16,14.798,4.012e-5,2.3093e-7,0.014603,0.0029027,1.3582e-4,0.0013456,67.585,5.2558,0.05107,0
9.0688,3936.8,0.0093809,3936.8,28.61,-80.588,2473.8,82.937,320.05,330.62,14.529,4.7656e-4,2.31e-7,0.014828,-0.0018242,1.3653e-4,0.0013814,67.585,5.2558,0.05107,0
9.1188,3952.8,0.00947,3952.8,28.61,-80.588,2477.9,81.054,318.97,329.1,14.26,0.0011297,2.31e-7,0.014106,-0.005076,1.3727e-4,0.0022733,67.585,5.2558,0.05107,0
9.1688,3968.7,0.0095741,3968.7,28.61,-80.588,2481.9,79.178,317.89,327.6,13.989,0.0015681,2.31e-7,0.014166,-0.0051977,1.3822e-4,0.0032549,67.585,5.2558,0.05107,0
9.2188,3984.6,0.0097019,3984.6,28.61,-80.588,2485.8,77.31,316.82,326.12,13.717,0.0015997,2.3108e-7,0.014591,-0.0042024,1.3951e-4,0.003837,67.585,5.2558,0.05107,0
9.2688,4000.4,0.0098501,4000.4,28.61,-80.587,2489.6,75.45,315.76,324.65,13.442,9.9822e-4,2.3106e-7,0.015233,-0.0016736,1.4108e-4,0.0037602,67.585,5.2558,0.05107,0
9.3188,4016.2,0.010007,4016.2,28.61,-80.587,2493.3,73.598,314.71,323.2,13.165,5.0915e-5,2.3112e-7,0.015228,0.0026225,1.4276e-4,0.0029779,67.585,5.2558,0.05107,0
9.3688,4031.9,0.010152,4031.9,28.61,-80.587,2497,71.752,313.67,321.77,12.887,-4.9454e-4,2.3115e-7,0.013922,0.0068615,1.4427e-4,0.0021911,67.585,5.2558,0.05107,0
9.4188,4047.5,0.010278,4047.5,28.61,-80.587,2500.5,69.913,312.64,320.36,12.607,-5.4974e-4,2.3107e-7,0.012618,0.0091547,1.4549e-4,0.0016186,67.585,5.2558,0.05107,0
9.4688,4063.1,0.010386,4063.1,28.61,-80.587,2504,68.081,311.61,318.96,12.326,-1.7821e-4,2.311e-7,0.014555,0.0056797,1.4645e-4,0.0014639,67.585,5.2558,0.05107,0
9.5188,4078.7,0.010482,4078.7,28.61,-80.587,2507.3,66.256,310.6,317.59,12.044,2.5998e-4,2.3107e-7,0.015652,5.5133e-4,1.4724e-4,0.0023204,67.585,5.2558,0.05107,0
9.5688,4094.2,0.010576,4094.2,28.61,-80.587,2510.6,64.439,309.59,316.22,11.761,6.1842e-4,2.3118e-7,0.015709,-0.0011896,1.48e-4,0.0035061,67.585,5.2558,0.05107,0
9.6188,4109.7,0.010674,4109.7,28.61,-80.587,2513.8,62.629,308.59,314.88,11.477,8.2518e-4,2.3124e-7,0.015794,-0.0016543,1.4882e-4,0.0042095,67.585,5.2558,0.05107,0
9.6688,4125.1,0.01078,4125.1,28.61,-80.587,2516.8,60.825,307.59,313.55,11.19,7.3385e-4,2.3142e-7,0.015955,-0.0013001,1.4973e-4,0.0039708,67.585,5.2558,0.05107,0
9.7188,4140.4,0.010891,4140.4,28.61,-80.587,2519.8,59.028,306.61,312.24,10.901,5.3161e-4,2.3135e-7,0.016094,-5.0932e-4,1.5071e-4,0.0033511,67.585,5.2558,0.05107,0
9.7688,4155.7,0.011004,4155.7,28.61,-80.587,2522.7,57.238,305.63,310.94,10.61,3.0272e-4,2.3141e-7,0.016165,7.0997e-4,1.5171e-4,0.0026706,67.585,5.2558,0.05107,0
9.8188,4171,0.011113,4171,28.61,-80.587,2525.6,55.453,304.66,309.66,10.318,2.1457e-4,2.3145e-7,0.016189,0.0013927,1.5266e-4,0.0021759,67.585,5.2558,0.05107,0
9.8688,4186.2,0.01122,4186.2,28.61,-80.587,2528.3,53.675,303.69,308.4,10.025,3.5336e-4,2.3139e-7,0.016294,3.3481e-4,1.5356e-4,0.0021171,67.585,5.2558,0.05107,0
9.9188,4201.3,0.011325,4201.3,28.61,-80.587,2530.9,51.904,302.74,307.15,9.7315,4.1583e-4,2.3144e-7,0.016334,-1.2185e-4,1.5444e-4,0.0028272,67.585,5.2558,0.05107,0
9.9688,4216.5,0.011429,4216.5,28.61,-80.587,2533.5,50.139,301.79,305.92,9.4368,3.2151e-4,2.3137e-7,0.016416,3.2076e-4,1.553e-4,0.0038394,67.585,5.2558,0.05107,0
10.019,4231.5,0.011531,4231.5,28.61,-80.587,2535.9,48.381,300.85,304.71,9.1401,1.4778e-4,2.3127e-7,0.016516,9.126e-4,1.5614e-4,0.0043009,67.585,5.2558,0.05107,0
10.069,4246.5,0.01163,4246.5,28.61,-80.587,2538.3,46.628,299.91,303.51,8.8413,1.8014e-4,2.3129e-7,0.01664,7.5054e-4,1.5692e-4,0.0040552,67.585,5.2558,0.05107,0
10.119,4261.5,0.011725,4261.5,28.61,-80.587,2540.6,44.882,298.98,302.33,8.5404,4.314e-4,2.3136e-7,0.016758,-3.6733e-4,1.5765e-4,0.00321,67.585,5.2558,0.05107,0
10.169,4276.4,0.011821,4276.4,28.61,-80.587,2542.8,43.141,298.06,301.16,8.2381,5.098e-4,2.3131e-7,0.016807,-9.8565e-4,1.5838e-4,0.0023104,67.585,5.2558,0.05107,0
10.219,4291.3,0.011919,4291.3,28.61,-80.587,2544.9,41.405,297.14,300.01,7.9347,5.7335e-4,2.3131e-7,0.016781,-0.0016474,1.5914e-4,0.0019038,67.585,5.2558,0.05107,0
10.269,4306.2,0.012021,4306.2,28.61,-80.587,2547,39.676,296.23,298.88,7.6311,5.5875e-4,2.313e-7,0.016854,-0.001033,1.5995e-4,0.0025695,67.585,5.2558,0.05107,0
10.319,4320.9,0.012125,4320.9,28.61,-80.586,2548.9,37.953,295.33,297.76,7.3266,2.7988e-4,2.3134e-7,0.016941,5.7594e-4,1.6078e-4,0.0036971,67.585,5.2558,0.05107,0
10.369,4335.7,0.012227,4335.7,28.61,-80.586,2550.7,36.236,294.43,296.66,7.0205,8.1559e-5,2.3123e-7,0.017029,0.0011481,1.6157e-4,0.004527,67.585,5.2558,0.05107,0
10.419,4350.4,0.012323,4350.4,28.61,-80.586,2552.5,34.524,293.54,295.57,6.7122,1.3584e-4,2.3129e-7,0.017175,8.809e-4,1.623e-4,0.0043463,67.585,5.2558,0.05107,0
10.469,4365,0.012415,4365,28.61,-80.586,2554.2,32.818,292.66,294.49,6.4016,4.6554e-4,2.3118e-7,0.017287,-5.4056e-4,1.6296e-4,0.0033797,67.585,5.2558,0.05107,0
10.519,4379.7,0.01251,4379.7,28.61,-80.586,2555.8,31.117,291.78,293.44,6.0898,7.4472e-4,2.3116e-7,0.017166,-0.0024689,1.6366e-4,0.0025517,67.585,5.2558,0.05107,0
10.569,4394.2,0.01261,4394.2,28.61,-80.586,2557.3,29.421,290.91,292.39,5.7774,8.2555e-4,2.3114e-7,0.017109,-0.0030032,1.6442e-4,0.0024,67.585,5.2558,0.05107,0
10.619,4408.7,0.012717,4408.7,28.61,-80.586,2558.7,27.731,290.04,291.37,5.4642,6.9827e-4,2.3114e-7,0.017346,-0.0016197,1.6527e-4,0.0028043,67.585,5.2558,0.05107,0
10.669,4423.2,0.012828,4423.2,28.61,-80.586,2560.1,26.046,289.18,290.35,5.15,2.8874e-4,2.3116e-7,0.017475,7.9608e-4,1.6616e-4,0.0033632,67.585,5.2558,0.05107,0
10.719,4437.7,0.012935,4437.7,28.61,-80.586,2561.3,24.367,288.33,289.35,4.8343,-2.2876e-4,2.3118e-7,0.01732,0.0030214,1.6701e-4,0.0037443,67.585,5.2558,0.05107,0
10.769,4452.1,0.013032,4452.1,28.61,-80.586,2562.5,22.692,287.48,288.37,4.5169,-6.7582e-4,2.3118e-7,0.016989,0.0049069,1.6771e-4,0.0037105,67.585,5.2558,0.05107,0
10.819,4466.4,0.013112,4466.4,28.61,-80.586,2563.6,21.023,286.63,287.4,4.198,-7.2969e-4,2.3128e-7,0.016861,0.0055602,1.682e-4,0.0032248,67.585,5.2558,0.05107,0
10.869,4480.7,0.013175,4480.7,28.61,-80.586,2564.6,19.359,285.79,286.45,3.8778,-4.7079e-4,2.3137e-7,0.01723,0.0045418,1.6848e-4,0.0027079,67.585,5.2558,0.05107,0
10.919,4495,0.013227,4495,28.61,-80.586,2565.6,17.7,284.96,285.51,3.5566,-7.0731e-5,2.3138e-7,0.017751,0.0019775,1.686e-4,0.0023536,67.585,5.2558,0.05107,0
10.969,4509.2,0.013274,4509.2,28.61,-80.586,2566.4,16.046,284.13,284.59,3.2349,2.1946e-4,2.3136e-7,0.017889,-2.3148e-4,1.6866e-4,0.0026503,67.585,5.2558,0.05107,0
11.019,4523.4,0.013321,4523.4,28.61,-80.586,2567.2,14.397,283.31,283.68,2.9124,3.5259e-4,2.3141e-7,0.01792,-8.4053e-4,1.6873e-4,0.0034113,67.585,5.2558,0.05107,0
11.069,4537.6,0.01337,4537.6,28.61,-80.586,2567.8,12.753,282.49,282.78,2.5889,4.5148e-4,2.3144e-7,0.017982,-0.0010869,1.6882e-4,0.0041045,67.585,5.2558,0.05107,0
11.119,4551.7,0.013423,4551.7,28.61,-80.586,2568.4,11.114,281.68,281.9,2.2638,6.3575e-4,2.3145e-7,0.018028,-0.0017183,1.6896e-4,0.0043695,67.585,5.2558,0.05107,0
11.169,4565.7,0.013481,4565.7,28.61,-80.586,2568.9,9.4795,280.87,281.03,1.9369,7.6571e-4,2.3147e-7,0.018055,-0.0023648,1.6918e-4,0.0039312,67.585,5.2558,0.05107,0
11.219,4579.7,0.013548,4579.7,28.61,-80.586,2569.4,7.8498,280.07,280.18,1.6085,8.0766e-4,2.3148e-7,0.018015,-0.0031197,1.6949e-4,0.003053,67.585,5.2558,0.05107,0
11.269,4593.7,0.013622,4593.7,28.61,-80.586,2569.7,6.2246,279.27,279.34,1.279,7.994e-4,2.3147e-7,0.017883,-0.0039598,1.699e-4,0.0022103,67.585,5.2558,0.05107,0
11.319,4607.7,0.013703,4607.7,28.61,-80.586,2570,4.6039,278.48,278.51,0.94902,6.1085e-4,2.3148e-7,0.018164,-0.0025659,1.7039e-4,0.0018904,67.585,5.2558,0.05107,0
11.369,4621.6,0.013788,4621.6,28.61,-80.586,2570.2,2.9878,277.69,277.7,0.61872,4.1e-4,2.3148e-7,0.018358,-4.3548e-4,1.7094e-4,0.0022679,67.585,5.2558,0.05107,0
11.419,4635.4,0.013874,4635.4,28.61,-80.586,2570.3,1.3765,276.9,276.91,0.2879,2.8502e-4,2.3149e-7,0.018395,4.0774e-4,1.7149e-4,0.0030746,67.585,5.2558,0.05107,0
11.469,4649.3,0.013959,4649.3,28.61,-80.585,2570.3,-0.22995,276.12,276.12,-0.043742,3.2307e-4,2.315e-7,0.01845,1.1405e-4,1.7202e-4,0.0039726,67.585,5.2558,0.05107,0
11.519,4663.1,0.014043,4663.1,28.61,-80.585,2570.3,-1.8317,275.35,275.35,-0.37647,3.8962e-4,2.3148e-7,0.018525,-1.5564e-4,1.7255e-4,0.004665,67.585,5.2558,0.05107,0
11.569,4676.8,0.014127,4676.8,28.61,-80.585,2570.1,-3.4288,274.58,274.6,-0.71092,2.7516e-4,2.315e-7,0.01863,3.1451e-4,1.7307e-4,0.0045294,67.585,5.2558,0.05107,0
11.619,4690.5,0.01421,4690.5,28.61,-80.585,2569.9,-5.0217,273.81,273.86,-1.0471,2.0425e-4,2.315e-7,0.018692,7.1224e-4,1.7358e-4,0.0036313,67.585,5.2558,0.05107,0
11.669,4704.2,0.014291,4704.2,28.61,-80.585,2569.6,-6.6105,273.05,273.13,-1.3842,1.4362e-4,2.3149e-7,0.018704,0.0013484,1.7406e-4,0.0026646,67.585,5.2558,0.05107,0
11.719,4717.8,0.014368,4717.8,28.61,-80.585,2569.3,-8.1952,272.29,272.41,-1.722,-9.6868e-5,2.315e-7,0.01834,0.0040464,1.7449e-4,0.0019132,67.585,5.2558,0.05107,0
11.769,4731.4,0.014439,4731.4,28.61,-80.585,2568.8,-9.7757,271.54,271.71,-2.0602,-3.2945e-4,2.315e-7,0.017617,0.0065343,1.7485e-4,0.0017591,67.585,5.2558,0.05107,0
11.819,4745,0.014501,4745,28.61,-80.585,2568.3,-11.352,270.79,271.02,-2.3986,-6.2231e-4,2.3151e-7,0.017175,0.0076897,1.7509e-4,0.0020979,67.585,5.2558,0.05107,0
11.869,4758.5,0.014549,4758.5,28.61,-80.585,2567.7,-12.924,270.04,270.35,-2.7376,-9.2121e-4,2.3152e-7,0.017085,0.0079767,1.7518e-4,0.0025874,67.585,5.2558,0.05107,0
11.919,4772,0.014581,4772,28.61,-80.585,2567,-14.491,269.3,269.69,-3.0774,-0.0011501,2.3149e-7,0.017203,0.007806,1.7507e-4,0.0030274,67.585,5.2558,0.05107,0
11.969,4785.4,0.014596,4785.4,28.61,-80.585,2566.2,-16.054,268.56,269.04,-3.4177,-0.0011724,2.3146e-7,0.017805,0.0064231,1.7475e-4,0.0035166,67.585,5.2558,0.05107,0
12.019,4798.8,0.014594,4798.8,28.61,-80.585,2565.4,-17.613,267.83,268.4,-3.7589,-8.8159e-4,2.3145e-7,0.018497,0.0042755,1.7424e-4,0.0037207,67.585,5.2558,0.05107,0
12.069,4812.2,0.01458,4812.2,28.61,-80.585,2564.5,-19.168,267.1,267.78,-4.1012,-4.8822e-4,2.3142e-7,0.018914,0.0022061,1.7359e-4,0.003518,67.585,5.2558,0.05107,0
12.119,4825.5,0.01456,4825.5,28.61,-80.585,2563.5,-20.718,266.37,267.17,-4.4445,-2.2826e-4,2.3142e-7,0.019079,8.4033e-4,1.7288e-4,0.0030816,67.585,5.2558,0.05107,0
12.169,4838.8,0.014538,4838.8,28.61,-80.585,2562.4,-22.265,265.65,266.58,-4.7885,-2.687e-5,2.3143e-7,0.019112,-5.1244e-4,1.7214e-4,0.0025974,67.585,5.2558,0.05107,0
12.219,4852.1,0.014517,4852.1,28.61,-80.585,2561.3,-23.808,264.93,265.99,-5.1329,2.3938e-4,2.3141e-7,0.01896,-0.0026988,1.7143e-4,0.0022788,67.585,5.2558,0.05107,0
12.269,4865.3,0.014501,4865.3,28.61,-80.585,2560,-25.347,264.21,265.42,-5.4777,4.2073e-4,2.3141e-7,0.018713,-0.0041151,1.7077e-4,0.0022165,67.585,5.2558,0.05107,0
12.319,4878.5,0.014492,4878.5,28.61,-80.585,2558.7,-26.881,263.5,264.86,-5.8228,5.9138e-4,2.3141e-7,0.018531,-0.0049485,1.702e-4,0.0023736,67.585,5.2558,0.05107,0
12.369,4891.7,0.014491,4891.7,28.61,-80.585,2557.3,-28.412,262.79,264.32,-6.1682,7.6455e-4,2.314e-7,0.01842,-0.0054443,1.6973e-4,0.0026193,67.585,5.2558,0.05107,0
12.419,4904.8,0.014501,4904.8,28.61,-80.585,2555.9,-29.939,262.08,263.79,-6.5142,8.4432e-4,2.3138e-7,0.018511,-0.0052065,1.6939e-4,0.0028532,67.585,5.2558,0.05107,0
12.469,4917.9,0.014522,4917.9,28.61,-80.585,2554.3,-31.462,261.38,263.27,-6.8605,8.4697e-4,2.314e-7,0.018722,-0.0045128,1.6918e-4,0.0031075,67.585,5.2558,0.05107,0
12.519,4930.9,0.014552,4930.9,28.61,-80.585,2552.7,-32.98,260.68,262.76,-7.2075,6.4365e-4,2.3137e-7,0.019058,-0.0030549,1.6909e-4,0.0030628,67.585,5.2558,0.05107,0
12.569,4944,0.014589,4944,28.61,-80.585,2551,-34.495,259.98,262.26,-7.5553,1.8795e-4,2.3138e-7,0.019336,-1.101e-4,1.6907e-4,0.0027166,67.585,5.2558,0.05107,0
12.619,4956.9,0.014625,4956.9,28.61,-80.585,2549.3,-36.006,259.29,261.78,-7.9036,-4.6768e-4,2.3138e-7,0.018665,0.0051632,1.6905e-4,0.0023123,67.585,5.2558,0.05107,0
12.669,4969.9,0.014654,4969.9,28.61,-80.584,2547.4,-37.514,258.6,261.31,-8.2524,-9.7596e-4,2.3139e-7,0.016269,0.010543,1.6894e-4,0.0019577,67.585,5.2558,0.05107,0
12.719,4982.8,0.014668,4982.8,28.61,-80.584,2545.5,-39.018,257.91,260.85,-8.6016,-0.0013073,2.3138e-7,0.01141,0.015713,1.6866e-4,0.001629,67.585,5.2558,0.05107,0
12.769,4995.7,0.014665,4995.7,28.61,-80.584,2543.5,-40.518,257.23,260.4,-8.9516,-0.0013873,2.3136e-7,-0.0016166,0.019395,1.6819e-4,0.0013194,67.585,5.2558,0.05107,0
12.819,5008.5,0.014644,5008.5,28.61,-80.584,2541.5,-42.015,256.55,259.97,-9.302,-6.6347e-4,2.314e-7,-0.018014,0.0073585,1.6752e-4,0.0014331,67.585,5.2558,0.05107,0
12.869,5021.3,0.014617,5021.3,28.61,-80.584,2539.3,-43.508,255.87,259.54,-9.6515,6.9427e-4,2.3147e-7,-0.016545,-0.01008,1.6679e-4,0.0015164,67.585,5.2558,0.05107,0
12.919,5034.1,0.0146,5034.1,28.61,-80.584,2537.1,-44.997,255.2,259.13,-10,0.0013194,2.3147e-7,-0.0031011,-0.019116,1.6616e-4,0.0013581,67.585,5.2558,0.05107,0
12.969,5046.9,0.014599,5046.9,28.61,-80.584,2534.8,-46.482,254.52,258.73,-10.349,0.0010717,2.3142e-7,0.0087991,-0.017313,1.6574e-4,0.001145,67.585,5.2558,0.05107,0
13.019,5059.6,0.014612,5059.6,28.61,-80.584,2532.5,-47.964,253.85,258.35,-10.699,7.122e-4,2.314e-7,0.011476,-0.015713,1.6547e-4,7.6464e-4,67.585,5.2558,0.05107,0
13.069,5072.2,0.014634,5072.2,28.61,-80.584,2530,-49.441,253.19,257.97,-11.049,3.7744e-4,2.314e-7,0,0,1.653e-4,2.6302e-4,67.585,5.2558,0.05107,0
13.119,5084.9,0.014659,5084.9,28.61,-80.584,2527.5,-50.916,252.52,257.6,-11.4,-7.2544e-5,2.3139e-7,0,0,1.6518e-4,4.5609e-4,67.585,5.2558,0.05107,0
13.169,5097.5,0.014682,5097.5,28.61,-80.584,2525,-52.386,251.86,257.25,-11.75,-2.9786e-4,2.3138e-7,0,0,1.6502e-4,6.5437e-4,67.585,5.2558,0.05107,0
13.219,5110.1,0.0147,5110.1,28.61,-80.584,2522.3,-53.853,251.2,256.91,-12.1,-7.8736e-5,2.3137e-7,0,0,1.6482e-4,2.5027e-4,67.585,5.2558,0.05107,0
13.269,5122.6,0.014715,5122.6,28.61,-80.584,2519.6,-55.316,250.55,256.58,-12.45,1.1508e-4,2.3138e-7,0,0,1.6459e-4,1.8442e-4,67.585,5.2558,0.05107,0
13.319,5135.1,0.014731,5135.1,28.61,-80.584,2516.8,-56.776,249.89,256.26,-12.8,2.1752e-4,2.3135e-7,0,0,1.6437e-4,2.9773e-4,67.585,5.2558,0.05107,0
13.369,5147.6,0.014749,5147.6,28.61,-80.584,2513.9,-58.231,249.24,255.95,-13.15,2.068e-4,2.3133e-7,0,0,1.6417e-4,1.9105e-4,67.585,5.2558,0.05107,0
13.419,5160,0.014769,5160,28.61,-80.584,2510.9,-59.684,248.59,255.66,-13.501,-1.8315e-6,2.3134e-7,0,0,1.6399e-4,1.8812e-4,67.585,5.2558,0.05107,0
13.469,5172.5,0.014787,5172.5,28.61,-80.584,2507.9,-61.132,247.94,255.37,-13.851,-1.1038e-4,2.3134e-7,0,0,1.638e-4,6.8412e-4,67.585,5.2558,0.05107,0
13.519,5184.8,0.014803,5184.8,28.61,-80.584,2504.8,-62.578,247.3,255.1,-14.201,-1.2876e-4,2.3135e-7,0,0,1.6358e-4,7.3647e-4,67.585,5.2558,0.05107,0
13.569,5197.2,0.014817,5197.2,28.61,-80.584,2501.7,-64.019,246.66,254.83,-14.55,-1.2648e-4,2.3136e-7,0,0,1.6335e-4,3.1771e-4,67.585,5.2558,0.05107,0
13.619,5209.5,0.014829,5209.5,28.61,-80.584,2498.4,-65.457,246.02,254.58,-14.899,1.5026e-6,2.3135e-7,0,0,1.6309e-4,1.0468e-4,67.585,5.2558,0.05107,0
13.669,5221.8,0.014839,5221.8,28.61,-80.584,2495.1,-66.891,245.38,254.34,-15.248,5.1612e-5,2.3135e-7,0,0,1.6282e-4,1.4047e-4,67.585,5.2558,0.05107,0
13.719,5234,0.01485,5234,28.61,-80.584,2491.7,-68.322,244.75,254.1,-15.597,-2.5392e-7,2.3135e-7,0,0,1.6255e-4,1.1619e-4,67.585,5.2558,0.05107,0
13.769,5246.3,0.01486,5246.3,28.61,-80.584,2488.3,-69.749,244.11,253.88,-15.947,4.2755e-5,2.3136e-7,0,0,1.6229e-4,5.8052e-4,67.585,5.2558,0.05107,0
13.819,5258.5,0.01487,5258.5,28.61,-80.584,2484.8,-71.173,243.48,253.67,-16.295,9.2922e-5,2.3137e-7,-0.019299,-0.0011328,1.6202e-4,7.4396e-4,67.585,5.2558,0.05107,0
13.869,5270.6,0.01488,5270.6,28.61,-80.584,2481.2,-72.593,242.85,253.47,-16.643,1.7439e-4,2.3134e-7,0,0,1.6176e-4,3.6278e-4,67.585,5.2558,0.05107,0
13.919,5282.7,0.014892,5282.7,28.61,-80.583,2477.5,-74.01,242.23,253.28,-16.99,8.9957e-5,2.3134e-7,0,0,1.6151e-4,3.1785e-5,67.585,5.2558,0.05107,0
13.969,5294.8,0.014903,5294.8,28.61,-80.583,2473.8,-75.423,241.6,253.1,-17.337,-9.7323e-5,2.3133e-7,0,0,1.6127e-4,1.5354e-4,67.585,5.2558,0.05107,0
14.019,5306.9,0.014913,5306.9,28.61,-80.583,2470,-76.832,240.98,252.93,-17.685,-1.456e-4,2.3136e-7,0,0,1.6101e-4,5.3534e-4,67.585,5.2558,0.05107,0
14.069,5318.9,0.014921,5318.9,28.61,-80.583,2466.1,-78.238,240.36,252.77,-18.031,-5.6864e-5,2.3133e-7,-0.019111,0.002136,1.6073e-4,7.6099e-4,67.585,5.2558,0.05107,0
14.119,5330.9,0.014927,5330.9,28.61,-80.583,2462.1,-79.641,239.74,252.62,-18.377,3.8815e-5,2.313e-7,0,0,1.6043e-4,6.9371e-4,67.585,5.2558,0.05107,0
14.169,5342.9,0.014934,5342.9,28.61,-80.583,2458.1,-81.04,239.12,252.48,-18.722,1.67e-4,2.3132e-7,0,0,1.6014e-4,4.5031e-4,67.585,5.2558,0.05107,0
14.219,5354.8,0.014941,5354.8,28.61,-80.583,2454,-82.435,238.51,252.35,-19.067,2.1998e-4,2.3132e-7,0,0,1.5987e-4,2.8122e-4,67.585,5.2558,0.05107,0
14.269,5366.8,0.014951,5366.8,28.61,-80.583,2449.9,-83.827,237.89,252.23,-19.411,4.9988e-5,2.3131e-7,0,0,1.5962e-4,3.1394e-4,67.585,5.2558,0.05107,0
14.319,5378.6,0.01496,5378.6,28.61,-80.583,2445.7,-85.216,237.28,252.12,-19.756,-1.2162e-4,2.3132e-7,-0.018755,0.0036954,1.5936e-4,7.9351e-4,67.585,5.2558,0.05107,0
14.369,5390.5,0.014968,5390.5,28.61,-80.583,2441.4,-86.601,236.67,252.02,-20.099,-1.5665e-4,2.3136e-7,-0.018676,0.0036732,1.591e-4,9.2216e-4,67.585,5.2558,0.05107,0
14.419,5402.3,0.014974,5402.3,28.61,-80.583,2437,-87.982,236.06,251.93,-20.441,-3.2789e-5,2.3141e-7,0,0,1.5881e-4,6.7309e-4,67.585,5.2558,0.05107,0
14.469,5414.1,0.014979,5414.1,28.61,-80.583,2432.6,-89.36,235.46,251.84,-20.783,1.4233e-4,2.3141e-7,0,0,1.5852e-4,6.5852e-4,67.585,5.2558,0.05107,0
14.519,5425.9,0.014986,5425.9,28.61,-80.583,2428.1,-90.735,234.85,251.77,-21.125,4.3209e-4,2.3142e-7,-0.017301,-0.0077349,1.5825e-4,8.8591e-4,67.585,5.2558,0.05107,0
14.569,5437.6,0.014997,5437.6,28.61,-80.583,2423.5,-92.106,234.25,251.71,-21.465,1.9618e-4,2.3142e-7,-0.01866,-0.0029971,1.5803e-4,7.9441e-4,67.585,5.2558,0.05107,0
14.619,5449.3,0.01501,5449.3,28.61,-80.583,2418.8,-93.474,233.65,251.65,-21.805,-2.0362e-4,2.3142e-7,-0.01789,0.0059635,1.5782e-4,7.6222e-4,67.585,5.2558,0.05107,0
14.669,5460.9,0.01502,5460.9,28.61,-80.583,2414.1,-94.838,233.05,251.61,-22.144,-2.3546e-4,2.3141e-7,-0.017718,0.0063677,1.5759e-4,7.5255e-4,67.585,5.2558,0.05107,0
14.719,5472.6,0.015027,5472.6,28.61,-80.583,2409.4,-96.198,232.45,251.57,-22.483,9.5371e-5,2.3141e-7,-0.018749,-0.0012907,1.5732e-4,8.4203e-4,67.585,5.2558,0.05107,0
14.769,5484.2,0.015034,5484.2,28.61,-80.583,2404.5,-97.555,231.85,251.54,-22.821,4.2564e-4,2.3138e-7,-0.017738,-0.0060466,1.5707e-4,0.0010824,67.585,5.2558,0.05107,0
14.819,5495.8,0.015046,5495.8,28.61,-80.583,2399.6,-98.909,231.26,251.52,-23.157,2.1413e-4,2.3133e-7,-0.018397,-0.0031263,1.5686e-4,8.3343e-4,67.585,5.2558,0.05107,0
14.869,5507.3,0.015059,5507.3,28.61,-80.583,2394.6,-100.26,230.66,251.51,-23.493,-2.7161e-4,2.3136e-7,0,0,1.5666e-4,6.4839e-4,67.585,5.2558,0.05107,0
14.919,5518.8,0.015068,5518.8,28.61,-80.583,2389.6,-101.61,230.07,251.51,-23.828,-3.9077e-4,2.3137e-7,-0.016747,0.0081212,1.5643e-4,8.8965e-4,67.585,5.2558,0.05107,0
14.969,5530.3,0.015073,5530.3,28.61,-80.583,2384.5,-102.95,229.48,251.51,-24.163,2.753e-5,2.3135e-7,-0.018548,-1.3067e-4,1.5616e-4,9.7934e-4,67.585,5.2558,0.05107,0
15.019,5541.8,0.015078,5541.8,28.61,-80.583,2379.3,-104.29,228.89,251.53,-24.496,3.7822e-4,2.3134e-7,-0.017147,-0.0068945,1.5589e-4,8.4799e-4,67.585,5.2558,0.05107,0
15.069,5553.2,0.015085,5553.2,28.61,-80.583,2374,-105.62,228.3,251.55,-24.828,1.9276e-4,2.3137e-7,0,0,1.5565e-4,5.9373e-4,67.585,5.2558,0.05107,0
15.119,5564.6,0.015095,5564.6,28.61,-80.583,2368.7,-106.96,227.71,251.58,-25.16,-4.5347e-5,2.3137e-7,0,0,1.5542e-4,6.7834e-4,67.585,5.2558,0.05107,0
15.169,5576,0.015103,5576,28.61,-80.583,2363.3,-108.29,227.13,251.62,-25.491,-4.6362e-5,2.3139e-7,-0.018295,0.0014552,1.5519e-4,9.6164e-4,67.585,5.2558,0.05107,0
15.219,5587.3,0.01511,5587.3,28.61,-80.583,2357.9,-109.61,226.54,251.67,-25.821,2.0228e-4,2.3137e-7,-0.018055,-0.002811,1.5495e-4,9.5556e-4,67.585,5.2558,0.05107,0
15.269,5598.6,0.015119,5598.6,28.61,-80.582,2352.4,-110.93,225.96,251.72,-26.149,4.3709e-4,2.3135e-7,-0.01652,-0.0077106,1.5473e-4,8.1414e-4,67.585,5.2558,0.05107,0
15.319,5609.9,0.015132,5609.9,28.61,-80.582,2346.8,-112.25,225.38,251.79,-26.477,2.9443e-4,2.3135e-7,-0.017687,-0.0042258,1.5454e-4,8.5116e-4,67.585,5.2558,0.05107,0
15.369,5621.2,0.015147,5621.2,28.61,-80.582,2341.2,-113.57,224.8,251.86,-26.804,-1.2069e-4,2.3138e-7,-0.017794,0.0034024,1.5439e-4,9.2996e-4,67.585,5.2558,0.05107,0
15.419,5632.4,0.01516,5632.4,28.61,-80.582,2335.4,-114.88,224.22,251.94,-27.129,-2.8123e-4,2.3139e-7,-0.016528,0.0072537,1.5422e-4,7.5368e-4,67.585,5.2558,0.05107,0
15.469,5643.6,0.01517,5643.6,28.61,-80.582,2329.7,-116.19,223.64,252.02,-27.454,-6.6566e-6,2.3138e-7,-0.017994,0.0010254,1.5401e-4,8.3695e-4,67.585,5.2558,0.05107,0
15.519,5654.8,0.015179,5654.8,28.61,-80.582,2323.8,-117.49,223.06,252.12,-27.777,3.6114e-4,2.3135e-7,-0.017433,-0.0042671,1.538e-4,0.001141,67.585,5.2558,0.05107,0
15.569,5665.9,0.015192,5665.9,28.61,-80.582,2317.9,-118.79,222.49,252.22,-28.1,3.6293e-4,2.3132e-7,-0.017439,-0.0039463,1.5362e-4,0.0011675,67.585,5.2558,0.05107,0
15.619,5677,0.015207,5677,28.61,-80.582,2311.9,-120.09,221.91,252.32,-28.421,1.5041e-4,2.313e-7,-0.017782,-0.0010537,1.5348e-4,0.0010248,67.585,5.2558,0.05107,0
15.669,5688.1,0.015222,5688.1,28.61,-80.582,2305.9,-121.38,221.34,252.44,-28.741,-1.957e-4,2.3126e-7,-0.016933,0.0053072,1.5333e-4,7.9019e-4,67.585,5.2558,0.05107,0
15.719,5699.1,0.015235,5699.1,28.61,-80.582,2299.8,-122.67,220.77,252.56,-29.06,-1.6811e-4,2.3131e-7,-0.017199,0.0042272,1.5317e-4,8.3914e-4,67.585,5.2558,0.05107,0
15.769,5710.2,0.015246,5710.2,28.61,-80.582,2293.6,-123.96,220.2,252.69,-29.378,5.7093e-5,2.3126e-7,-0.017647,-4.9825e-5,1.5298e-4,0.0011232,67.585,5.2558,0.05107,0
15.819,5721.2,0.015257,5721.2,28.61,-80.582,2287.4,-125.24,219.63,252.83,-29.695,3.3606e-4,2.3125e-7,-0.017283,-0.0031769,1.5279e-4,0.0013128,67.585,5.2558,0.05107,0
15.869,5732.1,0.01527,5732.1,28.61,-80.582,2281.1,-126.52,219.06,252.97,-30.011,3.3803e-4,2.3122e-7,-0.017214,-0.0031126,1.5264e-4,0.0012675,67.585,5.2558,0.05107,0
15.919,5743.1,0.015286,5743.1,28.61,-80.582,2274.8,-127.8,218.49,253.12,-30.325,1.2103e-4,2.3126e-7,-0.017416,-4.8251e-4,1.525e-4,0.0010455,67.585,5.2558,0.05107,0
15.969,5754,0.015303,5754,28.61,-80.582,2268.3,-129.07,217.92,253.28,-30.638,-2.65e-4,2.3124e-7,-0.015922,0.0068873,1.5238e-4,7.4371e-4,67.585,5.2558,0.05107,0
16.019,5764.9,0.015315,5764.9,28.61,-80.582,2261.9,-130.34,217.36,253.44,-30.95,-3.891e-4,2.3126e-7,-0.015386,0.0079684,1.5222e-4,8.2637e-4,67.585,5.2558,0.05107,0
16.069,5775.7,0.015323,5775.7,28.61,-80.582,2255.3,-131.61,216.79,253.61,-31.262,-2.2917e-4,2.3124e-7,-0.01702,0.0029016,1.5201e-4,0.0013381,67.585,5.2558,0.05107,0
16.119,5786.5,0.015329,5786.5,28.61,-80.582,2248.7,-132.87,216.23,253.79,-31.572,2.527e-4,2.3127e-7,-0.017105,-0.001727,1.5178e-4,0.0018587,67.585,5.2558,0.05107,0
16.169,5797.3,0.015337,5797.3,28.61,-80.582,2242,-134.13,215.66,253.97,-31.88,6.1741e-4,2.3136e-7,-0.016664,-0.003838,1.5157e-4,0.0021162,67.585,5.2558,0.05107,0
16.219,5808.1,0.01535,5808.1,28.61,-80.582,2235.3,-135.38,215.1,254.16,-32.187,4.8018e-4,2.3137e-7,-0.016765,-0.0028834,1.5143e-4,0.0019725,67.585,5.2558,0.05107,0
16.269,5818.9,0.015368,5818.9,28.61,-80.582,2228.5,-136.63,214.54,254.35,-32.493,1.7939e-5,2.3142e-7,-0.016916,7.15e-4,1.5132e-4,0.0015364,67.585,5.2558,0.05107,0
16.319,5829.6,0.015385,5829.6,28.61,-80.582,2221.6,-137.88,213.98,254.55,-32.797,-4.6287e-4,2.314e-7,-0.01561,0.0063863,1.5121e-4,0.0011977,67.585,5.2558,0.05107,0
16.369,5840.2,0.015396,5840.2,28.61,-80.582,2214.7,-139.12,213.42,254.76,-33.1,-3.4519e-4,2.3138e-7,-0.015799,0.0057464,1.5104e-4,9.6476e-4,67.585,5.2558,0.05107,0
16.419,5850.9,0.015404,5850.9,28.61,-80.582,2207.7,-140.36,212.86,254.97,-33.402,6.8305e-5,2.314e-7,-0.016755,-3.8197e-4,1.5084e-4,0.0010791,67.585,5.2558,0.05107,0
16.469,5861.5,0.015411,5861.5,28.61,-80.582,2200.7,-141.6,212.3,255.19,-33.703,3.0223e-4,2.3139e-7,-0.016527,-0.0023399,1.5065e-4,0.0015032,67.585,5.2558,0.05107,0
16.519,5872.1,0.015422,5872.1,28.61,-80.582,2193.5,-142.83,211.75,255.42,-34.003,3.0185e-4,2.3137e-7,-0.016507,-0.0018347,1.5048e-4,0.0017953,67.585,5.2558,0.05107,0
16.569,5882.7,0.015435,5882.7,28.61,-80.582,2186.4,-144.06,211.19,255.65,-34.301,4.6601e-5,2.3143e-7,-0.016516,1.8334e-4,1.5033e-4,0.0018059,67.585,5.2558,0.05107,0
16.619,5893.3,0.015447,5893.3,28.61,-80.582,2179.1,-145.29,210.63,255.88,-34.598,-2.8451e-4,2.315e-7,-0.016207,0.0027549,1.5018e-4,0.0016998,67.585,5.2558,0.05107,0
16.669,5903.8,0.015457,5903.8,28.61,-80.582,2171.8,-146.51,210.08,256.12,-34.893,-3.6446e-4,2.3157e-7,-0.015931,0.0037205,1.5001e-4,0.0014605,67.585,5.2558,0.05107,0
16.719,5914.3,0.015462,5914.3,28.61,-80.582,2164.5,-147.73,209.53,256.37,-35.187,-9.535e-5,2.316e-7,-0.016227,0.0013697,1.4979e-4,0.0011674,67.585,5.2558,0.05107,0
16.769,5924.7,0.015467,5924.7,28.61,-80.581,2157.1,-148.94,208.97,256.62,-35.48,4.4957e-4,2.3159e-7,-0.015442,-0.0049893,1.4957e-4,0.0011025,67.585,5.2558,0.05107,0
16.819,5935.2,0.015475,5935.2,28.61,-80.581,2149.6,-150.15,208.42,256.88,-35.771,5.4525e-4,2.3158e-7,-0.015413,-0.0048904,1.4939e-4,0.0012962,67.585,5.2558,0.05107,0
16.869,5945.6,0.015489,5945.6,28.61,-80.581,2142.1,-151.36,207.87,257.14,-36.062,7.2284e-5,2.316e-7,-0.0161,2.4646e-5,1.4926e-4,0.0016607,67.585,5.2558,0.05107,0
16.919,5955.9,0.015502,5955.9,28.61,-80.581,2134.5,-152.56,207.32,257.4,-36.351,-5.9071e-4,2.3157e-7,-0.015509,0.0040073,1.4913e-4,0.0020785,67.585,5.2558,0.05107,0
16.969,5966.3,0.015508,5966.3,28.61,-80.581,2126.8,-153.76,206.77,257.67,-36.638,-7.7909e-4,2.315e-7,-0.015185,0.0047581,1.4893e-4,0.0021244,67.585,5.2558,0.05107,0
17.019,5976.6,0.015506,5976.6,28.61,-80.581,2119.1,-154.96,206.22,257.95,-36.924,-3.5618e-4,2.3147e-7,-0.015663,0.0023299,1.4865e-4,0.0018166,67.585,5.2558,0.05107,0
17.069,5986.9,0.015502,5986.9,28.61,-80.581,2111.3,-156.15,205.67,258.23,-37.208,3.8355e-4,2.3156e-7,-0.015397,-0.0033385,1.4835e-4,0.0015078,67.585,5.2558,0.05107,0
17.119,5997.2,0.015501,5997.2,28.61,-80.581,2103.5,-157.34,205.12,258.52,-37.491,8.0251e-4,2.3158e-7,-0.013868,-0.0073264,1.4809e-4,0.0013326,67.585,5.2558,0.05107,0
17.169,6007.4,0.015508,6007.4,28.61,-80.581,2095.6,-158.52,204.58,258.81,-37.773,3.5261e-4,2.3158e-7,-0.015369,-0.0028497,1.4791e-4,0.0013061,67.585,5.2558,0.05107,0
17.219,6017.6,0.015517,6017.6,28.61,-80.581,2087.6,-159.7,204.03,259.1,-38.054,-5.1585e-4,2.3161e-7,-0.015017,0.0040819,1.4775e-4,0.0016734,67.585,5.2558,0.05107,0
17.269,6027.8,0.015522,6027.8,28.61,-80.581,2079.6,-160.88,203.48,259.4,-38.333,-9.425e-4,2.3166e-7,-0.014474,0.0054953,1.4754e-4,0.0020771,67.585,5.2558,0.05107,0
17.319,6038,0.015517,6038,28.61,-80.581,2071.5,-162.06,202.94,259.7,-38.611,-5.2483e-4,2.3168e-7,-0.015138,0.0027637,1.4724e-4,0.0020966,67.585,5.2558,0.05107,0
17.369,6048.1,0.015507,6048.1,28.61,-80.581,2063.4,-163.22,202.39,260.01,-38.887,4.4651e-5,2.3167e-7,-0.015294,-6.0094e-4,1.469e-4,0.0019664,67.585,5.2558,0.05107,0
17.419,6058.2,0.015498,6058.2,28.61,-80.581,2055.2,-164.39,201.85,260.32,-39.162,3.9571e-4,2.3167e-7,-0.014984,-0.0027159,1.4657e-4,0.0018882,67.585,5.2558,0.05107,0
17.469,6068.3,0.015493,6068.3,28.61,-80.581,2047,-165.55,201.31,260.64,-39.435,3.7231e-4,2.3173e-7,-0.014949,-0.0024812,1.4628e-4,0.0018193,67.585,5.2558,0.05107,0
17.519,6078.4,0.015493,6078.4,28.61,-80.581,2038.7,-166.71,200.77,260.96,-39.707,2.2513e-4,2.3174e-7,-0.01501,-0.0014065,1.4604e-4,0.0018249,67.585,5.2558,0.05107,0
17.569,6088.4,0.015494,6088.4,28.61,-80.581,2030.3,-167.87,200.22,261.28,-39.978,-4.9658e-5,2.3177e-7,-0.014999,3.7259e-4,1.4581e-4,0.0018151,67.585,5.2558,0.05107,0
17.619,6098.4,0.015495,6098.4,28.61,-80.581,2021.9,-169.02,199.68,261.61,-40.247,-2.3307e-4,2.3169e-7,-0.014843,0.0014468,1.4558e-4,0.0018196,67.585,5.2558,0.05107,0
17.669,6108.4,0.015494,6108.4,28.61,-80.581,2013.4,-170.16,199.14,261.94,-40.515,-1.7409e-4,2.3171e-7,-0.014777,0.0011615,1.4533e-4,0.0015606,67.585,5.2558,0.05107,0
17.719,6118.3,0.015491,6118.3,28.61,-80.581,2004.8,-171.31,198.6,262.28,-40.781,5.8326e-6,2.3175e-7,-0.014735,-2.2222e-4,1.4507e-4,0.0011242,67.585,5.2558,0.05107,0
17.769,6128.2,0.015488,6128.2,28.61,-80.581,1996.3,-172.45,198.06,262.61,-41.046,9.4289e-5,2.3174e-7,-0.014599,-0.0014924,1.4481e-4,7.843e-4,67.585,5.2558,0.05107,0
17.819,6138.1,0.015487,6138.1,28.61,-80.581,1987.6,-173.58,197.52,262.96,-41.309,-2.0672e-4,2.3175e-7,-0.014448,0.0023018,1.4456e-4,9.2309e-4,67.585,5.2558,0.05107,0
17.869,6148,0.015483,6148,28.61,-80.581,1978.9,-174.71,196.99,263.3,-41.572,-5.6901e-4,2.3172e-7,-0.014078,0.003745,1.4429e-4,0.0015456,67.585,5.2558,0.05107,0
17.919,6157.8,0.015474,6157.8,28.61,-80.581,1970.1,-175.84,196.45,263.65,-41.834,-4.0828e-4,2.3168e-7,-0.01437,0.0017675,1.4398e-4,0.002107,67.585,5.2558,0.05107,0
17.969,6167.6,0.015462,6167.6,28.61,-80.581,1961.3,-176.96,195.91,264,-42.093,1.471e-4,2.3173e-7,-0.014341,-9.8363e-4,1.4363e-4,0.0023019,67.585,5.2558,0.05107,0
18.019,6177.4,0.015452,6177.4,28.61,-80.581,1952.4,-178.09,195.38,264.36,-42.351,6.2371e-4,2.3173e-7,-0.01393,-0.0031763,1.4332e-4,0.0021998,67.585,5.2558,0.05107,0
18.069,6187.2,0.015448,6187.2,28.61,-80.581,1943.5,-179.2,194.84,264.72,-42.608,6.0443e-4,2.317e-7,-0.013839,-0.0032049,1.4306e-4,0.0019794,67.585,5.2558,0.05107,0
18.119,6196.9,0.015451,6196.9,28.61,-80.581,1934.5,-180.31,194.3,265.08,-42.863,5.9435e-5,2.3172e-7,-0.014122,-2.6455e-4,1.4286e-4,0.0016239,67.585,5.2558,0.05107,0
18.169,6206.6,0.015453,6206.6,28.61,-80.581,1925.5,-181.42,193.77,265.44,-43.116,-5.3532e-4,2.3171e-7,-0.013446,0.0040648,1.4266e-4,0.0013569,67.585,5.2558,0.05107,0
18.219,6216.3,0.015451,6216.3,28.61,-80.581,1916.4,-182.53,193.24,265.81,-43.369,-4.9354e-4,2.3171e-7,-0.013495,0.0036996,1.4241e-4,0.0012728,67.585,5.2558,0.05107,0
18.269,6225.9,0.015444,6225.9,28.61,-80.581,1907.2,-183.63,192.7,266.18,-43.62,1.0908e-4,2.3167e-7,-0.013887,-0.0010399,1.4213e-4,0.0014532,67.585,5.2558,0.05107,0
18.319,6235.5,0.015438,6235.5,28.61,-80.581,1898,-184.72,192.17,266.56,-43.87,4.8349e-4,2.3171e-7,-0.01354,-0.0028708,1.4186e-4,0.0017429,67.585,5.2558,0.05107,0
18.369,6245.1,0.015438,6245.1,28.61,-80.58,1888.7,-185.82,191.64,266.93,-44.118,3.4906e-4,2.3172e-7,-0.013609,-0.0019697,1.4164e-4,0.001704,67.585,5.2558,0.05107,0
18.419,6254.7,0.015441,6254.7,28.61,-80.58,1879.4,-186.91,191.11,267.31,-44.365,-2.1559e-4,2.3172e-7,-0.013581,0.0014849,1.4145e-4,0.0015032,67.585,5.2558,0.05107,0
18.469,6264.2,0.015442,6264.2,28.61,-80.58,1870.1,-187.99,190.58,267.69,-44.61,-5.8246e-4,2.3172e-7,-0.012992,0.0040239,1.4124e-4,0.001372,67.585,5.2558,0.05107,0
18.519,6273.8,0.015437,6273.8,28.61,-80.58,1860.6,-189.07,190.04,268.08,-44.854,-1.9144e-4,2.3172e-7,-0.013483,0.001117,1.4098e-4,0.001352,67.585,5.2558,0.05107,0
18.569,6283.2,0.015431,6283.2,28.61,-80.58,1851.2,-190.15,189.51,268.46,-45.097,6.2282e-4,2.3171e-7,-0.012856,-0.0039789,1.4072e-4,0.0015327,67.585,5.2558,0.05107,0
18.619,6292.7,0.015432,6292.7,28.61,-80.58,1841.6,-191.22,188.99,268.85,-45.339,0.0010148,2.3171e-7,-0.012423,-0.0049856,1.4051e-4,0.0018554,67.585,5.2558,0.05107,0
18.669,6302.1,0.015442,6302.1,28.61,-80.58,1832,-192.29,188.46,269.24,-45.579,7.6091e-4,2.3164e-7,-0.012909,-0.0032281,1.4039e-4,0.0019654,67.585,5.2558,0.05107,0
18.719,6311.5,0.015458,6311.5,28.61,-80.58,1822.4,-193.36,187.93,269.64,-45.818,1.145e-4,2.3163e-7,-0.013215,-6.5974e-5,1.4032e-4,0.0019441,67.585,5.2558,0.05107,0
18.769,6320.9,0.015474,6320.9,28.61,-80.58,1812.7,-194.42,187.4,270.03,-46.055,-2.7165e-4,2.3165e-7,-0.01301,0.0018193,1.4027e-4,0.0018142,67.585,5.2558,0.05107,0
18.819,6330.3,0.015487,6330.3,28.61,-80.58,1802.9,-195.48,186.87,270.43,-46.291,-3.1928e-4,2.3168e-7,-0.012924,0.0019772,1.4017e-4,0.0017681,67.585,5.2558,0.05107,0
18.869,6339.6,0.015496,6339.6,28.61,-80.58,1793.1,-196.53,186.35,270.83,-46.525,3.7579e-5,2.3171e-7,-0.012998,9.531e-5,1.4005e-4,0.0018046,67.585,5.2558,0.05107,0
18.919,6348.9,0.015506,6348.9,28.61,-80.58,1783.3,-197.58,185.82,271.23,-46.758,4.9762e-4,2.3169e-7,-0.012723,-0.0021812,1.3993e-4,0.0017352,67.585,5.2558,0.05107,0
18.969,6358.2,0.01552,6358.2,28.61,-80.58,1773.4,-198.62,185.29,271.63,-46.99,5.6011e-4,2.317e-7,-0.012581,-0.0025469,1.3985e-4,0.0015839,67.585,5.2558,0.05107,0
19.019,6367.5,0.015538,6367.5,28.61,-80.58,1763.4,-199.67,184.77,272.04,-47.221,2.2715e-4,2.3173e-7,-0.012762,-6.0878e-4,1.3981e-4,0.0015549,67.585,5.2558,0.05107,0
19.069,6376.7,0.015557,6376.7,28.61,-80.58,1753.4,-200.7,184.24,272.45,-47.45,-2.2207e-4,2.317e-7,-0.012595,0.0016366,1.3978e-4,0.0017307,67.585,5.2558,0.05107,0
19.119,6385.9,0.015572,6385.9,28.61,-80.58,1743.4,-201.74,183.72,272.86,-47.678,-4.076e-4,2.3165e-7,-0.012416,0.0023075,1.3972e-4,0.0017957,67.585,5.2558,0.05107,0
19.169,6395.1,0.015583,6395.1,28.61,-80.58,1733.2,-202.77,183.2,273.27,-47.905,-2.744e-4,2.3169e-7,-0.012484,0.0013913,1.3962e-4,0.0020103,67.585,5.2558,0.05107,0
19.219,6404.2,0.015591,6404.2,28.61,-80.58,1723.1,-203.79,182.67,273.68,-48.13,5.8586e-5,2.3165e-7,-0.012478,-3.8069e-5,1.3949e-4,0.0021486,67.585,5.2558,0.05107,0
19.269,6413.3,0.015599,6413.3,28.61,-80.58,1712.9,-204.81,182.15,274.09,-48.354,2.3711e-4,2.3169e-7,-0.012374,-7.2207e-4,1.3936e-4,0.0020798,67.585,5.2558,0.05107,0
19.319,6422.4,0.015608,6422.4,28.61,-80.58,1702.6,-205.83,181.63,274.51,-48.576,2.6428e-4,2.3164e-7,-0.012282,-8.7111e-4,1.3925e-4,0.0018621,67.585,5.2558,0.05107,0
19.369,6431.5,0.01562,6431.5,28.61,-80.58,1692.3,-206.84,181.11,274.93,-48.797,2.4868e-4,2.3166e-7,-0.012214,-8.7806e-4,1.3915e-4,0.0015697,67.585,5.2558,0.05107,0
19.419,6440.5,0.015633,6440.5,28.61,-80.58,1681.9,-207.85,180.59,275.34,-49.017,-1.5944e-4,2.3167e-7,-0.012093,0.0013641,1.3907e-4,0.0013822,67.585,5.2558,0.05107,0
19.469,6449.5,0.015644,6449.5,28.61,-80.58,1671.5,-208.86,180.07,275.76,-49.235,-2.9716e-4,2.3164e-7,-0.011889,0.0022585,1.3897e-4,0.001238,67.585,5.2558,0.05107,0
19.519,6458.5,0.015651,6458.5,28.61,-80.58,1661,-209.86,179.55,276.18,-49.453,1.5026e-4,2.3161e-7,-0.012033,-6.4424e-4,1.3885e-4,0.0012517,67.585,5.2558,0.05107,0
19.569,6467.5,0.01566,6467.5,28.61,-80.58,1650.5,-210.86,179.03,276.61,-49.669,5.4074e-4,2.316e-7,-0.011769,-0.0022869,1.3873e-4,0.0016078,67.585,5.2558,0.05107,0
19.619,6476.4,0.015672,6476.4,28.61,-80.58,1639.9,-211.85,178.51,277.03,-49.884,4.9459e-4,2.3164e-7,-0.011797,-0.0015948,1.3865e-4,0.001925,67.585,5.2558,0.05107,0
19.669,6485.3,0.015689,6485.3,28.61,-80.58,1629.3,-212.84,177.99,277.46,-50.098,1.2837e-4,2.3158e-7,-0.011817,-9.2144e-5,1.386e-4,0.001879,67.585,5.2558,0.05107,0
19.719,6494.2,0.015705,6494.2,28.61,-80.58,1618.7,-213.83,177.47,277.88,-50.31,-4.6512e-4,2.3148e-7,-0.011389,0.0027714,1.3856e-4,0.0014882,67.585,5.2558,0.05107,0
19.769,6503.1,0.015715,6503.1,28.61,-80.58,1607.9,-214.81,176.95,278.31,-50.52,-3.8394e-4,2.3147e-7,-0.01126,0.0030675,1.3846e-4,0.0010517,67.585,5.2558,0.05107,0
19.819,6511.9,0.015721,6511.9,28.61,-80.58,1597.2,-215.78,176.44,278.73,-50.73,1.4388e-4,2.314e-7,-0.011589,-8.1504e-4,1.3833e-4,9.5329e-4,67.585,5.2558,0.05107,0
19.869,6520.7,0.015729,6520.7,28.61,-80.58,1586.4,-216.76,175.92,279.16,-50.938,6.1744e-4,2.3146e-7,-0.010965,-0.0036344,1.382e-4,0.0011081,67.585,5.2558,0.05107,0
19.919,6529.5,0.015741,6529.5,28.61,-80.58,1575.5,-217.73,175.41,279.59,-51.146,5.6578e-4,2.3147e-7,-0.011198,-0.0025743,1.3813e-4,0.0013058,67.585,5.2558,0.05107,0
19.969,6538.3,0.015758,6538.3,28.61,-80.58,1564.6,-218.69,174.89,280.02,-51.352,2.2592e-5,2.315e-7,-0.011414,4.1317e-4,1.3809e-4,0.0015538,67.585,5.2558,0.05107,0
20.019,6547,0.015775,6547,28.61,-80.58,1553.6,-219.65,174.38,280.45,-51.557,-5.8716e-4,2.3148e-7,-0.011016,0.0027172,1.3805e-4,0.0017495,67.585,5.2558,0.05107,0
20.069,6555.7,0.015784,6555.7,28.61,-80.58,1542.6,-220.61,173.86,280.88,-51.76,-6.9962e-4,2.3149e-7,-0.010924,0.0028135,1.3795e-4,0.0018415,67.585,5.2558,0.05107,0
20.119,6564.4,0.015787,6564.4,28.61,-80.579,1531.6,-221.56,173.35,281.32,-51.963,-4.1877e-5,2.3151e-7,-0.011206,2.1674e-4,1.378e-4,0.0018899,67.585,5.2558,0.05107,0
20.169,6573,0.01579,6573,28.61,-80.579,1520.5,-222.51,172.83,281.75,-52.164,6.4949e-4,2.3157e-7,-0.010886,-0.0022926,1.3764e-4,0.0018232,67.585,5.2558,0.05107,0
20.219,6581.7,0.015798,6581.7,28.61,-80.579,1509.3,-223.46,172.32,282.18,-52.363,6.1846e-4,2.316e-7,-0.010741,-0.0025716,1.3753e-4,0.0014238,67.585,5.2558,0.05107,0
20.269,6590.3,0.015812,6590.3,28.61,-80.579,1498.1,-224.4,171.81,282.62,-52.561,6.1833e-6,2.3155e-7,-0.010976,5.3162e-4,1.3747e-4,0.0010564,67.585,5.2558,0.05107,0
20.319,6598.9,0.015825,6598.9,28.61,-80.579,1486.9,-225.33,171.3,283.05,-52.759,-3.6913e-4,2.3153e-7,-0.010591,0.0027414,1.374e-4,0.0010595,67.585,5.2558,0.05107,0
20.369,6607.4,0.015833,6607.4,28.61,-80.579,1475.6,-226.27,170.79,283.49,-52.955,-1.7761e-4,2.3148e-7,-0.010833,0.0011119,1.373e-4,0.0013169,67.585,5.2558,0.05107,0
20.419,6615.9,0.015839,6615.9,28.61,-80.579,1464.3,-227.19,170.28,283.92,-53.151,2.9097e-5,2.3145e-7,-0.010825,3.1625e-5,1.3717e-4,0.0016328,67.585,5.2558,0.05107,0
20.469,6624.4,0.015845,6624.4,28.61,-80.579,1452.9,-228.12,169.77,284.36,-53.345,7.4466e-5,2.3148e-7,-0.010737,-1.2673e-4,1.3704e-4,0.0017807,67.585,5.2558,0.05107,0
20.519,6632.9,0.015851,6632.9,28.61,-80.579,1441.4,-229.04,169.26,284.79,-53.537,-4.5495e-6,2.3156e-7,-0.010661,1.8293e-4,1.3692e-4,0.0016619,67.585,5.2558,0.05107,0
20.569,6641.4,0.015857,6641.4,28.61,-80.579,1430,-229.95,168.75,285.23,-53.729,-8.9878e-5,2.316e-7,-0.010554,6.4904e-4,1.368e-4,0.0012477,67.585,5.2558,0.05107,0
20.619,6649.8,0.015862,6649.8,28.61,-80.579,1418.5,-230.87,168.24,285.66,-53.918,3.4924e-5,2.316e-7,-0.010526,-7.197e-6,1.3667e-4,7.2402e-4,67.585,5.2558,0.05107,0
20.669,6658.2,0.015867,6658.2,28.61,-80.579,1406.9,-231.77,167.73,286.1,-54.108,3.8756e-4,2.3159e-7,-0.010032,-0.003059,1.3654e-4,6.9072e-4,67.585,5.2558,0.05107,0
20.719,6666.6,0.015876,6666.6,28.61,-80.579,1395.3,-232.68,167.23,286.54,-54.296,8.5905e-4,2.3161e-7,-0.0094903,-0.0043438,1.3644e-4,0.0010864,67.585,5.2558,0.05107,0
20.769,6674.9,0.015892,6674.9,28.61,-80.579,1383.6,-233.58,166.72,286.97,-54.483,8.148e-4,2.3158e-7,-0.0099166,-0.003029,1.3641e-4,0.0013557,67.585,5.2558,0.05107,0
20.819,6683.2,0.015914,6683.2,28.61,-80.579,1371.9,-234.47,166.21,287.41,-54.669,1.223e-4,2.3157e-7,-0.010308,1.1828e-4,1.3643e-4,0.0015355,67.585,5.2558,0.05107,0
20.869,6691.5,0.015935,6691.5,28.61,-80.579,1360.2,-235.36,165.71,287.85,-54.854,-8.2722e-4,2.3164e-7,-0.0098376,0.0028576,1.3644e-4,0.0019532,67.585,5.2558,0.05107,0
20.919,6699.8,0.015948,6699.8,28.61,-80.579,1348.4,-236.25,165.2,288.28,-55.038,-8.3117e-4,2.3161e-7,-0.0098235,0.0026128,1.3639e-4,0.0019909,67.585,5.2558,0.05107,0
20.969,6708.1,0.015953,6708.1,28.61,-80.579,1336.5,-237.14,164.7,288.72,-55.22,1.5733e-4,2.3159e-7,-0.010074,-4.2965e-4,1.3626e-4,0.0016344,67.585,5.2558,0.05107,0
21.019,6716.3,0.015959,6716.3,28.61,-80.579,1324.7,-238.02,164.2,289.16,-55.401,0.0011605,2.3161e-7,-0.0089997,-0.0044207,1.3615e-4,0.0013953,67.585,5.2558,0.05107,0
21.069,6724.5,0.015975,6724.5,28.61,-80.579,1312.7,-238.89,163.69,289.59,-55.581,0.0014052,2.3163e-7,-0.0083732,-0.0054294,1.3612e-4,0.0012981,67.585,5.2558,0.05107,0
21.119,6732.6,0.016003,6732.6,28.61,-80.579,1300.8,-239.76,163.19,290.03,-55.76,7.6966e-4,2.3162e-7,-0.0094896,-0.0028812,1.3619e-4,0.0010678,67.585,5.2558,0.05107,0
21.169,6740.8,0.016036,6740.8,28.61,-80.579,1288.8,-240.63,162.69,290.46,-55.938,-2.8667e-4,2.3166e-7,-0.0094335,0.0028731,1.3631e-4,9.8225e-4,67.585,5.2558,0.05107,0
21.219,6748.9,0.016065,6748.9,28.61,-80.579,1276.7,-241.49,162.19,290.9,-56.115,-0.0010834,2.3166e-7,-0.0080732,0.0055754,1.3638e-4,0.0012221,67.585,5.2558,0.05107,0
21.269,6757,0.016082,6757,28.61,-80.579,1264.6,-242.35,161.69,291.34,-56.292,-8.8436e-4,2.3168e-7,-0.0091378,0.0034824,1.3637e-4,0.0015179,67.585,5.2558,0.05107,0
21.319,6765.1,0.016091,6765.1,28.61,-80.579,1252.5,-243.21,161.19,291.77,-56.467,-2.4958e-5,2.3168e-7,-0.0096987,2.2734e-4,1.3628e-4,0.0019563,67.585,5.2558,0.05107,0
21.369,6773.1,0.016098,6773.1,28.61,-80.579,1240.3,-244.06,160.69,292.2,-56.641,9.2483e-4,2.3163e-7,-0.0093449,-0.0022401,1.3618e-4,0.0019926,67.585,5.2558,0.05107,0
21.419,6781.2,0.016114,6781.2,28.61,-80.579,1228.1,-244.9,160.19,292.64,-56.813,0.0015957,2.3159e-7,-0.0083915,-0.0045298,1.3615e-4,0.0016618,67.585,5.2558,0.05107,0
21.469,6789.1,0.016141,6789.1,28.61,-80.579,1215.8,-245.75,159.69,293.07,-56.985,0.0011263,2.3155e-7,-0.008494,-0.0042207,1.3622e-4,0.0010937,67.585,5.2558,0.05107,0
21.519,6797.1,0.016177,6797.1,28.61,-80.579,1203.5,-246.58,159.19,293.51,-57.155,1.2725e-4,2.3156e-7,-0.0094005,9.2909e-4,1.3637e-4,7.3998e-4,67.585,5.2558,0.05107,0
21.569,6805.1,0.016212,6805.1,28.61,-80.579,1191.1,-247.42,158.7,293.94,-57.324,-5.0147e-4,2.316e-7,-0.0081908,0.0045995,1.365e-4,8.0886e-4,67.585,5.2558,0.05107,0
21.619,6813,0.016241,6813,28.61,-80.579,1178.8,-248.25,158.2,294.37,-57.493,-2.7457e-4,2.3158e-7,-0.0090843,0.0022913,1.3658e-4,0.0010157,67.585,5.2558,0.05107,0
21.669,6820.9,0.016265,6820.9,28.61,-80.579,1166.3,-249.08,157.7,294.8,-57.661,4.358e-4,2.3165e-7,-0.0092566,-8.6198e-4,1.3663e-4,0.0014398,67.585,5.2558,0.05107,0
21.719,6828.8,0.016292,6828.8,28.61,-80.579,1153.9,-249.9,157.21,295.23,-57.828,0.001161,2.3161e-7,-0.008841,-0.0026593,1.367e-4,0.0017297,67.585,5.2558,0.05107,0
21.769,6836.6,0.016327,6836.6,28.61,-80.579,1141.3,-250.72,156.71,295.66,-57.994,9.8175e-4,2.3157e-7,-0.0089055,-0.0021427,1.3683e-4,0.0015989,67.585,5.2558,0.05107,0
21.819,6844.4,0.016367,6844.4,28.61,-80.579,1128.8,-251.53,156.22,296.09,-58.158,2.9964e-4,2.3155e-7,-0.0091036,8.2031e-7,1.3701e-4,0.0013093,67.585,5.2558,0.05107,0
21.869,6852.2,0.016408,6852.2,28.61,-80.579,1116.2,-252.34,155.73,296.52,-58.321,9.5188e-5,2.3151e-7,-0.0089885,9.4535e-4,1.372e-4,9.8537e-4,67.585,5.2558,0.05107,0
21.919,6860,0.016447,6860,28.61,-80.579,1103.5,-253.15,155.23,296.95,-58.484,4.8325e-4,2.3149e-7,-0.0089237,-0.0011489,1.3737e-4,7.9885e-4,67.585,5.2558,0.05107,0
21.969,6867.8,0.016487,6867.8,28.61,-80.579,1090.9,-253.95,154.74,297.38,-58.645,5.9545e-4,2.3148e-7,-0.0088044,-0.0016063,1.3755e-4,8.3406e-4,67.585,5.2558,0.05107,0
22.019,6875.5,0.01653,6875.5,28.61,-80.579,1078.2,-254.75,154.25,297.81,-58.806,1.4682e-4,2.3144e-7,-0.0088817,7.5095e-4,1.3775e-4,9.8855e-4,67.585,5.2558,0.05107,0
22.069,6883.2,0.01657,6883.2,28.61,-80.578,1065.4,-255.54,153.76,298.23,-58.966,-1.129e-4,2.3137e-7,-0.0087404,0.0014285,1.3793e-4,0.0012642,67.585,5.2558,0.05107,0
22.119,6890.9,0.016606,6890.9,28.61,-80.578,1052.6,-256.33,153.27,298.66,-59.125,2.477e-4,2.3136e-7,-0.0087985,6.1044e-5,1.3808e-4,0.0014195,67.585,5.2558,0.05107,0
22.169,6898.5,0.016642,6898.5,28.61,-80.578,1039.8,-257.12,152.78,299.08,-59.283,7.6931e-4,2.3133e-7,-0.0086271,-0.0014003,1.3822e-4,0.0015502,67.585,5.2558,0.05107,0
22.219,6906.1,0.016682,6906.1,28.61,-80.578,1026.9,-257.9,152.29,299.51,-59.439,0.0012714,2.3135e-7,-0.0081462,-0.0029464,1.384e-4,0.0014066,67.585,5.2558,0.05107,0
22.269,6913.7,0.01673,6913.7,28.61,-80.578,1014,-258.68,151.8,299.93,-59.595,9.4782e-4,2.3134e-7,-0.0081658,-0.002706,1.3864e-4,9.0636e-4,67.585,5.2558,0.05107,0
22.319,6921.3,0.016783,6921.3,28.61,-80.578,1001,-259.45,151.31,300.35,-59.749,4.6676e-4,2.3134e-7,0,0,1.3893e-4,5.9958e-4,67.585,5.2558,0.05107,0
22.369,6928.9,0.016836,6928.9,28.61,-80.578,988.03,-260.22,150.83,300.77,-59.903,-2.664e-4,2.3132e-7,-0.007893,0.0032763,1.3922e-4,8.5013e-4,67.585,5.2558,0.05107,0
22.419,6936.4,0.016882,6936.4,28.61,-80.578,975,-260.98,150.34,301.19,-60.057,-7.225e-4,2.3136e-7,-0.0078162,0.0033545,1.3945e-4,0.0013226,67.585,5.2558,0.05107,0
22.469,6943.9,0.01692,6943.9,28.61,-80.578,961.93,-261.75,149.86,301.61,-60.209,-2.8368e-4,2.3133e-7,-0.0083138,0.0014289,1.3961e-4,0.00161,67.585,5.2558,0.05107,0
22.519,6951.4,0.016952,6951.4,28.61,-80.578,948.82,-262.5,149.37,302.03,-60.36,3.6373e-4,2.3123e-7,-0.0083567,-3.2704e-4,1.3973e-4,0.0014724,67.585,5.2558,0.05107,0
22.569,6958.8,0.016986,6958.8,28.61,-80.578,935.68,-263.26,148.89,302.44,-60.51,0.0012704,2.3123e-7,-0.0076238,-0.0032884,1.3985e-4,0.001221,67.585,5.2558,0.05107,0
22.619,6966.3,0.017027,6966.3,28.61,-80.578,922.5,-264.01,148.4,302.86,-60.66,0.0013817,2.3118e-7,-0.007112,-0.0042186,1.4005e-4,9.8086e-4,67.585,5.2558,0.05107,0
22.669,6973.7,0.017078,6973.7,28.61,-80.578,909.28,-264.75,147.92,303.27,-60.808,3.9472e-4,2.312e-7,-0.008223,1.4532e-5,1.4031e-4,7.2883e-4,67.585,5.2558,0.05107,0
22.719,6981.1,0.017127,6981.1,28.61,-80.578,896.02,-265.49,147.44,303.69,-60.956,-0.0010825,2.3119e-7,-0.0060571,0.0054931,1.4057e-4,0.00103,67.585,5.2558,0.05107,0
22.769,6988.4,0.017164,6988.4,28.61,-80.578,882.73,-266.23,146.96,304.1,-61.103,-0.0013648,2.3127e-7,-0.0062647,0.0051953,1.4072e-4,0.0012081,67.585,5.2558,0.05107,0
22.819,6995.8,0.017188,6995.8,28.61,-80.578,869.4,-266.97,146.48,304.51,-61.249,3.204e-5,2.3121e-7,-0.0080879,4.4986e-4,1.4077e-4,0.0011688,67.585,5.2558,0.05107,0
22.869,7003.1,0.01721,7003.1,28.61,-80.578,856.03,-267.7,146,304.92,-61.394,0.0016435,2.3118e-7,-0.0073079,-0.0033633,1.408e-4,0.0016341,67.585,5.2558,0.05107,0
22.919,7010.4,0.017244,7010.4,28.61,-80.578,842.63,-268.42,145.52,305.33,-61.538,0.0018395,2.3112e-7,-0.0070286,-0.0037536,1.4093e-4,0.0015393,67.585,5.2558,0.05107,0
22.969,7017.6,0.01729,7017.6,28.61,-80.578,829.19,-269.14,145.04,305.74,-61.681,7.2794e-4,2.3109e-7,-0.0077789,-0.0014165,1.4116e-4,9.0561e-4,67.585,5.2558,0.05107,0
23.019,7024.9,0.017339,7024.9,28.61,-80.578,815.71,-269.86,144.56,306.14,-61.823,-0.0010112,2.3106e-7,-0.0045356,0.0064258,1.4142e-4,7.8628e-4,67.585,5.2558,0.05107,0
23.069,7032.1,0.017375,7032.1,28.61,-80.578,802.2,-270.58,144.09,306.55,-61.964,-0.0019212,2.3105e-7,-0.003115,0.0072178,1.4157e-4,0.0010939,67.585,5.2558,0.05107,0
23.119,7039.3,0.017393,7039.3,28.61,-80.578,788.66,-271.29,143.61,306.95,-62.106,-0.0014103,2.31e-7,-0.0066541,0.0041623,1.4157e-4,0.001316,67.585,5.2558,0.05107,0
23.169,7046.4,0.017397,7046.4,28.61,-80.578,775.07,-271.99,143.13,307.36,-62.247,1.3788e-4,2.3113e-7,-0.0077682,-1.9586e-4,1.4146e-4,0.0017735,67.585,5.2558,0.05107,0
23.219,7053.6,0.017402,7053.6,28.61,-80.578,761.46,-272.7,142.66,307.76,-62.386,0.0014256,2.3112e-7,-0.0072873,-0.0024776,1.4136e-4,0.0019159,67.585,5.2558,0.05107,0
23.269,7060.7,0.01742,7060.7,28.61,-80.578,747.8,-273.39,142.19,308.16,-62.524,0.0020771,2.3106e-7,-0.0064165,-0.0041175,1.4136e-4,0.0015989,67.585,5.2558,0.05107,0
23.319,7067.8,0.017452,7067.8,28.61,-80.578,734.12,-274.09,141.71,308.56,-62.661,9.1627e-4,2.3104e-7,-0.0071714,-0.0025063,1.4148e-4,8.6557e-4,67.585,5.2558,0.05107,0
23.369,7074.9,0.01749,7074.9,28.61,-80.578,720.39,-274.78,141.24,308.95,-62.797,-7.2608e-4,2.3103e-7,-0.0058626,0.0047695,1.4164e-4,7.2621e-4,67.585,5.2558,0.05107,0
23.419,7081.9,0.017519,7081.9,28.61,-80.578,706.64,-275.47,140.77,309.35,-62.933,-0.0011884,2.3106e-7,-0.0050706,0.0055635,1.4173e-4,8.4434e-4,67.585,5.2558,0.05107,0
23.469,7089,0.017536,7089,28.61,-80.578,692.85,-276.15,140.3,309.74,-63.068,-6.9827e-4,2.3112e-7,-0.0070396,0.0026215,1.4173e-4,0.0010513,67.585,5.2558,0.05107,0
23.519,7096,0.017546,7096,28.61,-80.578,679.02,-276.83,139.83,310.14,-63.203,4.4908e-4,2.3114e-7,-0.0073893,-9.0328e-4,1.4167e-4,0.0012996,67.585,5.2558,0.05107,0
23.569,7102.9,0.01756,7102.9,28.61,-80.578,665.17,-277.5,139.36,310.53,-63.336,0.0016957,2.3114e-7,-0.0064706,-0.0035737,1.4165e-4,0.0014175,67.585,5.2558,0.05107,0
23.619,7109.9,0.017588,7109.9,28.61,-80.578,651.27,-278.17,138.89,310.92,-63.469,0.0018498,2.312e-7,-0.0061479,-0.0040113,1.4173e-4,0.0012786,67.585,5.2558,0.05107,0
23.669,7116.8,0.017629,7116.8,28.61,-80.578,637.35,-278.84,138.42,311.31,-63.6,2.8883e-4,2.3121e-7,-0.0072974,1.798e-4,1.4192e-4,9.31e-4,67.585,5.2558,0.05107,0
23.719,7123.7,0.017668,7123.7,28.61,-80.578,623.39,-279.5,137.95,311.7,-63.732,-0.0016336,2.3117e-7,-0.0054653,0.0047964,1.421e-4,0.0012727,67.585,5.2558,0.05107,0
23.769,7130.6,0.017691,7130.6,28.61,-80.578,609.4,-280.16,137.49,312.08,-63.862,-0.0019048,2.3116e-7,-0.005579,0.0045926,1.4215e-4,0.001403,67.585,5.2558,0.05107,0
23.819,7137.5,0.017698,7137.5,28.61,-80.578,595.37,-280.82,137.02,312.47,-63.992,7.0875e-5,2.3116e-7,-0.0071592,-8.9484e-5,1.4207e-4,0.0010235,67.585,5.2558,0.05107,0
23.869,7144.3,0.017705,7144.3,28.61,-80.578,581.32,-281.47,136.56,312.85,-64.12,0.0024144,2.311e-7,-0.0039785,-0.0059073,1.4199e-4,0.0012053,67.585,5.2558,0.05107,0
23.919,7151.1,0.01773,7151.1,28.61,-80.578,567.23,-282.12,136.09,313.23,-64.248,0.0025362,2.3105e-7,-0.0038095,-0.0059887,1.4205e-4,0.0011516,67.585,5.2558,0.05107,0
23.969,7157.9,0.017773,7157.9,28.61,-80.578,553.1,-282.77,135.63,313.61,-64.376,4.0632e-4,2.3101e-7,-0.0070639,-9.2265e-5,1.4227e-4,8.0609e-4,67.585,5.2558,0.05107,0
24.019,7164.7,0.017816,7164.7,28.61,-80.578,538.95,-283.41,135.17,313.99,-64.502,-0.0019903,2.3103e-7,-0.0045997,0.0052988,1.4247e-4,0.0013029,67.585,5.2558,0.05107,0
24.069,7171.4,0.017841,7171.4,28.61,-80.578,524.76,-284.04,134.71,314.37,-64.628,-0.0025288,2.3093e-7,-0.004462,0.005367,1.4254e-4,0.0014682,67.585,5.2558,0.05107,0
24.119,7178.2,0.017843,7178.2,28.61,-80.578,510.55,-284.68,134.25,314.74,-64.754,-6.7225e-4,2.3087e-7,-0.0066981,0.0018026,1.4242e-4,0.0010845,67.585,5.2558,0.05107,0
24.169,7184.9,0.017841,7184.9,28.61,-80.578,496.3,-285.31,133.79,315.12,-64.878,0.001331,2.3085e-7,-0.005992,-0.0033825,1.4227e-4,0.0011348,67.585,5.2558,0.05107,0
24.219,7191.5,0.017849,7191.5,28.61,-80.578,482.01,-285.93,133.33,315.49,-65.001,0.0014388,2.3086e-7,-0.0055808,-0.0039568,1.422e-4,9.6256e-4,67.585,5.2558,0.05107,0
24.269,7198.2,0.017867,7198.2,28.61,-80.577,467.7,-286.55,132.87,315.86,-65.124,3.4291e-4,2.3084e-7,0,0,1.4222e-4,5.9469e-4,67.585,5.2558,0.05107,0
24.319,7204.8,0.017887,7204.8,28.61,-80.577,453.36,-287.17,132.41,316.23,-65.246,-6.1798e-4,2.3083e-7,0,0,1.4224e-4,5.6223e-4,67.585,5.2558,0.05107,0
24.369,7211.4,0.0179,7211.4,28.61,-80.577,438.99,-287.78,131.96,316.59,-65.368,-4.5353e-4,2.3084e-7,0,0,1.4222e-4,4.8564e-4,67.585,5.2558,0.05107,0
24.419,7218,0.017908,7218,28.61,-80.577,424.58,-288.4,131.5,316.96,-65.489,-2.9023e-4,2.3086e-7,0,0,1.4215e-4,5.4308e-4,67.585,5.2558,0.05107,0
24.469,7224.6,0.017915,7224.6,28.61,-80.577,410.15,-289,131.05,317.32,-65.609,-1.9473e-4,2.3086e-7,-0.0065582,0.0011019,1.4207e-4,5.9242e-4,67.585,5.2558,0.05107,0
24.519,7231.1,0.017918,7231.1,28.61,-80.577,395.68,-289.61,130.59,317.69,-65.728,-6.5466e-4,2.3085e-7,0,0,1.4197e-4,5.8877e-4,67.585,5.2558,0.05107,0
24.569,7237.7,0.017916,7237.7,28.61,-80.577,381.19,-290.2,130.14,318.05,-65.847,-0.0010192,2.3086e-7,-0.0057197,0.0032662,1.4183e-4,8.0168e-4,67.585,5.2558,0.05107,0
24.619,7244.2,0.017907,7244.2,28.61,-80.577,366.66,-290.8,129.69,318.41,-65.966,-4.3697e-4,2.3084e-7,-0.0064597,0.0010781,1.4163e-4,8.2741e-4,67.585,5.2558,0.05107,0
24.669,7250.6,0.017895,7250.6,28.61,-80.577,352.11,-291.39,129.23,318.77,-66.083,0.0010864,2.3088e-7,-0.0058132,-0.0029428,1.4141e-4,0.0010344,67.585,5.2558,0.05107,0
24.719,7257.1,0.017893,7257.1,28.61,-80.577,337.52,-291.98,128.78,319.12,-66.2,0.0017592,2.3097e-7,-0.0054502,-0.0034969,1.4126e-4,0.0012772,67.585,5.2558,0.05107,0
24.769,7263.5,0.017905,7263.5,28.61,-80.577,322.91,-292.57,128.33,319.48,-66.316,8.4221e-4,2.309e-7,-0.006174,-0.0017769,1.4124e-4,0.001029,67.585,5.2558,0.05107,0
24.819,7269.9,0.017922,7269.9,28.61,-80.577,308.27,-293.15,127.89,319.83,-66.431,-3.8327e-4,2.3093e-7,-0.0061554,0.0017071,1.4125e-4,7.9559e-4,67.585,5.2558,0.05107,0
24.869,7276.3,0.017935,7276.3,28.61,-80.577,293.59,-293.72,127.44,320.18,-66.546,-0.001491,2.3094e-7,-0.0051722,0.0037345,1.4123e-4,0.0010598,67.585,5.2558,0.05107,0
24.919,7282.7,0.017936,7282.7,28.61,-80.577,278.89,-294.3,126.99,320.53,-66.661,-0.0014452,2.3095e-7,-0.0057377,0.002702,1.4111e-4,0.0013,67.585,5.2558,0.05107,0
24.969,7289,0.017925,7289,28.61,-80.577,264.16,-294.87,126.54,320.88,-66.775,-4.2482e-4,2.3093e-7,-0.0062588,5.6844e-4,1.409e-4,0.0013458,67.585,5.2558,0.05107,0
25.019,7295.3,0.017911,7295.3,28.61,-80.577,249.41,-295.44,126.1,321.22,-66.887,8.2026e-4,2.3094e-7,-0.0058155,-0.0022048,1.4067e-4,0.0010136,67.585,5.2558,0.05107,0
25.069,7301.6,0.017905,7301.6,28.61,-80.577,234.62,-296,125.65,321.57,-66.999,0.0013851,2.3087e-7,-0.0040415,-0.0046923,1.405e-4,7.2018e-4,67.585,5.2558,0.05107,0
25.119,7307.9,0.017909,7307.9,28.61,-80.577,219.81,-296.56,125.21,321.91,-67.11,1.4848e-4,2.3087e-7,0,0,1.4041e-4,1.3313e-4,67.585,5.2558,0.05107,0
25.169,7314.1,0.017913,7314.1,28.61,-80.577,204.96,-297.11,124.77,322.25,-67.221,-0.0016519,2.3087e-7,-2.4593e-4,0.0061556,1.4032e-4,6.3903e-4,67.585,5.2558,0.05107,0
25.219,7320.3,0.017904,7320.3,28.61,-80.577,190.09,-297.67,124.33,322.59,-67.332,-0.0025872,2.3082e-7,-0.0035025,0.0050659,1.4013e-4,0.0011311,67.585,5.2558,0.05107,0
25.269,7326.6,0.017876,7326.6,28.61,-80.577,175.2,-298.22,123.89,322.92,-67.442,-0.0016071,2.3084e-7,-0.0056997,0.0021664,1.3979e-4,0.0014002,67.585,5.2558,0.05107,0
25.319,7332.7,0.017838,7332.7,28.61,-80.577,160.27,-298.76,123.45,323.26,-67.551,0.0011371,2.3082e-7,-0.0056227,-0.0022125,1.3938e-4,0.0014914,67.585,5.2558,0.05107,0
25.369,7338.9,0.017812,7338.9,28.61,-80.577,145.32,-299.3,123.01,323.59,-67.659,0.0029612,2.3076e-7,-0.004059,-0.0044055,1.3906e-4,0.0015967,67.585,5.2558,0.05107,0
25.419,7345,0.01781,7345,28.61,-80.577,130.34,-299.84,122.57,323.93,-67.767,0.0019649,2.3077e-7,-0.0040456,-0.0043636,1.3893e-4,9.8096e-4,67.585,5.2558,0.05107,0
25.469,7351.2,0.017823,7351.2,28.61,-80.577,115.34,-300.38,122.13,324.26,-67.874,-5.3119e-4,2.3076e-7,0,0,1.3891e-4,4.3955e-4,67.585,5.2558,0.05107,0
25.519,7357.3,0.01783,7357.3,28.61,-80.577,100.31,-300.91,121.7,324.58,-67.981,-0.0021747,2.3075e-7,-0.0024422,0.0053862,1.3885e-4,8.9224e-4,67.585,5.2558,0.05107,0
25.569,7363.3,0.01782,7363.3,28.61,-80.577,85.247,-301.43,121.26,324.91,-68.087,-0.0017862,2.3071e-7,-0.0037153,0.0045676,1.3866e-4,7.7887e-4,67.585,5.2558,0.05107,0
25.619,7369.4,0.017797,7369.4,28.61,-80.577,70.162,-301.96,120.83,325.23,-68.192,-6.6362e-5,2.3071e-7,-0.0058376,-4.4117e-4,1.3837e-4,7.6815e-4,67.585,5.2558,0.05107,0
25.669,7375.4,0.017776,7375.4,28.61,-80.577,55.051,-302.48,120.39,325.56,-68.298,0.0015556,2.3076e-7,-0.0048775,-0.0031679,1.3809e-4,0.00115,67.585,5.2558,0.05107,0
25.719,7381.4,0.017768,7381.4,28.61,-80.577,39.914,-303,119.96,325.88,-68.402,0.0014446,2.3083e-7,-0.0048803,-0.0030867,1.3792e-4,0.0010074,67.585,5.2558,0.05107,0
25.769,7387.4,0.017771,7387.4,28.61,-80.577,24.752,-303.51,119.53,326.2,-68.505,-8.9945e-5,2.3089e-7,-0.0057127,4.1888e-4,1.3783e-4,6.7478e-4,67.585,5.2558,0.05107,0
25.819,7393.4,0.017774,7393.4,28.61,-80.577,9.5633,-304.02,119.1,326.52,-68.608,-0.0020427,2.3088e-7,-0.0025979,0.0050807,1.3774e-4,8.2292e-4,67.585,5.2558,0.05107,0
