0,0,0,0,0,0,0,0,0,0,45,0
0.01,0.011192,2.2383,3.1654,0,0.011192,2.2383,0,0,0,45,0
0.02,0.050027,5.5291,7.8194,0,0.050027,5.5291,0,0,0,45,0
0.03,0.12109,8.6835,12.28,0,0.12109,8.6835,0,0,0,45,0
0.04,0.22397,11.893,16.819,0,0.22397,11.893,0,0,0,45,0
0.05,0.35921,15.157,21.435,0,0.35921,15.157,0,0,0,45,0
0.06,0.52737,18.476,26.129,0,0.52737,18.476,0,0,0,45,0
0.07,0.729,21.85,30.9,0,0.729,21.85,0,0,0,45,0
0.08,0.96456,25.262,35.726,0,0.96456,25.262,0,0,0,45,0
0.089183,1.2108,28.372,40.123,0,1.2108,28.372,0,0,0,45,0
0.09736,1.454,31.115,44.003,0,1.454,31.115,0,0,0,45,0
0.10482,1.6953,33.596,47.512,0,1.6953,33.596,0,0,0,45,0
0.11172,1.9351,35.876,50.736,0,1.9351,35.876,0,0,0,45,0
0.11819,2.174,37.996,53.734,0,2.174,37.996,0,0,0,45,0
0.12429,2.412,39.983,56.545,0,2.412,39.983,0,0,0,45,0
0.13345,2.7911,42.794,60.728,0,2.7924,43.088,0,7.03E-03,1.69E-05,45,0
0.14719,3.4078,46.997,66.985,0,3.4162,47.73,0,4.71E-02,7.28E-05,45,-3.83E-07
0.1678,4.4425,53.431,76.551,0,4.4728,54.819,0,1.86E-01,2.99E-05,44.997,2.64E-07
0.19871,6.2458,63.249,91.133,0,6.3341,65.611,0,0.61607,4.98E-05,44.986,7.43E-06
0.24507,9.513,77.677,112.58,9.02E-08,9.7444,81.485,0,1.8797,-2.37E-04,44.931,2.07E-05
0.29507,13.777,92.882,135.21,4.93E-07,14.238,98.256,-5.2292E-07,4.1975,-5.43E-04,44.783,4.78E-05
0.34507,18.814,108.58,158.6,1.66E-06,19.584,115.61,-3.5113E-07,7.449,1.51E-04,44.495,6.47E-05
0.39507,24.622,123.75,181.39,4.39E-06,25.789,132.62,-4.7219E-07,11.198,-8.26E-04,44.03,1.53E-04
0.44507,31.181,138.56,203.91,1.00E-05,32.844,149.61,0.00E+00,14.523,2.05E-04,43.382,2.57E-04
0.49507,38.459,152.54,225.62,2.07E-05,40.739,166.25,-3.33E-07,16.133,2.20E-03,42.606,2.52E-04
0.54507,46.437,166.51,247.78,3.66E-05,49.481,183.48,-3.66E-07,-14.824,1.76E-03,41.819,2.24E-04
0.59507,55.115,180.55,270.48,5.76E-05,59.102,201.4,-2.4453E-06,-10.206,8.33E-04,41.181,2.38E-04
0.62817,61.244,189.82,285.69,7.47E-05,65.968,213.51,-4.1903E-06,-5.7888,9.79E-04,40.915,2.61E-04
0.65646,66.726,197.77,298.78,9.13E-05,72.155,223.96,-3.6386E-06,-1.7873,6.33E-05,40.808,2.88E-04
0.68555,72.601,206.02,312.35,1.10E-04,78.829,234.78,-3.2052E-06,1.8514,4.18E-03,40.811,3.66E-04
0.72267,80.446,216.68,329.79,1.39E-04,87.802,248.62,-2.9905E-06,4.622,2.54E-03,40.939,4.49E-04
0.77267,91.642,231.13,353.14,1.87E-04,100.69,266.99,-4.5135E-06,-3.3393,-4.68E-03,41.161,3.60E-04
0.81898,102.65,244.57,374.61,2.38E-04,113.45,283.76,-5.6747E-06,2.5285,-8.83E-03,41.19,-7.07E-05
0.84542,109.23,252.32,386.97,2.65E-04,121.08,293.4,-5.6272E-06,6.4847,-8.48E-03,41.071,-3.16E-04
0.8736,116.45,260.53,400.16,2.89E-04,129.49,303.74,-0.000005273,9.8212,-1.56E-02,40.839,-3.98E-04
0.91586,127.72,272.65,419.95,3.15E-04,142.66,319.4,-6.3569E-06,-10.761,-2.30E-02,40.385,-1.35E-04
0.96586,141.7,286.49,443.08,3.40E-04,159.09,338,-4.92E-06,-5.0364,-6.36E-03,39.969,2.36E-04
0.99066,148.89,293.21,454.42,3.54E-04,167.59,347.17,-5.78E-06,-0.9836,1.71E-03,39.894,3.69E-04
1.0162,156.46,300.09,466.03,3.72E-04,176.57,356.55,-8.28E-06,2.3688,3.49E-03,39.913,2.69E-04
1.0545,168.16,310.91,484.03,4.03E-04,190.5,370.98,-6.96E-06,-3.375,-1.10E-02,40.039,1.09E-04
1.1045,184.05,324.78,506.82,4.44E-04,209.51,389.09,-5.86E-06,2.5389,8.14E-03,40.078,2.08E-04
1.1302,192.51,331.58,518.02,4.67E-04,219.64,397.99,-8.03E-06,6.2261,8.65E-03,39.966,4.83E-04
1.1631,203.56,340.43,532.72,5.05E-04,232.93,409.75,-8.42E-06,-8.227,0.27374,39.719,5.02E-04
1.2125,220.68,353.5,554.9,5.73E-04,253.59,427.72,-1.57E-05,-3.5535,8.16E-03,39.401,1.35E-04
1.2398,230.43,360.43,566.79,6.14E-04,265.4,437.42,-0.000018513,2.34E-01,4.33E-03,39.352,2.25E-04
1.2723,242.28,368.84,581.1,6.67E-04,279.81,449.04,-0.000021109,-2.1304,0.029372,39.399,4.07E-04
1.3211,260.56,380.54,600.85,7.58E-04,302.11,464.98,-1.28E-05,2.4101,-7.23E-03,39.422,4.14E-04
1.3522,272.54,387.97,613.38,8.27E-04,316.75,475.1,-1.35E-05,5.5546,5.49E-03,39.304,3.56E-05
1.399,290.92,398.85,632.07,9.25E-04,339.32,490.33,-1.86E-05,-3.9422,2.35E-02,39.049,7.26E-04
1.4435,308.9,409,649.72,0.0010465,361.46,504.84,-6.62E-06,-4.16E-02,1.20E-02,38.954,7.89E-04
1.4935,329.64,420.4,669.39,0.0012237,387.11,520.9,-1.31E-05,0.94954,-4.46E-02,38.957,-3.69E-04
1.5435,350.94,431.66,688.76,0.0013365,413.55,536.71,-1.73E-05,3.6539,-2.04E-01,38.824,-5.77E-04
1.5935,372.79,442.48,707.66,0.0013919,440.77,552.26,-1.83E-05,-2.0966,3.69E-03,38.671,7.58E-04
1.6435,395.18,453.02,726.14,0.0015047,468.77,567.5,-2.31E-05,1.2447,2.05E-01,38.604,-3.50E-04
1.6935,418.09,463.37,744.29,0.0015473,497.52,582.46,-2.69E-05,2.2787,-1.37E-01,38.512,5.05E-04
1.7435,441.51,473.47,762.12,0.0016412,527.01,597.2,-2.81E-05,-1.9922,-1.01E-01,38.401,0.0010863
1.7935,465.43,483.33,779.61,0.0017725,557.23,611.71,-2.55E-05,1.6684,0.46839,38.314,0.001709
1.8435,489.84,492.96,796.75,0.0019598,588.17,625.94,-2.52E-05,0,0,38.222,2.67E-04
1.8935,514.73,502.34,813.54,0.0021131,619.82,639.93,-2.51E-05,-1.7622,3.32E-01,38.13,3.14E-04
1.9435,540.06,511.12,829.39,0.0023068,652.15,653.18,-2.48E-05,-1.6177,-0.73319,38.044,6.03E-04
1.9935,565.77,517.33,841.1,0.0025565,685.06,663.19,-2.57E-05,-0.069245,1.7306,37.955,-6.29E-04
2.0435,591.73,520.93,848.57,0.00273,718.39,669.86,-2.48E-05,-1.27E+00,-1.2167,37.871,-2.55E-04
2.0935,617.83,522.93,853.48,0.0028842,752,674.51,-2.60E-05,-1.6545,0.50263,37.786,0.0015951
2.1435,644,523.8,856.54,0.0031607,785.8,677.71,-2.62E-05,0.27506,1.66E+00,37.699,5.55E-04
2.1935,670.18,523.56,857.8,0.0034024,819.73,679.49,-2.59E-05,-1.68,-0.2454,37.616,0.0015746
2.2435,696.33,522.47,857.66,0.0037244,853.72,680.15,-2.57E-05,1.2255,-1.1998,37.531,1.89E-04
2.2935,722.41,520.82,856.61,0.0040079,887.73,680.09,-2.80E-05,0,0.00E+00,37.446,4.19E-04
2.3435,748.38,517.99,853.62,0.0042896,921.69,678.49,-2.65E-05,-0.80373,-1.5815,37.359,0.0011137
2.3935,774.18,514.06,848.82,0.0046477,955.54,675.45,-2.76E-05,-1.1197,1.33E+00,37.275,1.80E-04
2.4435,799.78,509.71,843.3,0.0049714,989.22,671.83,-2.82E-05,1.7306,0.066858,37.187,8.68E-04
2.4935,825.15,505.1,837.36,0.0053353,1022.7,667.87,-2.75E-05,9.25E-01,1.4791,37.1,0.0017906
2.5435,850.28,500.06,830.7,0.0057503,1056,663.32,-2.84E-05,7.12E-01,-1.5844,37.012,0.001458
2.5935,875.13,493.92,822.19,0.0061691,1089,657.3,-2.88E-05,1.6995,-0.37045,36.924,8.84E-04
2.6435,899.66,487.51,813.21,0.0065453,1121.7,650.88,-2.88E-05,-1.8468,-0.041191,36.832,-8.58E-04
2.6935,923.88,481.22,804.43,0.0068129,1154.1,644.62,-2.86E-05,1.8116,0.13212,36.741,0.001808
2.7435,947.78,475.05,795.84,0.0071828,1186.2,638.51,-2.98E-05,1.8517,1.65E-01,36.65,6.17E-04
2.7935,971.39,469.01,787.44,0.0075528,1218,632.53,-2.91E-05,1.5108,1.0177,36.557,5.21E-04
2.8435,994.69,463.08,779.22,0.0078936,1249.4,626.69,-3.04E-05,0,0,36.462,3.66E-04
2.8935,1017.7,457.26,771.17,0.0082176,1280.6,620.98,-3.05E-05,1.0599,-1.5735,36.366,0.0010498
2.9435,1040.4,451.55,763.29,0.0085545,1311.5,615.4,-2.99E-05,1.8012,6.52E-01,36.271,4.48E-04
2.9935,1062.9,445.95,755.57,0.0088765,1342.2,609.94,-3.01E-05,0.97784,1.7235,36.172,2.37E-04
3.0435,1085,440.44,748.01,0.0091815,1372.5,604.59,-3.00E-05,-0.11658,1.972,36.073,4.64E-04
3.0935,1106.9,435.03,740.6,0.0094569,1402.6,599.36,-2.94E-05,1.613,1.1672,35.973,8.19E-04
3.1435,1128.5,429.72,733.33,0.0097631,1432.5,594.24,-3.01E-05,2.01E+00,-0.34876,35.872,0.0018474
3.1935,1149.9,424.49,726.21,0.010133,1462.1,589.22,-2.96E-05,0,0,35.769,3.71E-04
3.2435,1171,419.35,719.22,0.010466,1491.4,584.31,-2.96E-05,0,0,35.667,4.32E-04
3.2935,1191.8,414.3,712.36,0.010768,1520.5,579.5,-3.00E-05,1.9071,0.85357,35.562,0.0013614
3.3435,1212.4,409.32,705.63,0.011109,1549.3,574.78,-3.00E-05,0.34898,2.1091,35.456,1.56E-04
3.3935,1232.7,404.43,699.03,0.011403,1578,570.16,-3.02E-05,0,0,35.349,6.83E-04
3.4435,1252.8,399.62,692.55,0.011718,1606.4,565.62,-3.02E-05,1.6163,1.43E+00,35.242,6.43E-04
3.4935,1272.7,394.87,686.18,0.012031,1634.5,561.18,-3.04E-05,2.0524,-0.7394,35.132,2.87E-05
3.5435,1292.3,390.2,679.93,0.012312,1662.5,556.81,-3.01E-05,2.2057,-0.19281,35.022,0.0020888
3.5935,1311.7,385.61,673.78,0.012683,1690.2,552.53,-2.98E-05,1.9084,1.1543,34.911,0.0011002
3.6435,1330.9,381.07,667.75,0.013049,1717.7,548.33,-2.94E-05,0.88486,2.0805,34.798,-2.87E-04
3.6935,1349.8,376.61,661.82,0.013365,1745,544.21,-2.93E-05,2.1171,8.74E-01,34.685,5.98E-04
3.7435,1368.6,372.21,655.99,0.013687,1772.2,540.16,-2.95E-05,0,0,34.57,8.98E-04
3.7935,1387.1,367.87,650.25,0.014018,1799.1,536.19,-2.93E-05,1.1951,1.9816,34.453,-6.50E-05
3.8435,1405.3,363.59,644.61,0.014312,1825.8,532.29,-2.92E-05,2.17E+00,0.90994,34.336,0.0012487
3.8935,1423.4,359.37,639.07,0.014644,1852.3,528.45,-2.91E-05,1.738,-1.66E+00,34.219,7.38E-04
3.9435,1441.3,355.21,633.62,0.014959,1878.6,524.68,-2.94E-05,0,0,34.099,-1.05E-04
3.9935,1458.9,351.11,628.25,0.015224,1904.8,520.98,-2.94E-05,2.0913,1.2076,33.977,2.13E-04
4.0435,1476.4,347.05,622.97,0.015465,1930.7,517.34,-2.96E-05,2.2761,-0.9583,33.856,7.77E-04
4.0935,1493.6,343.06,617.77,0.015723,1956.5,513.77,-2.97E-05,0,0.00E+00,33.733,4.85E-04
4.1435,1510.7,339.11,612.66,0.015978,1982.1,510.25,-2.96E-05,2.413,0.59221,33.608,1.17E-04
4.1935,1527.6,335.21,607.62,0.016212,2007.5,506.79,-2.97E-05,2.2655,-1.1049,33.482,4.77E-04
4.2435,1544.2,331.36,602.66,0.01645,2032.8,503.39,-2.96E-05,1.5138,2.0693,33.356,0.0013638
4.2935,1560.7,327.56,597.78,0.016731,2057.9,500.05,-2.96E-05,0,0,33.229,3.88E-04
4.3435,1577,323.8,592.97,0.016995,2082.8,496.75,-2.95E-05,0.73234,-2.4734,33.098,-2.50E-05
4.3935,1593.1,320.09,588.23,0.017218,2107.5,493.52,-2.93E-05,2.031,1.6411,32.968,6.97E-04
4.4435,1609,316.42,583.56,0.017451,2132.1,490.33,-2.92E-05,2.5366,0.82216,32.836,0.0017317
4.4935,1624.7,312.8,578.97,0.017736,2156.6,487.19,-2.92E-05,0.51775,-2.62E+00,32.704,5.57E-04
4.5435,1640.3,309.22,574.43,0.018007,2180.9,484.1,-2.93E-05,2.2484,-1.4544,32.57,-9.26E-04
4.5935,1655.6,305.68,569.97,0.018198,2205,481.06,-2.94E-05,2.6103,-8.36E-01,32.434,3.39E-04
4.6435,1670.8,302.18,565.56,0.018397,2229,478.07,-2.97E-05,0.00E+00,0,32.296,0.0014339
4.6935,1685.9,298.71,561.22,0.01864,2252.8,475.12,-2.98E-05,2.2936,1.514,32.158,1.27E-04
4.7435,1700.7,295.29,556.94,0.018857,2276.5,472.22,-2.99E-05,2.6262,-0.95669,32.02,-1.14E-04
4.7935,1715.4,291.9,552.72,0.019051,2300,469.36,-2.99E-05,2.6105,-1.1262,31.879,0.0012385
4.8435,1729.9,288.55,548.56,0.019281,2323.4,466.54,-3.00E-05,0,0,31.736,8.80E-04
4.8935,1744.2,285.23,544.46,0.01952,2346.7,463.77,-2.99E-05,2.1798,1.8704,31.593,5.68E-05
4.9435,1758.4,281.95,540.41,0.019741,2369.8,461.03,-2.99E-05,2.8594,0.4447,31.448,1.17E-04
4.9935,1772.4,278.7,536.42,0.019942,2392.8,458.34,-2.98E-05,2.7466,1.0889,31.303,0.0015119
5.0435,1786.3,275.48,532.48,0.020184,2415.6,455.68,-2.98E-05,0,0,31.156,0.0021758
5.0935,1800,272.3,528.59,0.020488,2438.3,453.06,-2.98E-05,2.6409,-1.3417,31.007,9.78E-04
5.1435,1813.5,269.14,524.76,0.0208,2460.9,450.48,-2.97E-05,2.6205,1.4976,30.856,-3.08E-04
5.1935,1826.9,266.02,520.97,0.02107,2483.4,447.93,-2.99E-05,2.245,2.0592,30.706,2.45E-04
5.2435,1840.1,262.93,517.24,0.021331,2505.7,445.42,-3.00E-05,2.9528,-0.81941,30.555,0.0016082
5.2935,1853.2,259.87,513.55,0.021626,2527.9,442.94,-3.01E-05,2.3632,-1.9589,30.401,0.0017699
5.3435,1866.1,256.84,509.91,0.021952,2550,440.5,-3.02E-05,3.0759,-0.56888,30.244,7.72E-04
5.3935,1878.9,253.83,506.32,0.022269,2572,438.09,-3.02E-05,1.4629,2.7981,30.088,5.86E-04
5.4435,1891.5,250.85,502.77,0.022579,2593.8,435.72,-3.02E-05,0,0,29.931,0.0012046
5.4935,1904,247.9,499.27,0.022902,2615.6,433.37,-3.01E-05,2.9887,-1.13E+00,29.772,0.0010196
5.5435,1916.3,244.98,495.81,0.023227,2637.2,431.06,-3.01E-05,3.0229,-1.1495,29.611,6.33E-04
5.5935,1928.5,242.08,492.39,0.023537,2658.7,428.78,-3.01E-05,3.2413,0.34154,29.449,3.43E-04
5.6435,1940.5,239.2,489.02,0.02383,2680,426.52,-3.02E-05,2.3978,2.2333,29.285,2.96E-04
5.6935,1952.4,236.36,485.69,0.024105,2701.3,424.3,-3.02E-05,3.1776,0.88907,29.121,5.16E-04
5.7435,1964.1,233.53,482.4,0.02437,2722.5,422.1,-3.03E-05,3.0507,-1.37E+00,28.955,7.26E-04
5.7935,1975.7,230.73,479.15,0.024633,2743.5,419.94,-3.02E-05,2.1085,-2.6418,28.788,9.12E-04
5.8435,1987.2,227.96,475.94,0.024907,2764.5,417.8,-3.03E-05,0,0.00E+00,28.618,6.78E-04
5.8935,1998.5,225.2,472.77,0.025175,2785.3,415.69,-3.03E-05,1.1541,3.2269,28.447,4.24E-05
5.9435,2009.7,222.47,469.64,0.025416,2806,413.6,-3.03E-05,2.8444,1.9275,28.276,2.49E-06
5.9935,2020.8,219.76,466.54,0.025634,2826.7,411.54,-3.03E-05,3.4353,-3.99E-01,28.103,5.80E-04
6.0435,2031.7,217.07,463.48,0.025851,2847.2,409.51,-3.06E-05,3.4471,-0.64489,27.929,0.001348
6.0935,2042.5,214.41,460.46,0.026092,2867.6,407.5,-3.07E-05,3.561,-0.11349,27.753,0.0012584
6.1435,2053.1,211.76,457.47,0.026349,2887.9,405.51,-3.07E-05,2.4595,2.5839,27.575,3.84E-04
6.1935,2063.7,209.14,454.52,0.026595,2908.2,403.55,-3.07E-05,0,0,27.396,2.28E-04
6.2435,2074.1,206.53,451.61,0.026822,2928.3,401.61,-3.07E-05,3.3475,-1.35E+00,27.216,5.72E-04
6.2935,2084.3,203.95,448.72,0.027044,2948.3,399.7,-3.07E-05,3.2762,-1.59E+00,27.034,7.08E-04
6.3435,2094.5,201.38,445.88,0.027266,2968.3,397.81,-3.07E-05,3.6443,-0.46896,26.851,8.07E-04
6.3935,2104.5,198.83,443.06,0.027492,2988.1,395.94,-3.07E-05,3.6433,0.72639,26.666,9.93E-04
6.4435,2114.3,196.3,440.28,0.02773,3007.9,394.09,-3.07E-05,3.6019,1.08E+00,26.48,7.37E-04
6.4935,2124.1,193.79,437.53,0.027969,3027.5,392.27,-3.08E-05,0,0.00E+00,26.292,8.45E-04
6.5435,2133.7,191.3,434.81,0.028213,3047.1,390.46,-3.07E-05,1.2206,-3.5858,26.103,9.81E-04
6.5935,2143.2,188.83,432.12,0.028462,3066.6,388.68,-3.08E-05,3.734,-0.76551,25.913,5.18E-04
6.6435,2152.6,186.37,429.46,0.028703,3086,386.91,-3.09E-05,3.6583,1.1861,25.72,2.63E-04
6.6935,2161.9,183.93,426.83,0.028931,3105.3,385.17,-3.08E-05,3.5341,1.6538,25.526,8.10E-04
6.7435,2171,181.5,424.23,0.029163,3124.5,383.45,-3.09E-05,3.521,1.7692,25.331,9.58E-04
6.7935,2180,179.09,421.67,0.029402,3143.6,381.74,-3.08E-05,0,0,25.135,9.11E-04
6.8435,2188.9,176.7,419.13,0.029646,3162.7,380.06,-3.09E-05,1.364,-3.731,24.937,9.75E-04
6.8935,2197.7,174.32,416.62,0.029894,3181.6,378.39,-3.08E-05,3.6078,-1.7056,24.736,8.51E-04
6.9435,2206.3,171.96,414.13,0.030146,3200.5,376.74,-3.07E-05,3.8959,1.0626,24.535,7.01E-04
6.9935,2214.9,169.62,411.68,0.030395,3219.3,375.11,-3.07E-05,3.5197,2.06E+00,24.333,8.52E-04
7.0435,2223.3,167.29,409.25,0.030646,3238,373.5,-3.06E-05,3.7501,1.7021,24.129,0.0010749
7.0935,2231.6,164.97,406.85,0.030905,3256.6,371.9,-3.06E-05,2.9964,-2.85E+00,23.924,9.39E-04
7.1435,2239.8,162.67,404.48,0.031167,3275.2,370.32,-3.06E-05,2.1955,-3.5342,23.716,4.99E-04
7.1935,2247.9,160.38,402.13,0.03142,3293.7,368.76,-3.06E-05,3.5979,-2.1452,23.507,3.66E-04
7.2435,2255.8,158.11,399.81,0.031663,3312.1,367.22,-3.07E-05,3.7852,1.8487,23.296,5.48E-04
7.2935,2263.7,155.85,397.51,0.0319,3330.4,365.69,-3.06E-05,3.3396,2.6383,23.084,0.0011596
7.3435,2271.4,153.6,395.24,0.032147,3348.6,364.17,-3.07E-05,3.9373,1.7297,22.87,0.0016707
7.3935,2279,151.37,393,0.032415,3366.8,362.68,-3.07E-05,4.0508,-1.4983,22.656,0.0011975
7.4435,2286.6,149.15,390.78,0.032688,3384.9,361.2,-3.08E-05,3.3758,-2.7435,22.439,9.33E-05
7.4935,2294,146.94,388.58,0.032941,3402.9,359.73,-3.08E-05,4.1139,-1.4933,22.221,-4.24E-04
7.5435,2301.2,144.75,386.41,0.033163,3420.9,358.28,-3.07E-05,4.2689,1.1522,22.001,3.83E-04
7.5935,2308.4,142.56,384.26,0.033378,3438.8,356.84,-3.07E-05,3.4077,2.8723,21.779,0.0013398
7.6435,2315.5,140.39,382.14,0.033608,3456.6,355.42,-3.07E-05,3.6856,2.5436,21.556,0.0015362
7.6935,2322.5,138.24,380.04,0.033857,3474.3,354.01,-3.07E-05,4.2712,-1.4055,21.332,0.0012633
7.7435,2329.3,136.09,377.96,0.034115,3492,352.61,-3.06E-05,3.8426,-2.4175,21.106,6.61E-04
7.7935,2336.1,133.96,375.91,0.03437,3509.6,351.23,-3.06E-05,4.1119,-1.9996,20.878,4.83E-04
7.8435,2342.7,131.83,373.88,0.034616,3527.1,349.87,-3.06E-05,4.594,-3.78E-01,20.649,7.57E-04
7.8935,2349.3,129.72,371.87,0.034862,3544.5,348.51,-3.06E-05,4.0949,2.17E+00,20.418,9.39E-04
7.9435,2355.7,127.62,369.88,0.035108,3561.9,347.17,-3.05E-05,3.4779,3.1266,20.185,9.79E-04
7.9935,2362,125.53,367.92,0.035357,3579.3,345.84,-3.05E-05,4.2565,1.9998,19.951,6.34E-04
8.0435,2368.2,123.45,365.98,0.0356,3596.5,344.53,-3.05E-05,4.2412,-2.0818,19.715,4.28E-04
8.0935,2374.4,121.38,364.06,0.035832,3613.7,343.23,-3.04E-05,3.7074,-2.9729,19.479,4.21E-04
8.1435,2380.4,119.32,362.16,0.036056,3630.8,341.93,-3.04E-05,4.1251,-2.45E+00,19.241,5.16E-04
8.1935,2386.3,117.28,360.28,0.036274,3647.9,340.66,-3.04E-05,4.8021,-5.01E-01,19,5.07E-04
8.2435,2392.1,115.24,358.42,0.036486,3664.9,339.39,-3.04E-05,4.4315,1.98E+00,18.757,6.69E-04
8.2935,2397.8,113.21,356.58,0.036696,3681.9,338.13,-3.04E-05,4.0219,2.80E+00,18.513,7.75E-04
8.3435,2403.4,111.19,354.77,0.036907,3698.7,336.89,-3.04E-05,4.2879,2.44E+00,18.267,6.91E-04
8.3935,2408.9,109.18,352.97,0.037116,3715.5,335.66,-3.03E-05,4.9473,-1.83E-01,18.021,8.57E-04
8.4435,2414.4,107.18,351.2,0.037329,3732.3,334.44,-3.04E-05,4.5728,-1.9768,17.773,0.0010929
8.4935,2419.7,105.2,349.44,0.03755,3749,333.23,-3.04E-05,4.5499,-2.128,17.523,0.0013737
8.5435,2424.9,103.22,347.7,0.037784,3765.6,332.03,-3.03E-05,4.9629,-0.95427,17.271,0.0014467
8.5935,2430,101.24,345.99,0.03803,3782.2,330.84,-3.03E-05,4.9992,0.88705,17.017,0.0011791
8.596,2430.2,101.15,345.9,0.038042,3783,330.78,-3.03E-05,4.9908,0.94187,17.004,0.0011666
8.5997,2430.6,101,345.77,0.038061,3784.3,330.7,-3.03E-05,4.9778,1.0208,16.985,0.001147
8.6054,2431.2,100.78,345.58,0.038089,3786.1,330.56,-3.03E-05,4.9588,1.1276,16.957,0.0011147
8.6138,2432,100.45,345.3,0.038132,3788.9,330.36,-3.03E-05,4.9304,1.2714,16.914,0.0010554
8.6265,2433.3,99.949,344.87,0.038196,3793.1,330.07,-3.03E-05,4.8982,1.42E+00,16.849,9.45E-04
8.6454,2435.2,99.205,344.22,0.038292,3799.3,329.62,-3.03E-05,4.8769,1.53E+00,16.752,7.63E-04
8.6739,2438,98.092,343.27,0.038434,3808.7,328.95,-3.04E-05,4.9191,1.4585,16.607,4.89E-04
8.7166,2442.2,96.427,341.84,0.038642,3822.8,327.96,-3.03E-05,5.0863,0.89434,16.387,2.77E-05
8.7666,2446.9,94.486,340.19,0.038868,3839.1,326.81,-3.03E-05,5.1894,-0.38974,16.128,-1.65E-04
8.8166,2451.6,92.554,338.56,0.039074,3855.4,325.67,-3.03E-05,4.5139,-2.6569,15.867,1.81E-04
8.8666,2456.2,90.63,336.95,0.039269,3871.7,324.53,-3.04E-05,3.5953,-3.8439,15.605,0.001175
8.9166,2460.7,88.714,335.36,0.039475,3887.9,323.41,-3.03E-05,4.2638,-3.1186,15.342,0.0020097
8.9666,2465.1,86.807,333.78,0.039705,3904,322.3,-3.03E-05,5.3021,-0.28949,15.077,0.0021114
9.0166,2469.3,84.908,332.23,0.03996,3920.1,321.19,-3.03E-05,5.0883,1.6071,14.81,0.0013765
9.0666,2473.5,83.016,330.69,0.040223,3936.1,320.1,-3.03E-05,4.9092,2.201,14.542,4.69E-04
9.1166,2477.7,81.133,329.17,0.040476,3952.1,319.01,-3.03E-05,5.0118,2.0779,14.272,7.10E-05
9.1666,2481.7,79.257,327.67,0.040712,3968.1,317.94,-3.02E-05,5.3095,1.3033,14,3.22E-04
9.2166,2485.6,77.389,326.18,0.040938,3983.9,316.87,-3.02E-05,5.3208,-1.3412,13.727,0.0011614
9.2666,2489.4,75.528,324.72,0.04117,3999.7,315.81,-3.02E-05,4.3868,-3.3273,13.453,0.0017595
9.3166,2493.1,73.675,323.27,0.041419,4015.5,314.76,-3.03E-05,4.2047,-3.6025,13.177,0.0019073
9.3666,2496.8,71.829,321.84,0.041685,4031.2,313.72,-3.03E-05,4.9583,-2.5236,12.899,0.0015371
9.4166,2500.3,69.99,320.42,0.04196,4046.9,312.68,-3.03E-05,5.5799,-0.41043,12.62,6.31E-04
9.4666,2503.8,68.158,319.02,0.042226,4062.5,311.66,-3.03E-05,5.4539,1.3757,12.339,-2.47E-04
9.5166,2507.1,66.334,317.65,0.04247,4078,310.64,-3.03E-05,5.1434,2.3896,12.057,-5.22E-04
9.5666,2510.4,64.516,316.28,0.042686,4093.5,309.63,-3.02E-05,4.9459,2.8341,11.773,-1.37E-04
9.6166,2513.6,62.705,314.94,0.042885,4109,308.63,-3.02E-05,5.3425,2.07E+00,11.488,5.35E-04
9.6666,2516.7,60.901,313.61,0.043078,4124.4,307.64,-3.03E-05,5.7546,0.089376,11.201,0.0012113
9.7166,2519.7,59.104,312.29,0.04328,4139.8,306.65,-3.03E-05,5.5851,-1.4782,10.912,0.0017931
9.7666,2522.6,57.313,311,0.043501,4155.1,305.67,-3.03E-05,5.5542,-1.6784,10.622,0.0021759
9.8166,2525.4,55.528,309.72,0.043745,4170.3,304.7,-3.03E-05,5.6852,-1.3341,10.33,0.0020358
9.8666,2528.1,53.75,308.46,0.044007,4185.5,303.74,-3.03E-05,5.8001,-0.92592,10.038,0.001334
9.9166,2530.8,51.978,307.21,0.044274,4200.7,302.78,-3.03E-05,5.9078,-0.073743,9.7439,4.00E-04
9.9666,2533.3,50.213,305.98,0.04453,4215.8,301.83,-3.03E-05,5.8136,1.1948,9.4487,-3.72E-04
10.017,2535.8,48.454,304.76,0.044762,4230.9,300.89,-3.03E-05,5.5385,2.2039,9.1516,-6.87E-04
10.067,2538.2,46.701,303.56,0.044967,4245.9,299.95,-3.02E-05,5.4931,2.3732,8.8525,-4.43E-04
10.117,2540.5,44.954,302.38,0.045151,4260.9,299.02,-3.02E-05,5.6996,1.89,8.552,3.10E-04
10.167,2542.7,43.213,301.22,0.045327,4275.8,298.1,-3.02E-05,5.943,1.0442,8.2505,0.0010467
10.217,2544.8,41.477,300.06,0.04551,4290.7,297.18,-3.02E-05,6.07,0.088224,7.948,0.0016927
10.267,2546.8,39.748,298.93,0.045708,4305.5,296.27,-3.02E-05,6.035,-0.87754,7.6445,0.0018056
10.317,2548.8,38.025,297.81,0.045922,4320.3,295.37,-3.02E-05,5.9577,-1.4322,7.3394,0.0013866
10.367,2550.6,36.307,296.7,0.046145,4335.1,294.47,-3.02E-05,5.9937,-1.43E+00,7.0325,8.67E-04
10.417,2552.4,34.595,295.61,0.046367,4349.8,293.58,-3.02E-05,6.1274,-0.81389,6.7238,4.19E-04
10.467,2554.1,32.888,294.54,0.046581,4364.4,292.7,-3.02E-05,6.2061,-0.11469,6.4138,2.22E-04
10.517,2555.7,31.187,293.48,0.046785,4379,291.82,-3.02E-05,6.2081,0.47827,6.1027,2.76E-04
10.567,2557.2,29.491,292.44,0.04698,4393.6,290.95,-3.02E-05,6.1803,0.93776,5.7907,4.91E-04
10.617,2558.6,27.801,291.41,0.04717,4408.1,290.08,-3.02E-05,6.2102,9.25E-01,5.4776,6.78E-04
10.667,2560,26.116,290.4,0.047358,4422.6,289.22,-3.02E-05,6.2751,6.86E-01,5.1633,9.42E-04
10.717,2561.2,24.436,289.4,0.047548,4437.1,288.36,-3.02E-05,6.334,0.20186,4.8474,0.0012108
10.767,2562.4,22.762,288.41,0.047745,4451.5,287.51,-3.02E-05,6.3526,-0.3592,4.53,0.0013911
10.817,2563.5,21.092,287.45,0.04795,4465.8,286.67,-3.03E-05,6.3596,-0.54161,4.2112,0.0014875
10.867,2564.5,19.428,286.49,0.048166,4480.1,285.83,-3.03E-05,6.3824,-0.52025,3.8913,0.0014608
10.917,2565.5,17.769,285.55,0.048391,4494.4,285,-3.03E-05,6.408,-0.45636,3.5704,0.0012177
10.967,2566.3,16.114,284.63,0.04862,4508.6,284.17,-3.03E-05,6.4512,-0.18034,3.2486,6.64E-04
11.017,2567.1,14.465,283.72,0.048844,4522.8,283.35,-3.03E-05,6.4718,0.19777,2.9258,1.32E-04
11.067,2567.8,12.821,282.82,0.049056,4537,282.53,-3.02E-05,6.4554,0.72111,2.6017,-2.12E-04
11.117,2568.4,11.181,281.94,0.049251,4551.1,281.72,-3.03E-05,6.3888,1.305,2.2762,-2.18E-04
11.167,2568.9,9.5468,281.07,0.04943,4565.1,280.91,-3.02E-05,6.3848,1.4109,1.9496,6.94E-05
11.217,2569.3,7.9168,280.22,0.049599,4579.2,280.1,-3.02E-05,6.4726,1.10E+00,1.622,6.88E-04
11.267,2569.7,6.2915,279.38,0.049767,4593.1,279.31,-3.02E-05,6.5565,0.57345,1.2934,0.0014085
11.317,2569.9,4.6709,278.55,0.049945,4607.1,278.51,-3.02E-05,6.5997,0.16271,0.96365,0.0019858
11.367,2570.1,3.0549,277.74,0.050142,4621,277.72,-3.02E-05,6.6191,-0.16343,0.63296,0.0024159
11.417,2570.2,1.4434,276.94,0.050361,4634.9,276.94,-3.02E-05,6.6252,-0.43924,0.30104,0.0025461
11.467,2570.3,-0.16366,276.16,0.050604,4648.7,276.16,-3.02E-05,6.6566,-0.13732,-0.032012,0.0023955
11.517,2570.2,-1.7664,275.39,0.050867,4662.5,275.38,-3.02E-05,6.6747,0.32264,-0.36592,0.0020497
11.567,2570.1,-3.3646,274.63,0.051143,4676.2,274.61,-3.02E-05,6.6723,0.60852,-0.70028,0.0017254
11.617,2569.9,-4.9583,273.89,0.051427,4689.9,273.84,-3.02E-05,6.6676,0.79742,-1.0349,0.0015339
11.667,2569.6,-6.5474,273.16,0.051715,4703.6,273.08,-3.02E-05,6.6576,1.00E+00,-1.3702,0.0013473
11.717,2569.2,-8.1318,272.45,0.052004,4717.2,272.32,-3.02E-05,6.6519,1.14E+00,-1.7064,0.0010623
11.767,2568.8,-9.7117,271.74,0.05229,4730.8,271.57,-3.02E-05,6.6552,1.2259,-2.0438,9.08E-04
11.817,2568.3,-11.287,271.05,0.052572,4744.4,270.82,-3.02E-05,6.7013,1.05E+00,-2.3826,0.0010207
11.867,2567.7,-12.859,270.38,0.05285,4757.9,270.07,-3.02E-05,6.7582,7.80E-01,-2.7226,0.0012357
11.917,2567,-14.426,269.72,0.053128,4771.4,269.33,-3.02E-05,6.7982,0.42305,-3.0635,0.0014314
11.967,2566.2,-15.99,269.07,0.053408,4784.9,268.59,-3.02E-05,6.8172,-0.20754,-3.4048,0.0014586
12.017,2565.4,-17.549,268.43,0.053691,4798.3,267.86,-3.02E-05,6.7842,-0.77032,-3.7464,0.0014113
12.067,2564.5,-19.105,267.81,0.053976,4811.6,267.13,-3.02E-05,6.7168,-1.32E+00,-4.0882,0.0011981
12.117,2563.5,-20.656,267.2,0.054259,4825,266.4,-3.02E-05,6.6575,-1.6774,-4.4306,9.62E-04
12.167,2562.4,-22.202,266.6,0.054538,4838.3,265.68,-3.02E-05,6.6329,-1.8336,-4.7737,7.72E-04
12.217,2561.3,-23.745,266.02,0.054811,4851.5,264.96,-3.02E-05,6.7275,-1.5112,-5.1178,6.96E-04
12.267,2560,-25.284,265.45,0.055076,4864.8,264.24,-3.02E-05,6.8495,-0.87266,-5.4628,6.08E-04
12.317,2558.7,-26.818,264.89,0.055333,4878,263.53,-3.02E-05,6.9054,-0.35778,-5.8082,5.02E-04
12.367,2557.3,-28.349,264.34,0.055581,4891.1,262.82,-3.02E-05,6.9194,0.033557,-6.1542,4.46E-04
12.417,2555.9,-29.876,263.81,0.055821,4904.3,262.11,-3.02E-05,6.9173,0.056494,-6.5007,4.41E-04
12.467,2554.4,-31.399,263.29,0.056051,4917.3,261.41,-3.02E-05,6.9276,-0.036592,-6.8475,2.60E-04
12.517,2552.8,-32.919,262.78,0.056271,4930.4,260.71,-3.02E-05,6.9404,0.035554,-7.1946,-1.07E-04
12.567,2551.1,-34.434,262.28,0.056476,4943.4,260.01,-3.02E-05,6.9571,0.0077895,-7.5422,-5.16E-04
12.617,2549.3,-35.946,261.8,0.05666,4956.4,259.32,-3.03E-05,6.9695,-0.11226,-7.8903,-9.20E-04
12.667,2547.5,-37.454,261.33,0.056822,4969.3,258.63,-3.03E-05,6.9707,-0.23839,-8.2393,-0.0013123
12.717,2545.6,-38.958,260.87,0.056957,4982.3,257.94,-3.03E-05,6.9713,-0.23359,-8.5892,-0.001286
12.767,2543.6,-40.459,260.42,0.057068,4995.1,257.26,-3.03E-05,6.9713,-0.29242,-8.9394,-7.19E-05
12.817,2541.5,-41.956,259.99,0.057173,5008,256.58,-3.03E-05,6.9689,-0.34448,-9.2881,0.0016906
12.867,2539.4,-43.449,259.56,0.057292,5020.8,255.9,-3.03E-05,6.9531,-0.65463,-9.6361,0.0026325
12.917,2537.2,-44.938,259.15,0.057436,5033.6,255.23,-3.03E-05,6.8565,-1.3515,-9.9848,0.0028258
12.967,2534.9,-46.423,258.75,0.057608,5046.3,254.55,-3.03E-05,6.6669,-2.1217,-10.335,0.002419
13.017,2532.5,-47.905,258.36,0.057801,5059,253.88,-3.03E-05,6.2806,-3.1076,-10.686,0.0017021
13.067,2530.1,-49.383,257.99,0.058003,5071.7,253.22,-3.03E-05,5.2057,-4.7029,-11.037,5.32E-04
13.117,2527.6,-50.857,257.62,0.0582,5084.4,252.55,-3.03E-05,1.8847,-6.7726,-11.386,-2.91E-04
13.167,2525,-52.328,257.27,0.058383,5097,251.89,-3.03E-05,-4.6273,-5.3079,-11.736,-2.71E-05
13.217,2522.4,-53.795,256.93,0.058555,5109.5,251.23,-3.03E-05,-7.0086,0.053618,-12.086,8.35E-04
13.267,2519.6,-55.258,256.6,0.058726,5122.1,250.57,-3.03E-05,-5.2096,4.6359,-12.436,0.0015438
13.317,2516.8,-56.718,256.28,0.058907,5134.6,249.92,-3.03E-05,-0.058723,6.9817,-12.786,0.0018621
13.367,2514,-58.174,255.97,0.0591,5147.1,249.27,-3.03E-05,3.2306,6.213,-13.137,0.0016087
13.417,2511,-59.627,255.67,0.0593,5159.5,248.62,-3.03E-05,0,0,-13.488,6.12E-04
13.467,2508,-61.076,255.38,0.059496,5171.9,247.97,-3.03E-05,-1.6845,-6.8024,-13.837,1.18E-05
13.517,2504.9,-62.521,255.11,0.059681,5184.3,247.33,-3.03E-05,-4.6122,-5.285,-14.186,2.51E-04
13.567,2501.7,-63.962,254.84,0.059859,5196.7,246.69,-3.04E-05,-6.8767,-1.2718,-14.536,8.63E-04
13.617,2498.5,-65.4,254.59,0.060037,5209,246.05,-3.04E-05,-5.4702,4.2998,-14.885,0.0012944
13.667,2495.2,-66.835,254.35,0.060219,5221.3,245.41,-3.04E-05,0.41889,6.9608,-15.235,0.0015763
13.717,2491.8,-68.266,254.12,0.06041,5233.5,244.77,-3.04E-05,-1.4563,6.8383,-15.584,0.0011476
13.767,2488.4,-69.693,253.89,0.060602,5245.8,244.14,-3.04E-05,-6.9313,0.83692,-15.933,2.59E-04
13.817,2484.9,-71.117,253.68,0.060788,5257.9,243.51,-3.04E-05,-6.2568,-3.0381,-16.281,1.39E-04
13.867,2481.3,-72.537,253.48,0.060964,5270.1,242.88,-3.04E-05,0,0,-16.629,7.21E-04
13.917,2477.6,-73.954,253.29,0.061139,5282.2,242.25,-3.04E-05,0,0,-16.977,0.0014502
13.967,2473.9,-75.367,253.11,0.06132,5294.3,241.63,-3.04E-05,0,0,-17.324,0.0014503
14.017,2470.1,-76.777,252.94,0.061507,5306.4,241.01,-3.04E-05,0,0,-17.671,6.45E-04
14.067,2466.2,-78.183,252.78,0.06169,5318.4,240.38,-3.04E-05,-6.10E+00,3.2855,-18.017,6.91E-05
14.117,2462.3,-79.586,252.63,0.061863,5330.4,239.77,-3.04E-05,-6.9039,0.30733,-18.363,-1.30E-04
14.167,2458.2,-80.985,252.49,0.062026,5342.4,239.15,-3.04E-05,0,0,-18.709,3.99E-04
14.217,2454.2,-82.381,252.36,0.062185,5354.4,238.53,-3.04E-05,0,0,-19.055,0.0015389
14.267,2450,-83.773,252.24,0.062351,5366.3,237.92,-3.04E-05,0,0,-19.399,0.0018937
14.317,2445.8,-85.162,252.13,0.062529,5378.1,237.31,-3.04E-05,-6.8321,0.76084,-19.742,9.72E-04
14.367,2441.5,-86.547,252.02,0.062708,5390,236.7,-3.04E-05,-6.4567,2.2764,-20.085,-2.44E-04
14.417,2437.1,-87.929,251.93,0.062874,5401.8,236.09,-3.04E-05,0,0,-20.428,-9.68E-04
14.467,2432.7,-89.307,251.85,0.06302,5413.6,235.48,-3.04E-05,0,0,-20.771,-3.46E-04
14.517,2428.2,-90.682,251.78,0.063155,5425.4,234.88,-3.04E-05,-6.1942,-2.8848,-21.113,0.0012694
14.567,2423.6,-92.054,251.71,0.063296,5437.1,234.27,-3.04E-05,-6.7598,0.79632,-21.453,0.0022367
14.617,2419,-93.421,251.66,0.063453,5448.8,233.67,-3.04E-05,-5.9952,3.1657,-21.792,0.0020143
14.667,2414.3,-94.785,251.61,0.063623,5460.5,233.07,-3.03E-05,0,0,-22.131,9.30E-04
14.717,2409.5,-96.146,251.57,0.063793,5472.1,232.47,-3.03E-05,0,0,-22.47,-1.35E-04
14.767,2404.7,-97.503,251.54,0.063952,5483.7,231.88,-3.03E-05,-6.0983,-2.9099,-22.808,-6.73E-05
14.817,2399.8,-98.857,251.52,0.064103,5495.3,231.28,-3.04E-05,-6.6788,-0.84995,-23.145,8.76E-04
14.867,2394.8,-100.21,251.51,0.064255,5506.8,230.69,-3.04E-05,-6.4043,1.9857,-23.481,0.0016961
14.917,2389.7,-101.55,251.51,0.064416,5518.4,230.1,-3.04E-05,-5.975,3.001,-23.815,0.0015468
14.967,2384.6,-102.9,251.52,0.064584,5529.8,229.5,-3.04E-05,0,0,-24.15,5.24E-04
15.017,2379.4,-104.24,251.53,0.064749,5541.3,228.91,-3.04E-05,-4.8391,-4.583,-24.484,-5.03E-05
15.067,2374.2,-105.57,251.55,0.064904,5552.7,228.33,-3.04E-05,-6.588,-0.87631,-24.816,3.33E-04
15.117,2368.9,-106.91,251.58,0.065054,5564.1,227.74,-3.04E-05,-6.0094,2.7829,-25.148,0.0011935
15.167,2363.5,-108.24,251.62,0.065208,5575.5,227.15,-3.04E-05,-5.9965,2.7595,-25.478,0.0015393
15.217,2358.1,-109.56,251.67,0.06537,5586.9,226.57,-3.04E-05,-6.5298,-0.76816,-25.808,9.01E-04
15.267,2352.6,-110.88,251.72,0.065532,5598.2,225.99,-3.04E-05,-4.3192,-4.9379,-26.137,1.24E-04
15.317,2347,-112.2,251.79,0.065687,5609.4,225.4,-3.04E-05,-5.671,-3.2865,-26.465,3.01E-04
15.367,2341.3,-113.52,251.86,0.065837,5620.7,224.82,-3.04E-05,-6.3435,1.5323,-26.791,9.42E-04
15.417,2335.6,-114.83,251.93,0.065988,5631.9,224.24,-3.04E-05,-5.8093,2.9255,-27.116,0.0012326
15.467,2329.9,-116.14,252.02,0.066143,5643.1,223.67,-3.04E-05,-6.3075,1.4777,-27.441,0.0011591
15.517,2324,-117.44,252.11,0.066301,5654.3,223.09,-3.04E-05,-6.2861,-1.4533,-27.765,7.28E-04
15.567,2318.1,-118.74,252.21,0.066459,5665.4,222.51,-3.04E-05,-5.4904,-3.3427,-28.088,4.71E-04
15.617,2312.1,-120.04,252.32,0.066612,5676.5,221.94,-3.04E-05,0,0,-28.409,5.81E-04
15.667,2306.1,-121.33,252.44,0.066763,5687.6,221.36,-3.05E-05,-5.9047,2.47E+00,-28.729,8.26E-04
15.717,2300,-122.63,252.56,0.066914,5698.7,220.79,-3.05E-05,-6.0723,1.9483,-29.048,8.42E-04
15.767,2293.8,-123.91,252.69,0.067065,5709.7,220.22,-3.05E-05,-6.3453,-0.20831,-29.366,6.44E-04
15.817,2287.6,-125.2,252.82,0.067214,5720.7,219.65,-3.05E-05,-6.0623,-1.7748,-29.683,4.27E-04
15.867,2281.3,-126.48,252.97,0.06736,5731.7,219.08,-3.05E-05,-5.9884,-1.93E+00,-29.999,6.89E-04
15.917,2275,-127.75,253.12,0.067504,5742.6,218.51,-3.05E-05,0,0,-30.313,0.0011384
15.967,2268.5,-129.02,253.27,0.067652,5753.5,217.95,-3.05E-05,-6.1804,1.0168,-30.627,0.001263
16.017,2262.1,-130.29,253.44,0.067805,5764.4,217.38,-3.05E-05,-6.2272,-0.31785,-30.938,9.19E-04
16.067,2255.5,-131.56,253.61,0.067957,5775.3,216.81,-3.05E-05,-6.0605,-1.3389,-31.249,2.79E-04
16.117,2248.9,-132.82,253.78,0.068105,5786.1,216.25,-3.05E-05,-6.1017,-0.94622,-31.559,1.56E-04
16.167,2242.2,-134.08,253.96,0.068246,5796.9,215.69,-3.05E-05,-6.0704,9.51E-01,-31.868,8.39E-04
16.217,2235.5,-135.33,254.15,0.068388,5807.7,215.12,-3.05E-05,-5.1487,3.3091,-32.176,0.0015174
16.267,2228.7,-136.58,254.35,0.068536,5818.4,214.56,-3.05E-05,0,0,-32.481,0.0014498
16.317,2221.8,-137.83,254.55,0.06869,5829.1,214,-3.05E-05,-5.9308,-1.38E+00,-32.785,7.74E-04
16.367,2214.9,-139.08,254.75,0.068843,5839.8,213.44,-3.05E-05,-5.6781,-2.1275,-33.088,1.47E-04
16.417,2207.9,-140.32,254.97,0.06899,5850.5,212.88,-3.05E-05,-5.8986,-1.2844,-33.391,2.09E-04
16.467,2200.9,-141.55,255.19,0.06913,5861.1,212.33,-3.05E-05,-5.9971,4.41E-02,-33.692,8.46E-04
16.517,2193.8,-142.79,255.41,0.069271,5871.7,211.77,-3.05E-05,-5.8831,0.9747,-33.992,0.001538
16.567,2186.6,-144.01,255.64,0.069419,5882.3,211.21,-3.05E-05,-5.8869,0.77272,-34.29,0.0016823
16.617,2179.4,-145.24,255.87,0.069575,5892.8,210.66,-3.05E-05,0,0,-34.587,0.0011386
16.667,2172.1,-146.46,256.11,0.069734,5903.3,210.1,-3.05E-05,-5.7653,-1.2772,-34.882,4.63E-04
16.717,2164.7,-147.68,256.36,0.069887,5913.8,209.55,-3.05E-05,-5.8449,-0.65912,-35.175,3.35E-04
16.767,2157.3,-148.9,256.61,0.070036,5924.3,209,-3.05E-05,-5.8503,-0.048088,-35.468,7.52E-04
16.817,2149.8,-150.11,256.87,0.070185,5934.7,208.44,-3.05E-05,-5.787,0.56737,-35.76,0.0012423
16.867,2142.3,-151.31,257.13,0.070337,5945.1,207.89,-3.05E-05,-5.6797,1.0441,-36.05,0.0011102
16.917,2134.7,-152.52,257.39,0.070491,5955.5,207.34,-3.05E-05,-5.6822,0.85655,-36.339,6.58E-04
16.967,2127.1,-153.72,257.67,0.070643,5965.9,206.79,-3.05E-05,0,0,-36.627,4.62E-04
17.017,2119.3,-154.91,257.94,0.070792,5976.2,206.24,-3.05E-05,-5.4029,-1.8627,-36.913,5.26E-04
17.067,2111.6,-156.11,258.22,0.070937,5986.5,205.69,-3.06E-05,-5.6756,-3.91E-01,-37.197,7.86E-04
17.117,2103.7,-157.29,258.51,0.071081,5996.8,205.15,-3.06E-05,-5.6525,0.28152,-37.48,0.001296
17.167,2095.8,-158.48,258.8,0.07123,6007,204.6,-3.05E-05,-5.5825,0.64649,-37.762,0.0013086
17.217,2087.9,-159.66,259.09,0.071384,6017.2,204.05,-3.05E-05,-5.5256,0.81553,-38.042,7.22E-04
17.267,2079.9,-160.84,259.39,0.071535,6027.4,203.51,-3.05E-05,-5.5459,0.3703,-38.322,2.03E-04
17.317,2071.8,-162.01,259.69,0.07168,6037.6,202.96,-3.05E-05,-5.4249,-1.0915,-38.6,3.52E-04
17.367,2063.7,-163.18,260,0.07182,6047.7,202.42,-3.05E-05,-5.3205,-1.45E+00,-38.877,9.74E-04
17.417,2055.5,-164.35,260.31,0.071962,6057.8,201.87,-3.05E-05,-5.4045,-9.49E-01,-39.151,0.0015601
17.467,2047.2,-165.51,260.63,0.072111,6067.9,201.33,-3.05E-05,-5.4623,0.026429,-39.424,0.0015086
17.517,2038.9,-166.67,260.95,0.072266,6077.9,200.79,-3.05E-05,-5.4107,0.47366,-39.696,1.00E-03
17.567,2030.6,-167.82,261.27,0.072422,6088,200.25,-3.05E-05,-5.3848,0.40821,-39.967,5.62E-04
17.617,2022.1,-168.97,261.6,0.072574,6098,199.7,-3.05E-05,-5.3673,0.11383,-40.236,4.51E-04
17.667,2013.7,-170.12,261.93,0.072722,6107.9,199.16,-3.04E-05,-5.295,-0.66078,-40.505,5.97E-04
17.717,2005.1,-171.26,262.26,0.072867,6117.9,198.62,-3.05E-05,-5.0837,-1.51E+00,-40.772,7.42E-04
17.767,1996.5,-172.4,262.6,0.073011,6127.8,198.09,-3.04E-05,-5.0614,-1.51E+00,-41.037,9.58E-04
17.817,1987.9,-173.54,262.95,0.073156,6137.7,197.55,-3.04E-05,-5.2587,0.19241,-41.3,0.0011879
17.867,1979.2,-174.67,263.29,0.073304,6147.6,197.01,-3.04E-05,-5.171,0.83806,-41.562,0.0011342
17.917,1970.4,-175.8,263.64,0.073454,6157.4,196.47,-3.04E-05,-5.1503,0.7764,-41.822,9.64E-04
17.967,1961.6,-176.92,263.99,0.073604,6167.2,195.93,-3.04E-05,-5.119,0.79026,-42.082,6.54E-04
18.017,1952.7,-178.04,264.35,0.073752,6177,195.4,-3.04E-05,-5.1259,0.48605,-42.341,6.25E-04
18.067,1943.8,-179.16,264.71,0.073897,6186.7,194.86,-3.05E-05,-5.1121,2.85E-01,-42.598,8.97E-04
18.117,1934.8,-180.27,265.07,0.074042,6196.5,194.33,-3.05E-05,-5.079,0.31252,-42.854,0.0012375
18.167,1925.8,-181.38,265.43,0.07419,6206.2,193.79,-3.04E-05,-5.057,0.10369,-43.108,0.0013667
18.217,1916.7,-182.48,265.8,0.074343,6215.9,193.26,-3.04E-05,-5.0293,-9.88E-02,-43.36,0.0010341
18.267,1907.5,-183.59,266.17,0.074496,6225.5,192.72,-3.04E-05,-5.0031,-0.088181,-43.61,3.43E-04
18.317,1898.3,-184.68,266.54,0.074643,6235.1,192.19,-3.04E-05,-4.9685,-0.39127,-43.859,2.65E-05
18.367,1889.1,-185.78,266.92,0.074782,6244.7,191.66,-3.04E-05,-4.9151,-0.63085,-44.108,5.97E-04
18.417,1879.7,-186.86,267.3,0.074919,6254.3,191.13,-3.04E-05,-4.9238,-0.27317,-44.356,0.0014066
18.467,1870.4,-187.95,267.68,0.075061,6263.8,190.6,-3.04E-05,-4.8946,0.24611,-44.602,0.0018302
18.517,1860.9,-189.03,268.06,0.075211,6273.4,190.07,-3.04E-05,-4.8578,0.27454,-44.846,0.0018725
18.567,1851.5,-190.11,268.45,0.075371,6282.8,189.54,-3.04E-05,-4.8383,0.00037247,-45.088,0.0012932
18.617,1841.9,-191.18,268.84,0.075533,6292.3,189.01,-3.04E-05,-4.7529,-0.7374,-45.329,5.97E-04
18.667,1832.4,-192.25,269.23,0.075691,6301.7,188.48,-3.04E-05,-4.6113,-1.2823,-45.569,3.12E-04
18.717,1822.7,-193.32,269.62,0.075843,6311.2,187.95,-3.04E-05,-4.7127,-0.6506,-45.808,5.23E-04
18.767,1813,-194.38,270.02,0.07599,6320.5,187.42,-3.04E-05,-4.6626,0.81264,-46.045,0.0011145
18.817,1803.3,-195.44,270.42,0.076139,6329.9,186.89,-3.04E-05,-4.5815,1.0634,-46.282,0.0014946
18.867,1793.5,-196.49,270.81,0.076294,6339.2,186.37,-3.04E-05,-4.6558,0.40668,-46.517,0.0013165
18.917,1783.6,-197.54,271.22,0.076451,6348.5,185.84,-3.04E-05,-4.6059,-6.38E-01,-46.75,9.10E-04
18.967,1773.7,-198.58,271.62,0.076607,6357.8,185.31,-3.04E-05,-4.5527,-0.82869,-46.981,4.18E-04
19.017,1763.8,-199.63,272.03,0.076757,6367.1,184.79,-3.04E-05,-4.555,-0.65069,-47.211,4.48E-04
19.067,1753.8,-200.66,272.43,0.076902,6376.3,184.27,-3.05E-05,-4.5452,-0.47738,-47.44,0.001085
19.117,1743.7,-201.7,272.84,0.07705,6385.5,183.74,-3.05E-05,-4.5386,0.0091163,-47.668,0.0018964
19.167,1733.6,-202.73,273.25,0.077205,6394.7,183.22,-3.05E-05,-4.4758,0.57186,-47.895,0.0021258
19.217,1723.4,-203.75,273.66,0.077371,6403.8,182.69,-3.05E-05,-4.4537,0.56445,-48.121,0.0014571
19.267,1713.2,-204.77,274.08,0.077541,6412.9,182.17,-3.04E-05,-4.4671,0.031478,-48.346,5.90E-04
19.317,1703,-205.79,274.49,0.077705,6422,181.65,-3.05E-05,-4.4114,-0.46925,-48.568,2.81E-05
19.367,1692.6,-206.81,274.91,0.077859,6431.1,181.13,-3.05E-05,-4.3969,-0.38427,-48.789,-4.03E-05
19.417,1682.3,-207.82,275.33,0.078004,6440.1,180.61,-3.05E-05,-4.3902,0.065843,-49.008,7.48E-04
19.467,1671.9,-208.82,275.75,0.078147,6449.2,180.09,-3.05E-05,-4.3368,0.483,-49.226,0.0016206
19.517,1661.4,-209.82,276.17,0.078297,6458.2,179.57,-3.05E-05,-4.2281,0.92871,-49.444,0.0020406
19.567,1650.9,-210.82,276.59,0.078457,6467.1,179.05,-3.05E-05,-4.0895,1.3437,-49.661,0.0015185
19.617,1640.3,-211.81,277.02,0.07862,6476.1,178.53,-3.05E-05,-4.1594,1.0019,-49.877,5.45E-04
19.667,1629.7,-212.8,277.44,0.078778,6485,178.01,-3.05E-05,-4.1651,-0.86368,-50.09,6.69E-05
19.717,1619,-213.79,277.87,0.078927,6493.9,177.49,-3.05E-05,-3.5327,-2.3301,-50.302,1.04E-04
19.767,1608.3,-214.77,278.29,0.079068,6502.7,176.97,-3.04E-05,-3.8117,-1.8046,-50.513,5.70E-04
19.817,1597.6,-215.75,278.72,0.079205,6511.6,176.46,-3.05E-05,-4.1647,-0.45311,-50.721,0.0013335
19.867,1586.7,-216.72,279.15,0.079346,6520.4,175.94,-3.05E-05,-4.1061,0.66428,-50.93,0.0020784
19.917,1575.9,-217.69,279.58,0.079497,6529.2,175.43,-3.05E-05,-4.0019,1.0165,-51.137,0.0020945
19.967,1565,-218.66,280.01,0.079657,6537.9,174.91,-3.05E-05,-4.0337,7.38E-01,-51.344,0.0012038
20.017,1554,-219.62,280.44,0.079818,6546.6,174.4,-3.05E-05,-4.0632,-0.30139,-51.55,3.87E-04
20.067,1543,-220.57,280.87,0.079973,6555.4,173.88,-3.05E-05,-3.5262,-1.996,-51.754,2.69E-04
20.117,1532,-221.53,281.3,0.08012,6564,173.37,-3.05E-05,-3.4963,-2.01E+00,-51.955,8.03E-04
20.167,1520.9,-222.48,281.73,0.080265,6572.7,172.85,-3.05E-05,-4.0179,0.029823,-52.155,0.0015919
20.217,1509.7,-223.42,282.17,0.080415,6581.3,172.34,-3.04E-05,-3.794,1.238,-52.355,0.0020932
20.267,1498.5,-224.36,282.6,0.080575,6589.9,171.83,-3.04E-05,-3.684,1.4472,-52.554,0.0017895
20.317,1487.3,-225.3,283.04,0.080742,6598.5,171.32,-3.04E-05,-3.8528,8.06E-01,-52.752,9.30E-04
20.367,1476,-226.23,283.47,0.080906,6607.1,170.81,-3.04E-05,-3.8754,-0.49332,-52.949,3.76E-04
20.417,1464.6,-227.16,283.91,0.081063,6615.6,170.3,-3.04E-05,-3.4373,-1.81E+00,-53.144,1.70E-04
20.467,1453.3,-228.08,284.34,0.081212,6624.1,169.79,-3.04E-05,-3.5146,-1.6148,-53.337,5.16E-04
20.517,1441.8,-229,284.78,0.081356,6632.6,169.28,-3.04E-05,-3.8485,-0.058792,-53.53,0.0013226
20.567,1430.4,-229.92,285.21,0.081503,6641,168.77,-3.05E-05,-3.6496,1.141,-53.721,0.0018208
20.617,1418.8,-230.83,285.65,0.081657,6649.4,168.26,-3.04E-05,-3.7107,0.8192,-53.912,0.0020816
20.667,1407.3,-231.74,286.09,0.081819,6657.8,167.75,-3.04E-05,-3.7674,-0.19111,-54.102,0.0015746
20.717,1395.7,-232.64,286.52,0.081985,6666.2,167.25,-3.04E-05,-3.4893,-1.3507,-54.29,5.09E-04
20.767,1384,-233.54,286.96,0.082146,6674.6,166.74,-3.04E-05,-3.1178,-2.0301,-54.477,-1.43E-04
20.817,1372.3,-234.44,287.4,0.082294,6682.9,166.23,-3.04E-05,-3.5168,-1.1487,-54.662,5.57E-05
20.867,1360.6,-235.33,287.83,0.082433,6691.2,165.73,-3.04E-05,-3.4785,1.21E+00,-54.847,9.92E-04
20.917,1348.8,-236.22,288.27,0.082573,6699.5,165.22,-3.05E-05,-3.233,1.7455,-55.03,0.0018063
20.967,1337,-237.1,288.7,0.082721,6707.7,164.72,-3.05E-05,-3.488,1.0543,-55.213,0.001906
21.017,1325.1,-237.98,289.14,0.082875,6715.9,164.22,-3.05E-05,-3.6143,9.15E-02,-55.395,0.0012977
21.067,1313.2,-238.86,289.58,0.083031,6724.1,163.71,-3.05E-05,-3.5313,-0.63881,-55.575,4.37E-04
21.117,1301.2,-239.73,290.01,0.083181,6732.3,163.21,-3.05E-05,-3.2265,-1.5044,-55.754,-9.87E-05
21.167,1289.2,-240.6,290.45,0.08332,6740.5,162.71,-3.05E-05,-3.2785,-1.344,-55.932,2.03E-04
21.217,1277.1,-241.46,290.88,0.083452,6748.6,162.21,-3.05E-05,-3.1923,1.50E+00,-56.109,0.0010607
21.267,1265,-242.32,291.32,0.083586,6756.7,161.71,-3.05E-05,-2.6963,2.2662,-56.285,0.001785
21.317,1252.9,-243.17,291.75,0.083726,6764.7,161.21,-3.04E-05,-3.2198,1.3696,-56.46,0.0016941
21.367,1240.7,-244.02,292.19,0.083872,6772.8,160.71,-3.04E-05,-3.4635,0.12195,-56.634,6.57E-04
21.417,1228.5,-244.87,292.62,0.084013,6780.8,160.21,-3.04E-05,-3.243,-1.1212,-56.807,-8.77E-05
21.467,1216.2,-245.71,293.06,0.084146,6788.8,159.71,-3.04E-05,-2.6616,-2.1308,-56.978,-8.59E-05
21.517,1203.9,-246.55,293.49,0.084268,6796.8,159.21,-3.05E-05,-3.0687,-1.4689,-57.149,5.53E-04
21.567,1191.6,-247.39,293.92,0.084389,6804.7,158.71,-3.05E-05,-3.0625,1.4528,-57.318,0.0013949
21.617,1179.2,-248.22,294.36,0.084513,6812.7,158.22,-3.05E-05,-2.8605,1.7918,-57.488,0.0018715
21.667,1166.8,-249.04,294.79,0.084646,6820.6,157.72,-3.05E-05,-3.1837,1.0504,-57.655,0.0016968
21.717,1154.3,-249.87,295.22,0.084785,6828.4,157.23,-3.05E-05,-3.3189,7.80E-02,-57.822,0.0011444
21.767,1141.8,-250.69,295.65,0.084924,6836.3,156.73,-3.04E-05,-3.1488,-0.94414,-57.987,5.59E-04
21.817,1129.2,-251.5,296.08,0.085058,6844.1,156.24,-3.04E-05,-2.4986,-2.1013,-58.151,2.30E-04
21.867,1116.6,-252.31,296.51,0.085185,6851.9,155.74,-3.04E-05,0,0.00E+00,-58.315,5.32E-04
21.917,1104,-253.12,296.94,0.085308,6859.7,155.25,-3.04E-05,0,0.00E+00,-58.478,7.93E-04
21.967,1091.3,-253.92,297.36,0.08543,6867.4,154.76,-3.04E-05,-2.9785,1.2606,-58.64,0.0013779
22.017,1078.6,-254.72,297.79,0.085557,6875.2,154.27,-3.05E-05,-2.8253,1.5156,-58.801,0.0019868
22.067,1065.8,-255.51,298.22,0.085692,6882.9,153.78,-3.05E-05,-3.0175,1.0084,-58.96,0.0013429
22.117,1053,-256.3,298.64,0.08583,6890.5,153.29,-3.04E-05,-3.1368,-0.34053,-59.119,2.45E-04
22.167,1040.2,-257.09,299.07,0.085961,6898.2,152.8,-3.04E-05,-2.6491,-1.6783,-59.276,-4.89E-04
22.217,1027.3,-257.87,299.49,0.086078,6905.8,152.31,-3.05E-05,-2.3374,-2.0744,-59.433,-7.62E-05
22.267,1014.4,-258.65,299.91,0.086187,6913.4,151.82,-3.05E-05,-3.0987,-0.32792,-59.589,0.0015544
22.317,1001.5,-259.42,300.33,0.086303,6921,151.33,-3.05E-05,-3.0082,0.75165,-59.744,0.0028121
22.367,988.48,-260.19,300.76,0.086435,6928.5,150.85,-3.05E-05,-2.9725,0.78707,-59.898,0.002643
22.417,975.45,-260.96,301.17,0.086581,6936.1,150.36,-3.05E-05,-3.0371,0.20263,-60.051,0.0015133
22.467,962.38,-261.72,301.59,0.08673,6943.6,149.87,-3.05E-05,-2.91,-0.80217,-60.203,-1.36E-04
22.517,949.28,-262.48,302.01,0.086867,6951.1,149.39,-3.05E-05,-2.197,-2.0531,-60.354,-0.0011265
22.567,936.13,-263.23,302.43,0.086986,6958.5,148.91,-3.05E-05,0,0,-60.505,-7.67E-04
22.617,922.95,-263.98,302.84,0.08709,6966,148.42,-3.05E-05,-2.7525,1.18E+00,-60.655,6.41E-04
22.667,909.74,-264.73,303.26,0.087194,6973.4,147.94,-3.05E-05,-2.6308,1.3755,-60.803,0.0018375
22.717,896.48,-265.47,303.67,0.087305,6980.7,147.46,-3.05E-05,-2.7485,1.0452,-60.951,0.0018642
22.767,883.19,-266.21,304.08,0.087425,6988.1,146.98,-3.05E-05,-2.8975,-3.44E-01,-61.097,9.37E-04
22.817,869.86,-266.94,304.5,0.087544,6995.4,146.5,-3.05E-05,-2.1279,-1.9667,-61.243,-3.61E-04
22.867,856.49,-267.67,304.91,0.087651,7002.8,146.02,-3.05E-05,-1.964,-2.1225,-61.388,-0.0010016
22.917,843.09,-268.4,305.32,0.087743,7010,145.54,-3.05E-05,-2.8627,-0.32657,-61.532,-3.29E-04
22.967,829.66,-269.12,305.72,0.087825,7017.3,145.06,-3.05E-05,-2.6255,1.1275,-61.676,0.0012884
23.017,816.18,-269.84,306.13,0.087912,7024.6,144.58,-3.05E-05,-2.5215,1.32,-61.819,0.0023937
23.067,802.67,-270.55,306.53,0.088014,7031.8,144.1,-3.05E-05,-2.7095,0.79568,-61.96,0.002379
23.117,789.13,-271.26,306.94,0.088128,7039,143.63,-3.05E-05,-2.7106,-0.70616,-62.1,0.001555
23.167,775.55,-271.97,307.34,0.088247,7046.1,143.15,-3.05E-05,-1.9209,-2.0122,-62.24,-4.91E-05
23.217,761.93,-272.67,307.74,0.088357,7053.3,142.68,-3.05E-05,-2.1557,-1.7512,-62.379,-9.54E-04
23.267,748.28,-273.37,308.14,0.088452,7060.4,142.2,-3.05E-05,-2.7249,0.45015,-62.518,-1.96E-04
23.317,734.59,-274.06,308.54,0.088539,7067.5,141.73,-3.05E-05,-2.4076,1.3154,-62.656,0.0017252
23.367,720.87,-274.75,308.94,0.088634,7074.6,141.26,-3.04E-05,-2.366,1.3468,-62.793,0.002609
23.417,707.12,-275.44,309.33,0.088745,7081.6,140.79,-3.04E-05,-2.5332,0.94338,-62.928,0.0017823
23.467,693.33,-276.12,309.73,0.088862,7088.7,140.31,-3.04E-05,0,0,-63.063,-3.09E-04
23.517,679.51,-276.8,310.12,0.088968,7095.7,139.84,-3.04E-05,-1.8613,-1.9279,-63.197,-0.0016161
23.567,665.65,-277.48,310.51,0.089054,7102.6,139.38,-3.04E-05,-2.0924,-1.6548,-63.331,-0.001349
23.617,651.76,-278.15,310.91,0.089122,7109.6,138.91,-3.04E-05,-2.5435,-7.43E-01,-63.464,5.66E-04
23.667,637.83,-278.82,311.29,0.08919,7116.5,138.44,-3.04E-05,-2.5905,0.46148,-63.596,0.0024153
23.717,623.88,-279.48,311.68,0.089272,7123.4,137.97,-3.04E-05,-2.4262,0.9766,-63.728,0.0027585
23.767,609.89,-280.14,312.07,0.08937,7130.3,137.5,-3.05E-05,-2.5274,0.58602,-63.858,0.0014365
23.817,595.86,-280.8,312.45,0.089472,7137.2,137.04,-3.05E-05,-2.4034,-0.93832,-63.986,-9.72E-04
23.867,581.81,-281.45,312.84,0.089559,7144,136.57,-3.05E-05,-2.16E+00,-1.3943,-64.115,-0.002096
23.917,567.72,-282.1,313.22,0.089624,7150.8,136.11,-3.05E-05,-2.4029,-0.88564,-64.243,-0.0012381
23.967,553.6,-282.74,313.6,0.089674,7157.6,135.65,-3.05E-05,-2.5385,6.64E-02,-64.371,3.92E-04
24.017,539.44,-283.38,313.98,0.089723,7164.4,135.19,-3.05E-05,-2.255,1.1458,-64.498,0.001636
24.067,525.26,-284.02,314.35,0.089783,7171.2,134.72,-3.05E-05,-2.3064,0.98779,-64.624,0.0022832
24.117,511.04,-284.65,314.73,0.089858,7177.9,134.26,-3.05E-05,-2.4742,-0.29784,-64.749,0.0019296
24.167,496.79,-285.28,315.1,0.089942,7184.6,133.8,-3.05E-05,-1.7865,-1.71E+00,-64.873,6.55E-04
24.217,482.51,-285.91,315.47,0.090024,7191.3,133.34,-3.05E-05,-1.1585,-2.1711,-64.997,-0.001268
24.267,468.2,-286.53,315.84,0.090089,7197.9,132.89,-3.05E-05,-1.982,-1.4575,-65.12,-0.0020224
24.317,453.86,-287.15,316.21,0.090132,7204.6,132.43,-3.04E-05,-2.3424,0.71407,-65.242,-0.0010731
24.367,439.49,-287.76,316.58,0.090164,7211.2,131.97,-3.04E-05,-2.0799,1.2596,-65.364,5.91E-04
24.417,425.08,-288.37,316.95,0.090198,7217.7,131.52,-3.04E-05,-2.0268,1.3077,-65.485,0.0020923
24.467,410.65,-288.98,317.31,0.090246,7224.3,131.06,-3.04E-05,-2.3297,0.54089,-65.606,0.002298
24.517,396.19,-289.58,317.67,0.090308,7230.9,130.61,-3.05E-05,-1.8773,-1.44E+00,-65.725,8.38E-04
24.567,381.69,-290.18,318.04,0.090372,7237.4,130.15,-3.05E-05,-0.71797,-2.2509,-65.843,-0.0011965
24.617,367.17,-290.78,318.39,0.090423,7243.9,129.7,-3.05E-05,-1.5475,-1.7845,-65.961,-0.0021672
24.667,352.61,-291.37,318.75,0.090453,7250.3,129.25,-3.05E-05,-2.0281,1.1815,-66.079,-9.64E-04
24.717,338.03,-291.96,319.11,0.090473,7256.8,128.8,-3.05E-05,-1.8839,1.3786,-66.196,0.0010481
24.767,323.42,-292.54,319.46,0.0905,7263.2,128.35,-3.05E-05,-2.1913,0.75318,-66.312,0.0021442
24.817,308.78,-293.13,319.82,0.090541,7269.6,127.9,-3.05E-05,-2.1589,-0.78001,-66.428,0.0013765
24.867,294.11,-293.7,320.17,0.09059,7276,127.45,-3.04E-05,-1.2582,-1.9081,-66.542,-2.85E-04
24.917,279.41,-294.28,320.52,0.090632,7282.4,127.01,-3.04E-05,-1.3779,-1.8136,-66.656,-0.0013972
24.967,264.68,-294.85,320.86,0.090661,7288.7,126.56,-3.04E-05,-2.2586,-0.17542,-66.769,-0.0010497
25.017,249.92,-295.41,321.21,0.090679,7295,126.12,-3.04E-05,-1.4755,1.696,-66.882,1.42E-04
25.067,235.14,-295.98,321.55,0.090695,7301.3,125.67,-3.04E-05,-1.2427,1.8604,-66.995,0.0010764
25.117,220.32,-296.54,321.9,0.090718,7307.6,125.23,-3.04E-05,-1.7915,1.3283,-67.107,0.0010012
25.167,205.48,-297.09,322.24,0.090747,7313.8,124.78,-3.04E-05,-2.2165,3.68E-02,-67.218,3.53E-04
25.217,190.61,-297.65,322.57,0.090776,7320.1,124.34,-3.05E-05,-1.956,-1.0057,-67.328,-3.11E-05
25.267,175.72,-298.2,322.91,0.090803,7326.3,123.9,-3.05E-05,-1.8931,-1.0793,-67.437,6.41E-06
25.317,160.79,-298.74,323.25,0.090827,7332.5,123.46,-3.05E-05,0,0,-67.546,-2.31E-04
25.367,145.84,-299.28,323.58,0.090848,7338.6,123.02,-3.05E-05,-1.1319,1.848,-67.655,-1.42E-04
25.417,130.87,-299.82,323.91,0.090865,7344.8,122.58,-3.05E-05,-1.1696,1.80E+00,-67.764,4.29E-04
25.467,115.86,-300.36,324.24,0.090884,7350.9,122.15,-3.05E-05,-1.7802,1.19E+00,-67.871,7.91E-04
25.517,100.83,-300.89,324.57,0.090908,7357,121.71,-3.05E-05,-1.9533,-8.50E-01,-67.977,3.20E-04
25.567,85.774,-301.42,324.9,0.090933,7363.1,121.28,-3.05E-05,-1.579,-1.4115,-68.083,-3.00E-04
25.617,70.69,-301.94,325.22,0.090952,7369.1,120.84,-3.05E-05,-1.5103,-1.4569,-68.188,-2.61E-04
25.667,55.58,-302.46,325.55,0.090969,7375.1,120.41,-3.05E-05,0,0,-68.293,7.59E-04
25.717,40.444,-302.98,325.87,0.090991,7381.2,119.98,-3.05E-05,-0.29517,2.0598,-68.398,0.0013177
25.767,25.282,-303.49,326.19,0.091021,7387.1,119.54,-3.05E-05,-0.73616,1.942,-68.502,0.0010385
25.817,10.095,-304,326.5,0.091056,7393.1,119.11,-3.05E-05,-1.649,1.24E+00,-68.605,1.49E-04
